{
  "type": "FeatureCollection",
  "features": [
    {
      "type": "Feature",
      "geometry": {
        "type": "LineString",
        "coordinates": [
          [
            113.3159165,
            23.1234679
          ],
          [
            113.3160346,
            23.1234614
          ],
          [
            113.3161466,
            23.1234553
          ],
          [
            113.3163749,
            23.1234378
          ],
          [
            113.3164281,
            23.1234335
          ],
          [
            113.3166502,
            23.1234154
          ]
        ]
      },
      "properties": {
        "id": "w29142233",
        "nodes": [
          4457608730,
          12728511015,
          4457677567,
          12728511067,
          12728511069,
          6453866422
        ],
        "highway": "tertiary",
        "name": "华成路",
        "name:en": "Huacheng Road",
        "name:zh": "华成路"
      }
    },
    {
      "type": "Feature",
      "geometry": {
        "type": "LineString",
        "coordinates": [
          [
            113.3157016,
            23.1210389
          ],
          [
            113.315608,
            23.1210413
          ],
          [
            113.3146579,
            23.1210662
          ],
          [
            113.3138637,
            23.1210869
          ],
          [
            113.3130659,
            23.1211078
          ],
          [
            113.3130181,
            23.121109
          ]
        ]
      },
      "properties": {
        "id": "w184740438",
        "nodes": [
          1952513889,
          12716683070,
          5021418972,
          6875261761,
          12718250101,
          4418948272
        ],
        "highway": "unclassified",
        "name": "华政街",
        "name:en": "Huazheng Street",
        "name:zh": "华政街"
      }
    },
    {
      "type": "Feature",
      "geometry": {
        "type": "LineString",
        "coordinates": [
          [
            113.3130729,
            23.1223637
          ],
          [
            113.3129847,
            23.1223685
          ]
        ]
      },
      "properties": {
        "id": "w199898039",
        "nodes": [
          4418948288,
          4575367456
        ],
        "bicycle": "no",
        "foot": "no",
        "highway": "primary",
        "horse": "no",
        "name": "花城大道",
        "name:en": "Huacheng Avenue",
        "name:zh": "花城大道",
        "oneway": "yes"
      }
    },
    {
      "type": "Feature",
      "geometry": {
        "type": "LineString",
        "coordinates": [
          [
            113.3157358,
            23.1226265
          ],
          [
            113.3156895,
            23.1224924
          ],
          [
            113.3156488,
            23.1224083
          ],
          [
            113.3156028,
            23.1223546
          ],
          [
            113.3155578,
            23.1223184
          ],
          [
            113.3155505,
            23.1223125
          ],
          [
            113.3154793,
            23.1222663
          ],
          [
            113.3154158,
            23.1222316
          ],
          [
            113.3153469,
            23.1222065
          ],
          [
            113.3152621,
            23.1221801
          ]
        ]
      },
      "properties": {
        "id": "w199898409",
        "nodes": [
          2098843817,
          2098843815,
          2551976764,
          2098843821,
          6750842703,
          2098843818,
          2551976825,
          2098843819,
          2098843807,
          4457679260
        ],
        "highway": "secondary_link",
        "oneway": "yes"
      }
    },
    {
      "type": "Feature",
      "geometry": {
        "type": "LineString",
        "coordinates": [
          [
            113.3150843,
            23.1219391
          ],
          [
            113.3152684,
            23.1218877
          ],
          [
            113.3154033,
            23.1218378
          ],
          [
            113.3155299,
            23.1217532
          ],
          [
            113.3155929,
            23.1216909
          ],
          [
            113.3156626,
            23.121555
          ],
          [
            113.3157175,
            23.121395
          ]
        ]
      },
      "properties": {
        "id": "w199898412",
        "nodes": [
          4739868627,
          2098843814,
          2098843811,
          2098843820,
          2098843813,
          2098843810,
          4739868628
        ],
        "highway": "secondary_link",
        "name": "花城大道",
        "name:en": "Huacheng Avenue",
        "name:zh": "花城大道",
        "oneway": "yes"
      }
    },
    {
      "type": "Feature",
      "geometry": {
        "type": "LineString",
        "coordinates": [
          [
            113.3129654,
            23.1220725
          ],
          [
            113.3130492,
            23.1220664
          ]
        ]
      },
      "properties": {
        "id": "w233525478",
        "nodes": [
          4419070748,
          4575302669
        ],
        "bicycle": "no",
        "foot": "no",
        "highway": "primary",
        "horse": "no",
        "lanes": "3",
        "name": "花城大道",
        "name:en": "Huacheng Avenue",
        "name:zh": "花城大道",
        "oneway": "yes"
      }
    },
    {
      "type": "Feature",
      "geometry": {
        "type": "LineString",
        "coordinates": [
          [
            113.3158844,
            23.1213871
          ],
          [
            113.3159071,
            23.1214658
          ],
          [
            113.315923,
            23.1215156
          ],
          [
            113.3159498,
            23.1215674
          ],
          [
            113.3159793,
            23.1216118
          ],
          [
            113.3160068,
            23.1216513
          ],
          [
            113.3160368,
            23.121691
          ],
          [
            113.3160692,
            23.1217279
          ],
          [
            113.3161136,
            23.1217667
          ],
          [
            113.3161616,
            23.1217997
          ],
          [
            113.3162232,
            23.1218309
          ],
          [
            113.3162954,
            23.1218636
          ],
          [
            113.3163731,
            23.1218956
          ]
        ]
      },
      "properties": {
        "id": "w248407674",
        "nodes": [
          5117881024,
          2551976671,
          2551976704,
          2551976669,
          2551976608,
          2551976725,
          2551976633,
          2551976690,
          2551976640,
          2551976659,
          2551976733,
          4416227860,
          2551976658
        ],
        "highway": "secondary_link",
        "oneway": "yes"
      }
    },
    {
      "type": "Feature",
      "geometry": {
        "type": "LineString",
        "coordinates": [
          [
            113.3163536,
            23.122121
          ],
          [
            113.3162352,
            23.1221629
          ],
          [
            113.3161885,
            23.1221866
          ],
          [
            113.3161295,
            23.1222285
          ],
          [
            113.3160897,
            23.122267
          ],
          [
            113.3160785,
            23.1222778
          ],
          [
            113.3160329,
            23.1223272
          ],
          [
            113.3159891,
            23.1223771
          ],
          [
            113.3159498,
            23.1224332
          ],
          [
            113.3159278,
            23.1224906
          ],
          [
            113.3159032,
            23.1226103
          ]
        ]
      },
      "properties": {
        "id": "w248407676",
        "nodes": [
          4457649171,
          2551976823,
          2551976617,
          2551976666,
          6750842705,
          2551976755,
          2551976657,
          2551976837,
          2551976739,
          2551976732,
          2551976630
        ],
        "highway": "secondary_link",
        "oneway": "yes"
      }
    },
    {
      "type": "Feature",
      "geometry": {
        "type": "LineString",
        "coordinates": [
          [
            113.3175497,
            23.1219167
          ],
          [
            113.3160053,
            23.1220767
          ],
          [
            113.3158931,
            23.1220911
          ]
        ]
      },
      "properties": {
        "id": "w248407677",
        "nodes": [
          2551976692,
          2551976624,
          4539469296
        ],
        "bicycle": "no",
        "foot": "no",
        "highway": "primary",
        "horse": "no",
        "name": "花城大道",
        "name:en": "Huacheng Avenue",
        "name:zh": "花城大道",
        "oneway": "yes"
      }
    },
    {
      "type": "Feature",
      "geometry": {
        "type": "LineString",
        "coordinates": [
          [
            113.3176687,
            23.122556
          ],
          [
            113.3176708,
            23.1223155
          ],
          [
            113.3176655,
            23.1222637
          ],
          [
            113.3176475,
            23.1222186
          ],
          [
            113.3176323,
            23.1221952
          ],
          [
            113.3176234,
            23.1221816
          ],
          [
            113.3175858,
            23.1221397
          ],
          [
            113.3175495,
            23.1221107
          ],
          [
            113.317515,
            23.1220854
          ],
          [
            113.3174785,
            23.1220632
          ],
          [
            113.3174115,
            23.122046
          ]
        ]
      },
      "properties": {
        "id": "w248407678",
        "nodes": [
          4457679259,
          2551976625,
          2551976839,
          2551976700,
          12723135222,
          2551976628,
          2551976618,
          2551976611,
          2551976650,
          2551976849,
          4416227874
        ],
        "highway": "secondary_link",
        "oneway": "yes"
      }
    },
    {
      "type": "Feature",
      "geometry": {
        "type": "LineString",
        "coordinates": [
          [
            113.3175461,
            23.1217984
          ],
          [
            113.3208175,
            23.1215281
          ]
        ]
      },
      "properties": {
        "id": "w248407682",
        "nodes": [
          2551976721,
          2551976629
        ],
        "bicycle": "no",
        "foot": "no",
        "highway": "primary",
        "horse": "no",
        "lanes": "3",
        "layer": "-1",
        "name": "CBD隧道",
        "name:en": "CBD Tunnel",
        "name:zh": "CBD隧道",
        "oneway": "yes",
        "sidewalk": "no",
        "tunnel": "yes"
      }
    },
    {
      "type": "Feature",
      "geometry": {
        "type": "LineString",
        "coordinates": [
          [
            113.3208302,
            23.1216448
          ],
          [
            113.3175497,
            23.1219167
          ]
        ]
      },
      "properties": {
        "id": "w248407685",
        "nodes": [
          2551976815,
          2551976692
        ],
        "bicycle": "no",
        "foot": "no",
        "highway": "primary",
        "horse": "no",
        "lanes": "3",
        "layer": "-1",
        "name": "CBD隧道",
        "name:en": "CBD Tunnel",
        "name:zh": "CBD隧道",
        "oneway": "yes",
        "sidewalk": "no",
        "tunnel": "yes"
      }
    },
    {
      "type": "Feature",
      "geometry": {
        "type": "LineString",
        "coordinates": [
          [
            113.3196617,
            23.1210829
          ],
          [
            113.3194427,
            23.1210829
          ]
        ]
      },
      "properties": {
        "id": "w299795142",
        "nodes": [
          3038762910,
          3038762909
        ],
        "highway": "footway"
      }
    },
    {
      "type": "Feature",
      "geometry": {
        "type": "LineString",
        "coordinates": [
          [
            113.3187377,
            23.1210972
          ],
          [
            113.3189168,
            23.1211008
          ]
        ]
      },
      "properties": {
        "id": "w299795151",
        "nodes": [
          3038762911,
          3038762912
        ],
        "highway": "footway"
      }
    },
    {
      "type": "Feature",
      "geometry": {
        "type": "LineString",
        "coordinates": [
          [
            113.3184374,
            23.1238877
          ],
          [
            113.3183518,
            23.1238767
          ],
          [
            113.3176176,
            23.1237822
          ]
        ]
      },
      "properties": {
        "id": "w299795174",
        "nodes": [
          3038774585,
          12326900078,
          12723135174
        ],
        "highway": "footway"
      }
    },
    {
      "type": "Feature",
      "geometry": {
        "type": "LineString",
        "coordinates": [
          [
            113.3185525,
            23.1212655
          ],
          [
            113.3185882,
            23.1211936
          ]
        ]
      },
      "properties": {
        "id": "w299795186",
        "nodes": [
          3038762929,
          3038762923
        ],
        "highway": "footway"
      }
    },
    {
      "type": "Feature",
      "geometry": {
        "type": "LineString",
        "coordinates": [
          [
            113.3187821,
            23.1216651
          ],
          [
            113.318768,
            23.1216315
          ],
          [
            113.3186632,
            23.1214244
          ],
          [
            113.3185525,
            23.1212655
          ],
          [
            113.3184873,
            23.1211918
          ],
          [
            113.3184271,
            23.121149
          ],
          [
            113.3184154,
            23.1211043
          ],
          [
            113.3184387,
            23.1210579
          ],
          [
            113.3184737,
            23.1210204
          ],
          [
            113.3185397,
            23.1209812
          ],
          [
            113.3185921,
            23.1209704
          ],
          [
            113.318662,
            23.1209651
          ],
          [
            113.3187066,
            23.1209847
          ],
          [
            113.3187396,
            23.1210276
          ],
          [
            113.3187377,
            23.1210972
          ],
          [
            113.3187047,
            23.1211329
          ],
          [
            113.3186367,
            23.1211704
          ],
          [
            113.3185882,
            23.1211936
          ],
          [
            113.3185377,
            23.1212007
          ],
          [
            113.3184873,
            23.1211918
          ]
        ]
      },
      "properties": {
        "id": "w299795189",
        "nodes": [
          3038774549,
          3038774541,
          3038774534,
          3038762929,
          3038762922,
          3038762918,
          3038762914,
          3038762908,
          3038762904,
          3038762900,
          3038762898,
          3038762897,
          3038762902,
          3038762905,
          3038762911,
          3038762916,
          3038762920,
          3038762923,
          3038762926,
          3038762922
        ],
        "highway": "footway"
      }
    },
    {
      "type": "Feature",
      "geometry": {
        "type": "LineString",
        "coordinates": [
          [
            113.3193886,
            23.1283419
          ],
          [
            113.3194512,
            23.1279843
          ],
          [
            113.3194802,
            23.1278695
          ],
          [
            113.3194876,
            23.1278402
          ],
          [
            113.3195422,
            23.127632
          ],
          [
            113.3196427,
            23.1272047
          ],
          [
            113.3196833,
            23.1269966
          ],
          [
            113.3196958,
            23.1269466
          ],
          [
            113.3197597,
            23.1266158
          ],
          [
            113.3197831,
            23.1264948
          ],
          [
            113.3198096,
            23.126289
          ],
          [
            113.3198267,
            23.1260239
          ],
          [
            113.3198267,
            23.1259111
          ],
          [
            113.3198267,
            23.1258059
          ],
          [
            113.3198058,
            23.1255861
          ],
          [
            113.3197243,
            23.1251448
          ],
          [
            113.3196579,
            23.1248448
          ],
          [
            113.3196007,
            23.124613
          ],
          [
            113.3195783,
            23.1245221
          ],
          [
            113.3195081,
            23.1242134
          ],
          [
            113.3195009,
            23.124173
          ],
          [
            113.3194474,
            23.1238715
          ],
          [
            113.3194,
            23.1235698
          ],
          [
            113.3193636,
            23.1233219
          ],
          [
            113.3193544,
            23.1230683
          ],
          [
            113.3193507,
            23.122968
          ],
          [
            113.3193512,
            23.1226933
          ],
          [
            113.3193772,
            23.1224029
          ],
          [
            113.3194343,
            23.1221092
          ]
        ]
      },
      "properties": {
        "id": "w299795193",
        "nodes": [
          3038774677,
          3038774674,
          12716426729,
          3038774668,
          3038774664,
          3038774657,
          3038774655,
          3038774651,
          3038774640,
          3038774639,
          3038774637,
          3038774623,
          3038774615,
          3038774612,
          3038774607,
          3038774604,
          3038774602,
          3038774599,
          3038774596,
          3038774593,
          3038774592,
          3038774584,
          3038774579,
          3038774576,
          5599782014,
          3038774573,
          3038774570,
          3038774567,
          3038774563
        ],
        "highway": "footway"
      }
    },
    {
      "type": "Feature",
      "geometry": {
        "type": "LineString",
        "coordinates": [
          [
            113.3191941,
            23.1283438
          ],
          [
            113.3191063,
            23.1279846
          ],
          [
            113.3190878,
            23.1279211
          ],
          [
            113.3190083,
            23.1276365
          ],
          [
            113.3189817,
            23.1275485
          ],
          [
            113.3188826,
            23.1272194
          ],
          [
            113.3188127,
            23.1269409
          ],
          [
            113.3187843,
            23.1268164
          ],
          [
            113.3187525,
            23.1266446
          ],
          [
            113.3186943,
            23.1263482
          ],
          [
            113.3186742,
            23.1262328
          ],
          [
            113.318671,
            23.1262143
          ],
          [
            113.3186593,
            23.1261126
          ],
          [
            113.3186574,
            23.1260019
          ],
          [
            113.318671,
            23.1258019
          ],
          [
            113.3186865,
            23.1255199
          ],
          [
            113.3187311,
            23.125211
          ],
          [
            113.3187816,
            23.1249379
          ],
          [
            113.3188399,
            23.1246183
          ],
          [
            113.3188494,
            23.1245622
          ],
          [
            113.3188854,
            23.1243521
          ],
          [
            113.3189,
            23.1242666
          ],
          [
            113.3189427,
            23.1240149
          ],
          [
            113.3189971,
            23.1236418
          ],
          [
            113.3190116,
            23.1235369
          ],
          [
            113.319032,
            23.1234061
          ],
          [
            113.3190595,
            23.1232442
          ],
          [
            113.3190689,
            23.1229705
          ],
          [
            113.3190533,
            23.1226961
          ],
          [
            113.3190223,
            23.122426
          ],
          [
            113.3189757,
            23.1222349
          ],
          [
            113.3189458,
            23.122113
          ]
        ]
      },
      "properties": {
        "id": "w299795195",
        "nodes": [
          3038774678,
          3038774675,
          3038774673,
          3038774665,
          3038774663,
          3038774658,
          3038774650,
          3038774646,
          3038774644,
          3038774638,
          3038774636,
          3038774635,
          3038774627,
          3038774619,
          3038774611,
          3038774606,
          3038774605,
          3038774603,
          3038774600,
          3038774598,
          3038774595,
          3038774594,
          3038774587,
          3038774581,
          3038774578,
          3038774577,
          3038774575,
          3038774574,
          3038774571,
          3038774568,
          3038774566,
          3038774564
        ],
        "highway": "footway"
      }
    },
    {
      "type": "Feature",
      "geometry": {
        "type": "LineString",
        "coordinates": [
          [
            113.3199759,
            23.1226749
          ],
          [
            113.3193512,
            23.1226933
          ],
          [
            113.3192231,
            23.1226945
          ],
          [
            113.3190533,
            23.1226961
          ],
          [
            113.3184659,
            23.1227062
          ],
          [
            113.3183544,
            23.1231893
          ],
          [
            113.3186283,
            23.1232446
          ],
          [
            113.3190595,
            23.1232442
          ]
        ]
      },
      "properties": {
        "id": "w299795198",
        "nodes": [
          5599782013,
          3038774570,
          5352227226,
          3038774571,
          5599782008,
          5599782009,
          5599782010,
          3038774575
        ],
        "highway": "footway"
      }
    },
    {
      "type": "Feature",
      "geometry": {
        "type": "LineString",
        "coordinates": [
          [
            113.3207176,
            23.1235977
          ],
          [
            113.3201618,
            23.1236799
          ],
          [
            113.3200699,
            23.1236387
          ],
          [
            113.3193636,
            23.1233219
          ],
          [
            113.3190116,
            23.1235369
          ],
          [
            113.3184374,
            23.1238877
          ]
        ]
      },
      "properties": {
        "id": "w299795205",
        "nodes": [
          12716426781,
          3038774582,
          12326900071,
          3038774576,
          3038774578,
          3038774585
        ],
        "highway": "footway"
      }
    },
    {
      "type": "Feature",
      "geometry": {
        "type": "LineString",
        "coordinates": [
          [
            113.3175501,
            23.1217037
          ],
          [
            113.3176633,
            23.1216875
          ],
          [
            113.3177534,
            23.1216664
          ],
          [
            113.3178747,
            23.1216163
          ],
          [
            113.3179389,
            23.1215653
          ],
          [
            113.3180779,
            23.1213709
          ]
        ]
      },
      "properties": {
        "id": "w299795207",
        "nodes": [
          2551976817,
          3038774552,
          4416428844,
          4416428845,
          3038774540,
          320769294
        ],
        "highway": "secondary_link",
        "oneway": "yes"
      }
    },
    {
      "type": "Feature",
      "geometry": {
        "type": "LineString",
        "coordinates": [
          [
            113.3182811,
            23.1217992
          ],
          [
            113.3185384,
            23.1217815
          ]
        ]
      },
      "properties": {
        "id": "w299862455",
        "nodes": [
          3038774555,
          3039484389
        ],
        "bridge": "yes",
        "highway": "steps"
      }
    },
    {
      "type": "Feature",
      "geometry": {
        "type": "LineString",
        "coordinates": [
          [
            113.3163731,
            23.1218956
          ],
          [
            113.3165413,
            23.1218349
          ],
          [
            113.3167281,
            23.1217811
          ],
          [
            113.3169484,
            23.1217545
          ],
          [
            113.3171894,
            23.1217341
          ],
          [
            113.317372,
            23.1217187
          ],
          [
            113.3175501,
            23.1217037
          ]
        ]
      },
      "properties": {
        "id": "w444126144",
        "nodes": [
          2551976658,
          4416227863,
          4416227858,
          5021426150,
          3039484388,
          13283034283,
          2551976817
        ],
        "highway": "secondary_link",
        "oneway": "yes"
      }
    },
    {
      "type": "Feature",
      "geometry": {
        "type": "LineString",
        "coordinates": [
          [
            113.3174115,
            23.122046
          ],
          [
            113.3163536,
            23.122121
          ]
        ]
      },
      "properties": {
        "id": "w444126145",
        "nodes": [
          4416227874,
          4457649171
        ],
        "highway": "secondary_link",
        "oneway": "yes"
      }
    },
    {
      "type": "Feature",
      "geometry": {
        "type": "LineString",
        "coordinates": [
          [
            113.3175501,
            23.1217037
          ],
          [
            113.3176097,
            23.1217146
          ],
          [
            113.3176413,
            23.1217259
          ],
          [
            113.317677,
            23.1217574
          ],
          [
            113.3177003,
            23.1218073
          ],
          [
            113.3177119,
            23.121861
          ],
          [
            113.3177038,
            23.1219276
          ],
          [
            113.3176636,
            23.1219843
          ],
          [
            113.3176126,
            23.1220164
          ],
          [
            113.3175509,
            23.1220336
          ],
          [
            113.3174115,
            23.122046
          ]
        ]
      },
      "properties": {
        "id": "w444126146",
        "nodes": [
          2551976817,
          4416227875,
          2551976798,
          2551976758,
          2551976776,
          2551976667,
          2551976830,
          2551976851,
          2551976843,
          2551976678,
          4416227874
        ],
        "bicycle": "no",
        "foot": "no",
        "highway": "secondary_link",
        "horse": "no",
        "oneway": "yes"
      }
    },
    {
      "type": "Feature",
      "geometry": {
        "type": "LineString",
        "coordinates": [
          [
            113.3157358,
            23.1226265
          ],
          [
            113.315769,
            23.1226034
          ],
          [
            113.315789,
            23.1225935
          ],
          [
            113.3158322,
            23.1225892
          ],
          [
            113.3158645,
            23.1225935
          ],
          [
            113.3159032,
            23.1226103
          ]
        ]
      },
      "properties": {
        "id": "w444126147",
        "nodes": [
          2098843817,
          4416227876,
          4416227877,
          4416227878,
          4416227879,
          2551976630
        ],
        "bicycle": "no",
        "foot": "no",
        "highway": "secondary_link",
        "horse": "no",
        "oneway": "yes"
      }
    },
    {
      "type": "Feature",
      "geometry": {
        "type": "LineString",
        "coordinates": [
          [
            113.3158844,
            23.1213871
          ],
          [
            113.3158629,
            23.1214131
          ],
          [
            113.3158398,
            23.1214301
          ],
          [
            113.3158075,
            23.12144
          ],
          [
            113.3157766,
            23.1214386
          ],
          [
            113.315752,
            23.1214273
          ],
          [
            113.3157175,
            23.121395
          ]
        ]
      },
      "properties": {
        "id": "w444126149",
        "nodes": [
          5117881024,
          4416227880,
          4416227881,
          4416227882,
          4416227883,
          4416227884,
          4739868628
        ],
        "bicycle": "no",
        "foot": "no",
        "highway": "secondary_link",
        "horse": "no",
        "oneway": "yes"
      }
    },
    {
      "type": "Feature",
      "geometry": {
        "type": "LineString",
        "coordinates": [
          [
            113.3180779,
            23.1213709
          ],
          [
            113.3182353,
            23.1211116
          ],
          [
            113.3183264,
            23.1209419
          ],
          [
            113.3183964,
            23.1207444
          ],
          [
            113.3185272,
            23.1203278
          ],
          [
            113.3186392,
            23.1199584
          ]
        ]
      },
      "properties": {
        "id": "w444149841",
        "nodes": [
          320769294,
          4416428846,
          4416428847,
          4416428848,
          4416428849,
          4416428850
        ],
        "highway": "secondary_link",
        "oneway": "yes"
      }
    },
    {
      "type": "Feature",
      "geometry": {
        "type": "LineString",
        "coordinates": [
          [
            113.3106035,
            23.1252294
          ],
          [
            113.3106021,
            23.1251862
          ],
          [
            113.3105967,
            23.1250865
          ],
          [
            113.3105945,
            23.1249682
          ],
          [
            113.310579,
            23.1241315
          ],
          [
            113.3105929,
            23.1240482
          ],
          [
            113.3106198,
            23.1240108
          ],
          [
            113.3106403,
            23.1239823
          ],
          [
            113.3107378,
            23.1239224
          ],
          [
            113.3108322,
            23.123883
          ],
          [
            113.3117554,
            23.1238205
          ],
          [
            113.3128575,
            23.123746
          ],
          [
            113.3130582,
            23.1237324
          ],
          [
            113.3130855,
            23.1237306
          ],
          [
            113.3130906,
            23.1237303
          ],
          [
            113.3131435,
            23.1237265
          ],
          [
            113.3133229,
            23.1237123
          ],
          [
            113.3137514,
            23.1236793
          ],
          [
            113.3138383,
            23.1236726
          ],
          [
            113.3139256,
            23.1236659
          ],
          [
            113.3140203,
            23.1236586
          ],
          [
            113.3144595,
            23.1236227
          ],
          [
            113.3155811,
            23.1235342
          ],
          [
            113.3157378,
            23.1235218
          ]
        ]
      },
      "properties": {
        "id": "w444418076",
        "nodes": [
          320577232,
          8401668712,
          320574341,
          6909039307,
          320574342,
          6909018843,
          6909039331,
          320577234,
          320577236,
          320574343,
          5070078282,
          12728510949,
          320574815,
          12728511264,
          12728511263,
          4418968018,
          12728510952,
          12728510981,
          12728510971,
          12728510983,
          12728510969,
          12728510965,
          12728510994,
          320574345
        ],
        "highway": "unclassified",
        "name": "华成路",
        "name:en": "Huacheng Road",
        "name:zh": "华成路"
      }
    },
    {
      "type": "Feature",
      "geometry": {
        "type": "LineString",
        "coordinates": [
          [
            113.3175381,
            23.1236095
          ],
          [
            113.3175201,
            23.1235461
          ],
          [
            113.3175034,
            23.1235161
          ],
          [
            113.3174711,
            23.1234797
          ],
          [
            113.3174074,
            23.1234228
          ],
          [
            113.3173704,
            23.1233941
          ],
          [
            113.3173085,
            23.1233612
          ]
        ]
      },
      "properties": {
        "id": "w444418079",
        "nodes": [
          299851787,
          6796956719,
          6796956716,
          4418968021,
          4418968022,
          4418968023,
          4418968024
        ],
        "highway": "tertiary_link",
        "oneway": "yes"
      }
    },
    {
      "type": "Feature",
      "geometry": {
        "type": "LineString",
        "coordinates": [
          [
            113.3173085,
            23.1233612
          ],
          [
            113.3174034,
            23.1233107
          ],
          [
            113.3174472,
            23.123281
          ],
          [
            113.3174849,
            23.1232444
          ],
          [
            113.317515,
            23.1232099
          ],
          [
            113.3175721,
            23.1231165
          ]
        ]
      },
      "properties": {
        "id": "w444418080",
        "nodes": [
          4418968024,
          6742425677,
          6796956717,
          4418968026,
          6796956718,
          4457679258
        ],
        "highway": "tertiary_link",
        "oneway": "yes"
      }
    },
    {
      "type": "Feature",
      "geometry": {
        "type": "LineString",
        "coordinates": [
          [
            113.3129654,
            23.1220725
          ],
          [
            113.3129555,
            23.1219316
          ],
          [
            113.3129333,
            23.1211128
          ]
        ]
      },
      "properties": {
        "id": "w444428461",
        "nodes": [
          4419070748,
          6742487500,
          4418968028
        ],
        "highway": "tertiary",
        "name": "华穗路",
        "name:en": "Huasui Road",
        "name:zh": "华穗路",
        "oneway": "yes",
        "oneway:bicycle": "no"
      }
    },
    {
      "type": "Feature",
      "geometry": {
        "type": "LineString",
        "coordinates": [
          [
            113.3130729,
            23.1223637
          ],
          [
            113.313083,
            23.122494
          ],
          [
            113.3130954,
            23.1227096
          ],
          [
            113.3131154,
            23.1231071
          ],
          [
            113.3131243,
            23.1232849
          ],
          [
            113.3131374,
            23.1235665
          ],
          [
            113.3131385,
            23.1235895
          ],
          [
            113.3131422,
            23.1236915
          ],
          [
            113.3131435,
            23.1237265
          ],
          [
            113.3131448,
            23.1237633
          ],
          [
            113.3131497,
            23.123897
          ],
          [
            113.3131515,
            23.1239453
          ],
          [
            113.3131622,
            23.1244415
          ],
          [
            113.3131675,
            23.1249009
          ],
          [
            113.3131678,
            23.1249145
          ],
          [
            113.3131703,
            23.1250419
          ],
          [
            113.3131707,
            23.1250633
          ]
        ]
      },
      "properties": {
        "id": "w444433525",
        "nodes": [
          4418948288,
          6742477275,
          4418948389,
          12728510955,
          4418948406,
          12728510951,
          4418948390,
          12728511265,
          4418968018,
          12728511268,
          12728510948,
          4418948391,
          4418948392,
          4418948393,
          12728510921,
          12728511261,
          320574338
        ],
        "highway": "tertiary",
        "name": "华穗路",
        "name:en": "Huasui Road",
        "name:zh": "华穗路",
        "oneway": "yes"
      }
    },
    {
      "type": "Feature",
      "geometry": {
        "type": "LineString",
        "coordinates": [
          [
            113.3159032,
            23.1226103
          ],
          [
            113.3159635,
            23.1226791
          ],
          [
            113.3160041,
            23.1227303
          ],
          [
            113.3160229,
            23.1227611
          ],
          [
            113.3160269,
            23.1227969
          ],
          [
            113.3160252,
            23.1228869
          ]
        ]
      },
      "properties": {
        "id": "w448781892",
        "nodes": [
          2551976630,
          4457608722,
          4457608723,
          4457608724,
          4457608725,
          4457608726
        ],
        "highway": "service",
        "oneway": "yes",
        "service": "driveway"
      }
    },
    {
      "type": "Feature",
      "geometry": {
        "type": "LineString",
        "coordinates": [
          [
            113.3159032,
            23.1226103
          ],
          [
            113.3159059,
            23.1227863
          ],
          [
            113.3159076,
            23.1228955
          ],
          [
            113.3159165,
            23.1234679
          ]
        ]
      },
      "properties": {
        "id": "w448781893",
        "nodes": [
          2551976630,
          6072633533,
          13236395703,
          4457608730
        ],
        "highway": "secondary",
        "name": "华夏路",
        "name:en": "Huaxia Road",
        "name:zh": "华夏路",
        "name:zh-Latn-pinyin": "huá xià lù",
        "oneway": "yes"
      }
    },
    {
      "type": "Feature",
      "geometry": {
        "type": "LineString",
        "coordinates": [
          [
            113.3163536,
            23.122121
          ],
          [
            113.3160598,
            23.1221397
          ],
          [
            113.3158943,
            23.1221556
          ]
        ]
      },
      "properties": {
        "id": "w448786344",
        "nodes": [
          4457649171,
          2551976681,
          9123592556
        ],
        "bicycle": "no",
        "foot": "no",
        "highway": "secondary_link",
        "horse": "no",
        "oneway": "yes"
      }
    },
    {
      "type": "Feature",
      "geometry": {
        "type": "LineString",
        "coordinates": [
          [
            113.3160252,
            23.1228869
          ],
          [
            113.3160215,
            23.1229967
          ],
          [
            113.3160148,
            23.1230596
          ],
          [
            113.3159974,
            23.1231435
          ],
          [
            113.3159165,
            23.1234679
          ]
        ]
      },
      "properties": {
        "id": "w448786345",
        "nodes": [
          4457608726,
          4457608727,
          4457608728,
          4457608729,
          4457608730
        ],
        "highway": "service",
        "oneway": "yes",
        "service": "driveway"
      }
    },
    {
      "type": "Feature",
      "geometry": {
        "type": "LineString",
        "coordinates": [
          [
            113.3175721,
            23.1231165
          ],
          [
            113.3175939,
            23.12301
          ],
          [
            113.3176193,
            23.1228561
          ],
          [
            113.3176647,
            23.1225804
          ],
          [
            113.3176687,
            23.122556
          ]
        ]
      },
      "properties": {
        "id": "w448790072",
        "nodes": [
          4457679258,
          2551976616,
          13236395701,
          12723135229,
          4457679259
        ],
        "highway": "secondary",
        "name": "珠江西路",
        "name:en": "Zhujiang West Road",
        "name:zh": "珠江西路",
        "name:zh-Latn-pinyin": "zhū jiāng xī lù",
        "oneway": "yes"
      }
    },
    {
      "type": "Feature",
      "geometry": {
        "type": "LineString",
        "coordinates": [
          [
            113.3176687,
            23.122556
          ],
          [
            113.3176789,
            23.1225167
          ],
          [
            113.317705,
            23.1224096
          ],
          [
            113.3177644,
            23.1222227
          ],
          [
            113.3180779,
            23.1213709
          ]
        ]
      },
      "properties": {
        "id": "w448790073",
        "nodes": [
          4457679259,
          12716426798,
          2551976664,
          299851784,
          320769294
        ],
        "highway": "secondary",
        "name": "珠江西路",
        "name:en": "Zhujiang West Road",
        "name:zh": "珠江西路",
        "name:zh-Latn-pinyin": "zhū jiāng xī lù",
        "oneway": "yes"
      }
    },
    {
      "type": "Feature",
      "geometry": {
        "type": "LineString",
        "coordinates": [
          [
            113.3152621,
            23.1221801
          ],
          [
            113.3143592,
            23.1222558
          ],
          [
            113.3139234,
            23.1222924
          ],
          [
            113.3136276,
            23.1223172
          ],
          [
            113.3133801,
            23.122338
          ],
          [
            113.3130729,
            23.1223637
          ]
        ]
      },
      "properties": {
        "id": "w448790074",
        "nodes": [
          4457679260,
          12728510964,
          13236395707,
          6742487489,
          6742477276,
          4418948288
        ],
        "highway": "primary",
        "name": "花城大道",
        "name:en": "Huacheng Avenue",
        "name:zh": "花城大道",
        "oneway": "yes"
      }
    },
    {
      "type": "Feature",
      "geometry": {
        "type": "LineString",
        "coordinates": [
          [
            113.3108046,
            23.1222298
          ],
          [
            113.3110476,
            23.1222121
          ],
          [
            113.3111482,
            23.1222048
          ],
          [
            113.3118139,
            23.1221563
          ],
          [
            113.3125152,
            23.1221053
          ],
          [
            113.3126945,
            23.1220922
          ],
          [
            113.3129654,
            23.1220725
          ]
        ]
      },
      "properties": {
        "id": "w450614677",
        "nodes": [
          4690644205,
          6875261762,
          13236395706,
          13236395705,
          6742480737,
          6742487499,
          4419070748
        ],
        "highway": "primary",
        "name": "花城大道",
        "name:en": "Huacheng Avenue",
        "name:zh": "花城大道",
        "oneway": "yes"
      }
    },
    {
      "type": "Feature",
      "geometry": {
        "type": "LineString",
        "coordinates": [
          [
            113.3157379,
            23.1219144
          ],
          [
            113.3157308,
            23.1217271
          ],
          [
            113.3157175,
            23.121395
          ]
        ]
      },
      "properties": {
        "id": "w457885320",
        "nodes": [
          4539457219,
          9193190537,
          4739868628
        ],
        "bicycle": "no",
        "foot": "no",
        "highway": "secondary",
        "horse": "no",
        "name": "华夏路",
        "name:en": "Huaxia Road",
        "name:zh": "华夏路",
        "name:zh-Latn-pinyin": "huá xià lù",
        "oneway": "yes"
      }
    },
    {
      "type": "Feature",
      "geometry": {
        "type": "LineString",
        "coordinates": [
          [
            113.3157379,
            23.1219144
          ],
          [
            113.3158887,
            23.12191
          ]
        ]
      },
      "properties": {
        "id": "w457885321",
        "nodes": [
          4539457219,
          3663701895
        ],
        "bicycle": "no",
        "foot": "no",
        "highway": "primary",
        "horse": "no",
        "lanes": "3",
        "name": "花城大道",
        "name:en": "Huacheng Avenue",
        "name:zh": "花城大道",
        "oneway": "yes"
      }
    },
    {
      "type": "Feature",
      "geometry": {
        "type": "LineString",
        "coordinates": [
          [
            113.3158931,
            23.1220911
          ],
          [
            113.3158943,
            23.1221556
          ]
        ]
      },
      "properties": {
        "id": "w457886990",
        "nodes": [
          4539469296,
          9123592556
        ],
        "bicycle": "no",
        "foot": "no",
        "highway": "secondary",
        "horse": "no",
        "name": "华夏路",
        "name:en": "Huaxia Road",
        "name:zh": "华夏路",
        "name:zh-Latn-pinyin": "huá xià lù",
        "oneway": "yes"
      }
    },
    {
      "type": "Feature",
      "geometry": {
        "type": "LineString",
        "coordinates": [
          [
            113.3158931,
            23.1220911
          ],
          [
            113.3157381,
            23.1221158
          ]
        ]
      },
      "properties": {
        "id": "w457886991",
        "nodes": [
          4539469296,
          4416227872
        ],
        "bicycle": "no",
        "foot": "no",
        "highway": "primary",
        "horse": "no",
        "name": "花城大道",
        "name:en": "Huacheng Avenue",
        "name:zh": "花城大道",
        "oneway": "yes"
      }
    },
    {
      "type": "Feature",
      "geometry": {
        "type": "LineString",
        "coordinates": [
          [
            113.3130492,
            23.1220664
          ],
          [
            113.3133539,
            23.1220473
          ],
          [
            113.313592,
            23.1220324
          ],
          [
            113.3142047,
            23.1219941
          ],
          [
            113.3150843,
            23.1219391
          ]
        ]
      },
      "properties": {
        "id": "w462131778",
        "nodes": [
          4575302669,
          6742487488,
          6742487490,
          13236395708,
          4739868627
        ],
        "highway": "primary",
        "lanes": "3",
        "name": "花城大道",
        "name:en": "Huacheng Avenue",
        "name:zh": "花城大道",
        "oneway": "yes"
      }
    },
    {
      "type": "Feature",
      "geometry": {
        "type": "LineString",
        "coordinates": [
          [
            113.3130492,
            23.1220664
          ],
          [
            113.3130729,
            23.1223637
          ]
        ]
      },
      "properties": {
        "id": "w462131779",
        "nodes": [
          4575302669,
          4418948288
        ],
        "bicycle": "no",
        "foot": "no",
        "highway": "tertiary",
        "horse": "no",
        "name": "华穗路",
        "name:en": "Huasui Road",
        "name:zh": "华穗路",
        "oneway": "yes"
      }
    },
    {
      "type": "Feature",
      "geometry": {
        "type": "LineString",
        "coordinates": [
          [
            113.3131347,
            23.1266824
          ],
          [
            113.3131254,
            23.1264263
          ],
          [
            113.3131187,
            23.1262075
          ],
          [
            113.3131159,
            23.1261152
          ],
          [
            113.3131039,
            23.1257146
          ],
          [
            113.3130913,
            23.1252941
          ],
          [
            113.3130906,
            23.1252493
          ],
          [
            113.3130886,
            23.125108
          ],
          [
            113.313088,
            23.1250682
          ],
          [
            113.3130878,
            23.1250548
          ],
          [
            113.3130858,
            23.1249188
          ],
          [
            113.3130791,
            23.1244644
          ],
          [
            113.313076,
            23.1241992
          ],
          [
            113.3130677,
            23.1239007
          ],
          [
            113.3130594,
            23.1237537
          ],
          [
            113.3130582,
            23.1237324
          ],
          [
            113.3130572,
            23.1237149
          ],
          [
            113.3130491,
            23.1235735
          ],
          [
            113.3130453,
            23.1235078
          ],
          [
            113.3130235,
            23.1230562
          ],
          [
            113.3130062,
            23.1226987
          ],
          [
            113.3129952,
            23.1224981
          ],
          [
            113.3129847,
            23.1223685
          ]
        ]
      },
      "properties": {
        "id": "w462138645",
        "nodes": [
          4575367455,
          4418967998,
          12728504440,
          4418948408,
          6953311381,
          4418948407,
          12728510917,
          12728511260,
          4418968002,
          12728511257,
          12728510920,
          4418948404,
          4418948403,
          4418948405,
          12728511266,
          320574815,
          12728511267,
          12728510950,
          4418948402,
          5266078853,
          4418948279,
          6742477274,
          4575367456
        ],
        "highway": "tertiary",
        "name": "华穗路",
        "name:en": "Huasui Road",
        "name:zh": "华穗路",
        "oneway": "yes"
      }
    },
    {
      "type": "Feature",
      "geometry": {
        "type": "LineString",
        "coordinates": [
          [
            113.3129847,
            23.1223685
          ],
          [
            113.3129654,
            23.1220725
          ]
        ]
      },
      "properties": {
        "id": "w462138646",
        "nodes": [
          4575367456,
          4419070748
        ],
        "bicycle": "no",
        "foot": "no",
        "highway": "tertiary",
        "horse": "no",
        "name": "华穗路",
        "name:en": "Huasui Road",
        "name:zh": "华穗路",
        "oneway": "yes"
      }
    },
    {
      "type": "Feature",
      "geometry": {
        "type": "LineString",
        "coordinates": [
          [
            113.3176543,
            23.1249919
          ],
          [
            113.317642,
            23.1249008
          ],
          [
            113.3176256,
            23.12478
          ],
          [
            113.3176116,
            23.1246769
          ],
          [
            113.31758,
            23.1244396
          ],
          [
            113.3175667,
            23.1243402
          ],
          [
            113.317561,
            23.1242971
          ],
          [
            113.3175411,
            23.1240409
          ],
          [
            113.3175347,
            23.1237715
          ],
          [
            113.3175367,
            23.1236822
          ],
          [
            113.3175381,
            23.1236095
          ]
        ]
      },
      "properties": {
        "id": "w481045539",
        "nodes": [
          4739868622,
          12723135164,
          12723135161,
          4418968006,
          4418968017,
          12723135187,
          299851788,
          2551976861,
          3038774583,
          12723135223,
          299851787
        ],
        "highway": "secondary",
        "name": "珠江西路",
        "name:en": "Zhujiang West Road",
        "name:zh": "珠江西路",
        "name:zh-Latn-pinyin": "zhū jiāng xī lù",
        "oneway": "yes"
      }
    },
    {
      "type": "Feature",
      "geometry": {
        "type": "LineString",
        "coordinates": [
          [
            113.3157739,
            23.1248425
          ],
          [
            113.3157674,
            23.1246061
          ],
          [
            113.3157378,
            23.1235218
          ],
          [
            113.3157343,
            23.1228917
          ],
          [
            113.3157333,
            23.1227217
          ],
          [
            113.3157358,
            23.1226265
          ]
        ]
      },
      "properties": {
        "id": "w481045541",
        "nodes": [
          4739868623,
          12728511052,
          320574345,
          13236395702,
          4416227870,
          2098843817
        ],
        "highway": "secondary",
        "name": "华夏路",
        "name:en": "Huaxia Road",
        "name:zh": "华夏路",
        "name:zh-Latn-pinyin": "huá xià lù",
        "oneway": "yes"
      }
    },
    {
      "type": "Feature",
      "geometry": {
        "type": "LineString",
        "coordinates": [
          [
            113.3129847,
            23.1223685
          ],
          [
            113.3127188,
            23.1223828
          ],
          [
            113.312526,
            23.1223931
          ]
        ]
      },
      "properties": {
        "id": "w481045545",
        "nodes": [
          4575367456,
          6742487498,
          4416227839
        ],
        "highway": "primary",
        "name": "花城大道",
        "name:en": "Huacheng Avenue",
        "name:zh": "花城大道",
        "oneway": "yes"
      }
    },
    {
      "type": "Feature",
      "geometry": {
        "type": "LineString",
        "coordinates": [
          [
            113.3150843,
            23.1219391
          ],
          [
            113.3154895,
            23.1219235
          ],
          [
            113.3155994,
            23.1219193
          ],
          [
            113.3156214,
            23.1219185
          ],
          [
            113.3157379,
            23.1219144
          ]
        ]
      },
      "properties": {
        "id": "w481045546",
        "nodes": [
          4739868627,
          9292047766,
          9193190533,
          2551976703,
          4539457219
        ],
        "bicycle": "no",
        "foot": "no",
        "highway": "primary",
        "horse": "no",
        "lanes": "3",
        "name": "花城大道",
        "name:en": "Huacheng Avenue",
        "name:zh": "花城大道",
        "oneway": "yes"
      }
    },
    {
      "type": "Feature",
      "geometry": {
        "type": "LineString",
        "coordinates": [
          [
            113.3172169,
            23.1221248
          ],
          [
            113.318052,
            23.1220088
          ],
          [
            113.3182811,
            23.1217992
          ],
          [
            113.3181187,
            23.1216138
          ],
          [
            113.3176801,
            23.1215999
          ],
          [
            113.3172051,
            23.121639
          ]
        ]
      },
      "properties": {
        "id": "w503810994",
        "nodes": [
          4940664624,
          3038774562,
          3038774555,
          3038774544,
          5396109321,
          3038774542
        ],
        "bridge": "yes",
        "highway": "footway",
        "layer": "1"
      }
    },
    {
      "type": "Feature",
      "geometry": {
        "type": "LineString",
        "coordinates": [
          [
            113.3146388,
            23.1202861
          ],
          [
            113.3146407,
            23.1203626
          ],
          [
            113.3146579,
            23.1210662
          ]
        ]
      },
      "properties": {
        "id": "w513785001",
        "nodes": [
          5021418971,
          12728511224,
          5021418972
        ],
        "highway": "unclassified",
        "name": "华政直街",
        "name:en": "Huazheng Straight Street",
        "name:zh": "华政直街"
      }
    },
    {
      "type": "Feature",
      "geometry": {
        "type": "LineString",
        "coordinates": [
          [
            113.3169484,
            23.1217545
          ],
          [
            113.3169476,
            23.1217098
          ],
          [
            113.3169295,
            23.1207599
          ],
          [
            113.3169074,
            23.119596
          ],
          [
            113.3169054,
            23.1194909
          ]
        ]
      },
      "properties": {
        "id": "w513786153",
        "nodes": [
          5021426150,
          12716683065,
          5021426157,
          12723135311,
          5021426151
        ],
        "highway": "unclassified",
        "lanes": "2",
        "name": "珠江西四街",
        "name:zh": "珠江西四街",
        "oneway": "no"
      }
    },
    {
      "type": "Feature",
      "geometry": {
        "type": "LineString",
        "coordinates": [
          [
            113.3158713,
            23.1207695
          ],
          [
            113.3159594,
            23.1207687
          ],
          [
            113.316691,
            23.1207621
          ],
          [
            113.3168619,
            23.1207605
          ],
          [
            113.3169295,
            23.1207599
          ]
        ]
      },
      "properties": {
        "id": "w513786154",
        "nodes": [
          5021426156,
          12723135330,
          12723135316,
          12723135315,
          5021426157
        ],
        "highway": "service",
        "service": "alley"
      }
    },
    {
      "type": "Feature",
      "geometry": {
        "type": "LineString",
        "coordinates": [
          [
            113.3118298,
            23.1264002
          ],
          [
            113.3106592,
            23.1264672
          ],
          [
            113.3106134,
            23.1264414
          ],
          [
            113.3105727,
            23.1258623
          ],
          [
            113.3106275,
            23.1252296
          ],
          [
            113.3106265,
            23.1252122
          ],
          [
            113.3106021,
            23.1251862
          ],
          [
            113.310158,
            23.1251837
          ],
          [
            113.3100793,
            23.1230452
          ],
          [
            113.3100747,
            23.1229217
          ],
          [
            113.3101048,
            23.1228403
          ],
          [
            113.3101596,
            23.1227557
          ],
          [
            113.31028,
            23.1226629
          ],
          [
            113.3103454,
            23.1226434
          ],
          [
            113.3104924,
            23.1226312
          ],
          [
            113.3117434,
            23.1225278
          ]
        ]
      },
      "properties": {
        "id": "w519672268",
        "nodes": [
          12728504473,
          6953311379,
          8401668711,
          12728504477,
          8401668713,
          8401668709,
          8401668712,
          8401668708,
          2422459620,
          6909018866,
          6909018867,
          6909018868,
          6909018869,
          6909018870,
          6909018881,
          6909018872
        ],
        "footway": "sidewalk",
        "highway": "footway"
      }
    },
    {
      "type": "Feature",
      "geometry": {
        "type": "LineString",
        "coordinates": [
          [
            113.3118347,
            23.1255921
          ],
          [
            113.3118001,
            23.125159
          ],
          [
            113.3117554,
            23.1238205
          ]
        ]
      },
      "properties": {
        "id": "w520107251",
        "nodes": [
          6909039348,
          5070078281,
          5070078282
        ],
        "highway": "unclassified",
        "name": "华明直街"
      }
    },
    {
      "type": "Feature",
      "geometry": {
        "type": "LineString",
        "coordinates": [
          [
            113.3158442,
            23.1194861
          ],
          [
            113.3158562,
            23.120055
          ],
          [
            113.3158584,
            23.1201578
          ],
          [
            113.3158713,
            23.1207695
          ],
          [
            113.3158844,
            23.1213871
          ]
        ]
      },
      "properties": {
        "id": "w526242004",
        "nodes": [
          5117881023,
          9292047771,
          6742584982,
          5021426156,
          5117881024
        ],
        "highway": "secondary",
        "name": "华夏路",
        "name:en": "Huaxia Road",
        "name:zh": "华夏路",
        "name:zh-Latn-pinyin": "huá xià lù",
        "oneway": "yes"
      }
    },
    {
      "type": "Feature",
      "geometry": {
        "type": "LineString",
        "coordinates": [
          [
            113.3158844,
            23.1213871
          ],
          [
            113.3158867,
            23.1216449
          ],
          [
            113.3158905,
            23.1217248
          ],
          [
            113.3158887,
            23.12191
          ]
        ]
      },
      "properties": {
        "id": "w526242005",
        "nodes": [
          5117881024,
          9292047768,
          9193190538,
          3663701895
        ],
        "bicycle": "no",
        "foot": "no",
        "highway": "secondary",
        "horse": "no",
        "name": "华夏路",
        "name:en": "Huaxia Road",
        "name:zh": "华夏路",
        "name:zh-Latn-pinyin": "huá xià lù",
        "oneway": "yes"
      }
    },
    {
      "type": "Feature",
      "geometry": {
        "type": "LineString",
        "coordinates": [
          [
            113.3163731,
            23.1218956
          ],
          [
            113.3166775,
            23.1218761
          ],
          [
            113.3175461,
            23.1217984
          ]
        ]
      },
      "properties": {
        "id": "w526242006",
        "nodes": [
          2551976658,
          4416227859,
          2551976721
        ],
        "bicycle": "no",
        "foot": "no",
        "highway": "primary",
        "horse": "no",
        "lanes": "3",
        "name": "花城大道",
        "name:en": "Huacheng Avenue",
        "name:zh": "花城大道",
        "oneway": "yes"
      }
    },
    {
      "type": "Feature",
      "geometry": {
        "type": "LineString",
        "coordinates": [
          [
            113.3119983,
            23.1230998
          ],
          [
            113.3120008,
            23.1231242
          ],
          [
            113.3120056,
            23.1231708
          ],
          [
            113.3119877,
            23.1232403
          ],
          [
            113.3119465,
            23.1233007
          ],
          [
            113.3118864,
            23.1233458
          ],
          [
            113.3118137,
            23.1233708
          ],
          [
            113.3117443,
            23.1233804
          ],
          [
            113.3116603,
            23.1233513
          ],
          [
            113.3115963,
            23.1233079
          ],
          [
            113.3115514,
            23.1232477
          ],
          [
            113.3115306,
            23.1231772
          ],
          [
            113.3115333,
            23.1231415
          ],
          [
            113.3115361,
            23.1231043
          ],
          [
            113.3115673,
            23.1230371
          ],
          [
            113.3116208,
            23.1229831
          ],
          [
            113.3116907,
            23.1229482
          ],
          [
            113.3117533,
            23.1229389
          ],
          [
            113.3117691,
            23.1229365
          ],
          [
            113.3118456,
            23.1229485
          ],
          [
            113.3119138,
            23.1229824
          ],
          [
            113.3119666,
            23.1230347
          ],
          [
            113.3119983,
            23.1230998
          ]
        ]
      },
      "properties": {
        "id": "w544809832",
        "nodes": [
          5266078845,
          5266078852,
          5266078846,
          5266078847,
          5266078848,
          5266078849,
          5266078850,
          5266078832,
          5266078833,
          5266078834,
          5266078835,
          5266078840,
          6909039285,
          5266078841,
          5266078842,
          5266078843,
          5266078844,
          5266078836,
          6909039349,
          5266078837,
          5266078838,
          5266078839,
          5266078845
        ],
        "highway": "unclassified",
        "oneway": "yes"
      }
    },
    {
      "type": "Feature",
      "geometry": {
        "type": "LineString",
        "coordinates": [
          [
            113.3117554,
            23.1238205
          ],
          [
            113.3117443,
            23.1233804
          ]
        ]
      },
      "properties": {
        "id": "w544809833",
        "nodes": [
          5070078282,
          5266078832
        ],
        "highway": "unclassified",
        "name": "华明直街"
      }
    },
    {
      "type": "Feature",
      "geometry": {
        "type": "LineString",
        "coordinates": [
          [
            113.3117533,
            23.1229389
          ],
          [
            113.3117434,
            23.1225278
          ],
          [
            113.3117401,
            23.1224353
          ]
        ]
      },
      "properties": {
        "id": "w544809834",
        "nodes": [
          5266078836,
          6909018872,
          5266078851
        ],
        "highway": "unclassified",
        "name": "华明直街"
      }
    },
    {
      "type": "Feature",
      "geometry": {
        "type": "LineString",
        "coordinates": [
          [
            113.3120008,
            23.1231242
          ],
          [
            113.3129405,
            23.1230617
          ],
          [
            113.3130235,
            23.1230562
          ]
        ]
      },
      "properties": {
        "id": "w544809835",
        "nodes": [
          5266078852,
          6909039330,
          5266078853
        ],
        "highway": "unclassified"
      }
    },
    {
      "type": "Feature",
      "geometry": {
        "type": "LineString",
        "coordinates": [
          [
            113.3188205,
            23.1217566
          ],
          [
            113.3186558,
            23.1217755
          ],
          [
            113.3185384,
            23.1217815
          ]
        ]
      },
      "properties": {
        "id": "w554611941",
        "nodes": [
          10628488370,
          5352227009,
          3039484389
        ],
        "highway": "footway"
      }
    },
    {
      "type": "Feature",
      "geometry": {
        "type": "LineString",
        "coordinates": [
          [
            113.3193304,
            23.1215207
          ],
          [
            113.3193304,
            23.1214
          ]
        ]
      },
      "properties": {
        "id": "w554611944",
        "nodes": [
          5352227016,
          5352227015
        ],
        "conveying": "yes",
        "highway": "steps",
        "incline": "down"
      }
    },
    {
      "type": "Feature",
      "geometry": {
        "type": "LineString",
        "coordinates": [
          [
            113.3190407,
            23.121523
          ],
          [
            113.3190393,
            23.1214011
          ]
        ]
      },
      "properties": {
        "id": "w554611945",
        "nodes": [
          5352227018,
          5352227017
        ],
        "conveying": "yes",
        "highway": "steps",
        "incline": "down"
      }
    },
    {
      "type": "Feature",
      "geometry": {
        "type": "LineString",
        "coordinates": [
          [
            113.3191674,
            23.1206631
          ],
          [
            113.3191714,
            23.1209949
          ]
        ]
      },
      "properties": {
        "id": "w554611948",
        "nodes": [
          5352227020,
          5352227019
        ],
        "highway": "steps",
        "incline": "down"
      }
    },
    {
      "type": "Feature",
      "geometry": {
        "type": "LineString",
        "coordinates": [
          [
            113.3190164,
            23.1214012
          ],
          [
            113.3190393,
            23.1214011
          ],
          [
            113.3191024,
            23.1214009
          ],
          [
            113.3193304,
            23.1214
          ],
          [
            113.3193499,
            23.1214
          ],
          [
            113.319346,
            23.1209936
          ],
          [
            113.3191714,
            23.1209949
          ],
          [
            113.3190125,
            23.120996
          ],
          [
            113.3190164,
            23.1214012
          ]
        ]
      },
      "properties": {
        "id": "w554611949",
        "nodes": [
          5352227224,
          5352227017,
          5836499316,
          5352227015,
          5352227223,
          5352227222,
          5352227019,
          5352227221,
          5352227224
        ],
        "area": "yes",
        "highway": "pedestrian",
        "layer": "-1"
      }
    },
    {
      "type": "Feature",
      "geometry": {
        "type": "LineString",
        "coordinates": [
          [
            113.3192231,
            23.1226945
          ],
          [
            113.3192217,
            23.1224519
          ]
        ]
      },
      "properties": {
        "id": "w554611950",
        "nodes": [
          5352227226,
          5352227225
        ],
        "highway": "steps",
        "incline": "down"
      }
    },
    {
      "type": "Feature",
      "geometry": {
        "type": "LineString",
        "coordinates": [
          [
            113.3190608,
            23.1224489
          ],
          [
            113.3192217,
            23.1224519
          ],
          [
            113.3193263,
            23.1224539
          ],
          [
            113.3193491,
            23.122296
          ],
          [
            113.319384,
            23.1221096
          ],
          [
            113.3189911,
            23.1221126
          ],
          [
            113.319034,
            23.122296
          ],
          [
            113.3190608,
            23.1224489
          ]
        ]
      },
      "properties": {
        "id": "w554611951",
        "nodes": [
          5352227233,
          5352227225,
          5352227228,
          5352227229,
          5352227230,
          5352227231,
          5352227232,
          5352227233
        ],
        "area": "yes",
        "highway": "pedestrian",
        "layer": "-1"
      }
    },
    {
      "type": "Feature",
      "geometry": {
        "type": "LineString",
        "coordinates": [
          [
            113.3173658,
            23.122973
          ],
          [
            113.3177707,
            23.1231099
          ]
        ]
      },
      "properties": {
        "id": "w559470933",
        "nodes": [
          5396001464,
          5396001465
        ],
        "bridge": "yes",
        "footway": "sidewalk",
        "highway": "footway",
        "layer": "1"
      }
    },
    {
      "type": "Feature",
      "geometry": {
        "type": "LineString",
        "coordinates": [
          [
            113.317045,
            23.1232452
          ],
          [
            113.3170458,
            23.1235244
          ]
        ]
      },
      "properties": {
        "id": "w559470935",
        "nodes": [
          5396001466,
          5396001467
        ],
        "bridge": "yes",
        "footway": "sidewalk",
        "highway": "footway",
        "layer": "1"
      }
    },
    {
      "type": "Feature",
      "geometry": {
        "type": "LineString",
        "coordinates": [
          [
            113.3171945,
            23.1214892
          ],
          [
            113.3172051,
            23.121639
          ],
          [
            113.3172169,
            23.1221248
          ],
          [
            113.3172289,
            23.1224362
          ]
        ]
      },
      "properties": {
        "id": "w559470965",
        "nodes": [
          5396001519,
          3038774542,
          4940664624,
          6417258406
        ],
        "bridge": "yes",
        "footway": "sidewalk",
        "highway": "footway",
        "layer": "1"
      }
    },
    {
      "type": "Feature",
      "geometry": {
        "type": "LineString",
        "coordinates": [
          [
            113.3176801,
            23.1215999
          ],
          [
            113.3176773,
            23.121545
          ]
        ]
      },
      "properties": {
        "id": "w559485936",
        "nodes": [
          5396109321,
          5396109322
        ],
        "bridge": "yes",
        "footway": "sidewalk",
        "highway": "footway",
        "layer": "1"
      }
    },
    {
      "type": "Feature",
      "geometry": {
        "type": "LineString",
        "coordinates": [
          [
            113.3176773,
            23.121545
          ],
          [
            113.317393,
            23.1215647
          ]
        ]
      },
      "properties": {
        "id": "w559485938",
        "nodes": [
          5396109322,
          5396109323
        ],
        "bridge": "yes",
        "highway": "steps"
      }
    },
    {
      "type": "Feature",
      "geometry": {
        "type": "LineString",
        "coordinates": [
          [
            113.3172169,
            23.1221248
          ],
          [
            113.3169447,
            23.1221393
          ]
        ]
      },
      "properties": {
        "id": "w559485940",
        "nodes": [
          4940664624,
          5396109324
        ],
        "bridge": "yes",
        "highway": "steps"
      }
    },
    {
      "type": "Feature",
      "geometry": {
        "type": "LineString",
        "coordinates": [
          [
            113.3174665,
            23.1229723
          ],
          [
            113.3175939,
            23.12301
          ],
          [
            113.3176648,
            23.1230311
          ]
        ]
      },
      "properties": {
        "id": "w586026853",
        "nodes": [
          12723135234,
          2551976616,
          12723135233
        ],
        "crossing": "traffic_signals",
        "crossing:markings": "yes",
        "footway": "crossing",
        "highway": "footway"
      }
    },
    {
      "type": "Feature",
      "geometry": {
        "type": "LineString",
        "coordinates": [
          [
            113.3177514,
            23.1230581
          ],
          [
            113.3182658,
            23.1231605
          ]
        ]
      },
      "properties": {
        "id": "w586026854",
        "nodes": [
          5599782011,
          5599782012
        ],
        "covered": "yes",
        "highway": "footway"
      }
    },
    {
      "type": "Feature",
      "geometry": {
        "type": "LineString",
        "coordinates": [
          [
            113.3182658,
            23.1231605
          ],
          [
            113.3183544,
            23.1231893
          ]
        ]
      },
      "properties": {
        "id": "w586026855",
        "nodes": [
          5599782012,
          5599782009
        ],
        "highway": "footway"
      }
    },
    {
      "type": "Feature",
      "geometry": {
        "type": "LineString",
        "coordinates": [
          [
            113.3193544,
            23.1230683
          ],
          [
            113.3197837,
            23.1230507
          ],
          [
            113.3200445,
            23.1229627
          ],
          [
            113.3199759,
            23.1226749
          ]
        ]
      },
      "properties": {
        "id": "w586026856",
        "nodes": [
          5599782014,
          5599782015,
          5599782016,
          5599782013
        ],
        "highway": "footway"
      }
    },
    {
      "type": "Feature",
      "geometry": {
        "type": "LineString",
        "coordinates": [
          [
            113.3157358,
            23.1226265
          ],
          [
            113.3157428,
            23.1224923
          ],
          [
            113.3157478,
            23.1223717
          ],
          [
            113.3157456,
            23.1223139
          ],
          [
            113.3157426,
            23.1222358
          ],
          [
            113.3157401,
            23.1221698
          ]
        ]
      },
      "properties": {
        "id": "w589390785",
        "nodes": [
          2098843817,
          4416227869,
          4416227871,
          9292047767,
          6750842700,
          9123592555
        ],
        "bicycle": "no",
        "foot": "no",
        "highway": "secondary",
        "horse": "no",
        "name": "华夏路",
        "name:en": "Huaxia Road",
        "name:zh": "华夏路",
        "name:zh-Latn-pinyin": "huá xià lù",
        "oneway": "yes"
      }
    },
    {
      "type": "Feature",
      "geometry": {
        "type": "LineString",
        "coordinates": [
          [
            113.3159165,
            23.1234679
          ],
          [
            113.3159188,
            23.1237562
          ],
          [
            113.3159418,
            23.1245806
          ],
          [
            113.3159425,
            23.1246005
          ],
          [
            113.3159498,
            23.1248306
          ]
        ]
      },
      "properties": {
        "id": "w624720024",
        "nodes": [
          4457608730,
          6072633534,
          9292047763,
          12728511053,
          4418968003
        ],
        "highway": "secondary",
        "name": "华夏路",
        "name:en": "Huaxia Road",
        "name:zh": "华夏路",
        "name:zh-Latn-pinyin": "huá xià lù",
        "oneway": "yes"
      }
    },
    {
      "type": "Feature",
      "geometry": {
        "type": "LineString",
        "coordinates": [
          [
            113.3157175,
            23.121395
          ],
          [
            113.3157016,
            23.1210389
          ],
          [
            113.31568,
            23.1203451
          ],
          [
            113.3156781,
            23.1202839
          ],
          [
            113.3156766,
            23.1201606
          ],
          [
            113.3156594,
            23.1187815
          ],
          [
            113.3156584,
            23.1186973
          ],
          [
            113.3156577,
            23.1186437
          ]
        ]
      },
      "properties": {
        "id": "w624720029",
        "nodes": [
          4739868628,
          1952513889,
          9292047770,
          4739868624,
          6742584981,
          9123592535,
          6742584976,
          320571782
        ],
        "highway": "secondary",
        "name": "华夏路",
        "name:en": "Huaxia Road",
        "name:zh": "华夏路",
        "name:zh-Latn-pinyin": "huá xià lù",
        "oneway": "yes"
      }
    },
    {
      "type": "Feature",
      "geometry": {
        "type": "LineString",
        "coordinates": [
          [
            113.3166647,
            23.1232694
          ],
          [
            113.3166671,
            23.1232494
          ],
          [
            113.3166778,
            23.1232166
          ],
          [
            113.3166934,
            23.1231949
          ],
          [
            113.3167256,
            23.1231755
          ],
          [
            113.3167673,
            23.1231586
          ],
          [
            113.3168214,
            23.1231496
          ],
          [
            113.3168885,
            23.1231431
          ],
          [
            113.3169582,
            23.1231406
          ],
          [
            113.3170177,
            23.1231396
          ],
          [
            113.3170975,
            23.1231425
          ],
          [
            113.3171468,
            23.1231487
          ],
          [
            113.3171798,
            23.1231594
          ],
          [
            113.3172064,
            23.1231823
          ],
          [
            113.3172134,
            23.1232049
          ]
        ]
      },
      "properties": {
        "id": "w688292104",
        "nodes": [
          6796956735,
          6796956734,
          6453866423,
          6796956723,
          6796956724,
          6796956725,
          6796956726,
          6796956727,
          6796956728,
          6796956729,
          6796956730,
          6796956731,
          6796956732,
          6796956733,
          13261421896
        ],
        "highway": "service",
        "oneway": "yes",
        "service": "driveway",
        "tunnel": "building_passage"
      }
    },
    {
      "type": "Feature",
      "geometry": {
        "type": "LineString",
        "coordinates": [
          [
            113.3172227,
            23.1232351
          ],
          [
            113.3172278,
            23.1232551
          ],
          [
            113.3172383,
            23.1232872
          ],
          [
            113.3172621,
            23.1233238
          ],
          [
            113.3173085,
            23.1233612
          ]
        ]
      },
      "properties": {
        "id": "w688292105",
        "nodes": [
          6453866424,
          6796956720,
          6796956721,
          6796956722,
          4418968024
        ],
        "highway": "service",
        "oneway": "yes",
        "service": "driveway"
      }
    },
    {
      "type": "Feature",
      "geometry": {
        "type": "LineString",
        "coordinates": [
          [
            113.3166502,
            23.1234154
          ],
          [
            113.3173085,
            23.1233612
          ]
        ]
      },
      "properties": {
        "id": "w693763679",
        "nodes": [
          6453866422,
          4418968024
        ],
        "highway": "tertiary",
        "name": "华成路",
        "name:en": "Huacheng Road",
        "name:zh": "华成路"
      }
    },
    {
      "type": "Feature",
      "geometry": {
        "type": "LineString",
        "coordinates": [
          [
            113.3175381,
            23.1236095
          ],
          [
            113.3175721,
            23.1231165
          ]
        ]
      },
      "properties": {
        "id": "w693765746",
        "nodes": [
          299851787,
          4457679258
        ],
        "highway": "secondary",
        "name": "珠江西路",
        "name:en": "Zhujiang West Road",
        "name:zh": "珠江西路",
        "name:zh-Latn-pinyin": "zhū jiāng xī lù",
        "oneway": "yes"
      }
    },
    {
      "type": "Feature",
      "geometry": {
        "type": "LineString",
        "coordinates": [
          [
            113.3128714,
            23.1225039
          ],
          [
            113.3129952,
            23.1224981
          ],
          [
            113.313083,
            23.122494
          ],
          [
            113.3131903,
            23.122489
          ]
        ]
      },
      "properties": {
        "id": "w717926117",
        "nodes": [
          6909039326,
          6742477274,
          6742477275,
          10768027127
        ],
        "crossing": "traffic_signals",
        "footway": "crossing",
        "highway": "footway"
      }
    },
    {
      "type": "Feature",
      "geometry": {
        "type": "LineString",
        "coordinates": [
          [
            113.3133761,
            23.1222928
          ],
          [
            113.3133596,
            23.1221095
          ]
        ]
      },
      "properties": {
        "id": "w717926121",
        "nodes": [
          10768027144,
          10768027145
        ],
        "footway": "traffic_island",
        "highway": "footway"
      }
    },
    {
      "type": "Feature",
      "geometry": {
        "type": "LineString",
        "coordinates": [
          [
            113.3136276,
            23.1223172
          ],
          [
            113.3135277,
            23.1222789
          ],
          [
            113.3134764,
            23.122214
          ],
          [
            113.3134699,
            23.1221356
          ],
          [
            113.3135146,
            23.1220739
          ],
          [
            113.313592,
            23.1220324
          ]
        ]
      },
      "properties": {
        "id": "w717926122",
        "nodes": [
          6742487489,
          10768027148,
          6742487493,
          6742487492,
          10768027149,
          6742487490
        ],
        "bicycle": "no",
        "foot": "no",
        "highway": "primary_link",
        "horse": "no",
        "oneway": "yes"
      }
    },
    {
      "type": "Feature",
      "geometry": {
        "type": "LineString",
        "coordinates": [
          [
            113.3127055,
            23.1222243
          ],
          [
            113.3127155,
            23.122341
          ]
        ]
      },
      "properties": {
        "id": "w717926125",
        "nodes": [
          10768027147,
          10768027146
        ],
        "footway": "crossing",
        "highway": "footway"
      }
    },
    {
      "type": "Feature",
      "geometry": {
        "type": "LineString",
        "coordinates": [
          [
            113.3128213,
            23.1219392
          ],
          [
            113.3129555,
            23.1219316
          ],
          [
            113.3130395,
            23.1219269
          ],
          [
            113.3131004,
            23.1219233
          ]
        ]
      },
      "properties": {
        "id": "w717926126",
        "nodes": [
          10768027135,
          6742487500,
          6742487501,
          10768027138
        ],
        "crossing": "traffic_signals",
        "footway": "crossing",
        "highway": "footway"
      }
    },
    {
      "type": "Feature",
      "geometry": {
        "type": "LineString",
        "coordinates": [
          [
            113.3125152,
            23.1221053
          ],
          [
            113.3125975,
            23.1221552
          ],
          [
            113.3126443,
            23.122215
          ],
          [
            113.3126496,
            23.1222945
          ],
          [
            113.312615,
            23.1223589
          ],
          [
            113.312526,
            23.1223931
          ]
        ]
      },
      "properties": {
        "id": "w717926157",
        "nodes": [
          6742480737,
          10768027150,
          6742480738,
          6742480739,
          6742480740,
          4416227839
        ],
        "bicycle": "no",
        "foot": "no",
        "highway": "primary_link",
        "horse": "no",
        "oneway": "yes"
      }
    },
    {
      "type": "Feature",
      "geometry": {
        "type": "LineString",
        "coordinates": [
          [
            113.3174105,
            23.1235929
          ],
          [
            113.3174074,
            23.1234228
          ],
          [
            113.3174034,
            23.1233107
          ],
          [
            113.3173945,
            23.1231785
          ]
        ]
      },
      "properties": {
        "id": "w717926454",
        "nodes": [
          12723135208,
          4418968022,
          6742425677,
          12723135232
        ],
        "crossing": "marked",
        "crossing:markings": "yes",
        "footway": "crossing",
        "highway": "footway"
      }
    },
    {
      "type": "Feature",
      "geometry": {
        "type": "LineString",
        "coordinates": [
          [
            113.3181217,
            23.1212479
          ],
          [
            113.318012,
            23.1211254
          ],
          [
            113.3177717,
            23.1208477
          ],
          [
            113.3179804,
            23.1206147
          ],
          [
            113.3181896,
            23.1206022
          ],
          [
            113.3183349,
            23.1205935
          ]
        ]
      },
      "properties": {
        "id": "w717941982",
        "nodes": [
          6742592136,
          12723135252,
          6742592137,
          6742592138,
          12723135258,
          6742592139
        ],
        "highway": "service",
        "oneway": "yes"
      }
    },
    {
      "type": "Feature",
      "geometry": {
        "type": "LineString",
        "coordinates": [
          [
            113.3158958,
            23.1222318
          ],
          [
            113.3157426,
            23.1222358
          ]
        ]
      },
      "properties": {
        "id": "w719001083",
        "nodes": [
          6750842699,
          6750842700
        ],
        "crossing": "traffic_signals",
        "crossing:markings": "yes",
        "footway": "crossing",
        "highway": "footway"
      }
    },
    {
      "type": "Feature",
      "geometry": {
        "type": "LineString",
        "coordinates": [
          [
            113.3157426,
            23.1222358
          ],
          [
            113.3156084,
            23.1222395
          ],
          [
            113.3155578,
            23.1223184
          ],
          [
            113.3154911,
            23.1224221
          ]
        ]
      },
      "properties": {
        "id": "w719001084",
        "nodes": [
          6750842700,
          6750842702,
          6750842703,
          12716683050
        ],
        "crossing": "traffic_signals",
        "crossing:markings": "yes",
        "footway": "crossing",
        "highway": "footway"
      }
    },
    {
      "type": "Feature",
      "geometry": {
        "type": "LineString",
        "coordinates": [
          [
            113.3158958,
            23.1222318
          ],
          [
            113.3160897,
            23.122267
          ],
          [
            113.3161507,
            23.1222786
          ]
        ]
      },
      "properties": {
        "id": "w719001085",
        "nodes": [
          6750842699,
          6750842705,
          12716685904
        ],
        "crossing": "traffic_signals",
        "crossing:markings": "yes",
        "footway": "crossing",
        "highway": "footway"
      }
    },
    {
      "type": "Feature",
      "geometry": {
        "type": "LineString",
        "coordinates": [
          [
            113.3130181,
            23.121109
          ],
          [
            113.3130222,
            23.1213939
          ],
          [
            113.3130395,
            23.1219269
          ],
          [
            113.3130492,
            23.1220664
          ]
        ]
      },
      "properties": {
        "id": "w734144749",
        "nodes": [
          4418948272,
          4418948286,
          6742487501,
          4575302669
        ],
        "highway": "tertiary",
        "name": "华穗路",
        "name:en": "Huasui Road",
        "name:zh": "华穗路",
        "oneway": "yes",
        "oneway:bicycle": "no"
      }
    },
    {
      "type": "Feature",
      "geometry": {
        "type": "LineString",
        "coordinates": [
          [
            113.3129333,
            23.1211128
          ],
          [
            113.3129249,
            23.1204301
          ],
          [
            113.3129245,
            23.1202897
          ],
          [
            113.3129242,
            23.120175
          ],
          [
            113.3129221,
            23.1194531
          ],
          [
            113.3129219,
            23.1193861
          ],
          [
            113.3129218,
            23.1193388
          ]
        ]
      },
      "properties": {
        "id": "w734144750",
        "nodes": [
          4418968028,
          9123592538,
          4418968029,
          9123592540,
          13261421895,
          3790036158,
          11815477421
        ],
        "highway": "tertiary",
        "name": "华穗路",
        "name:en": "Huasui Road",
        "name:zh": "华穗路",
        "oneway": "yes",
        "oneway:bicycle": "no"
      }
    },
    {
      "type": "Feature",
      "geometry": {
        "type": "LineString",
        "coordinates": [
          [
            113.3129333,
            23.1211128
          ],
          [
            113.3128849,
            23.1211136
          ],
          [
            113.3110257,
            23.1211452
          ],
          [
            113.3108694,
            23.1211479
          ]
        ]
      },
      "properties": {
        "id": "w734144751",
        "nodes": [
          4418968028,
          6875262187,
          6875261763,
          1952513891
        ],
        "highway": "unclassified",
        "name": "华利北横街"
      }
    },
    {
      "type": "Feature",
      "geometry": {
        "type": "LineString",
        "coordinates": [
          [
            113.31385,
            23.1202878
          ],
          [
            113.3138513,
            23.1203645
          ],
          [
            113.3138637,
            23.1210869
          ]
        ]
      },
      "properties": {
        "id": "w734144752",
        "nodes": [
          6875261760,
          12728511214,
          6875261761
        ],
        "highway": "unclassified",
        "oneway": "yes"
      }
    },
    {
      "type": "Feature",
      "geometry": {
        "type": "LineString",
        "coordinates": [
          [
            113.3110476,
            23.1222121
          ],
          [
            113.3110456,
            23.1221542
          ],
          [
            113.3110257,
            23.1211452
          ]
        ]
      },
      "properties": {
        "id": "w734144753",
        "nodes": [
          6875261762,
          6875261773,
          6875261763
        ],
        "highway": "unclassified",
        "name": "华利北二直街"
      }
    },
    {
      "type": "Feature",
      "geometry": {
        "type": "LineString",
        "coordinates": [
          [
            113.3180779,
            23.1213709
          ],
          [
            113.3181217,
            23.1212479
          ],
          [
            113.3182332,
            23.1209348
          ],
          [
            113.3183237,
            23.1206311
          ],
          [
            113.3183349,
            23.1205935
          ],
          [
            113.31847,
            23.1201404
          ],
          [
            113.3185153,
            23.1199704
          ],
          [
            113.3185244,
            23.1199363
          ],
          [
            113.3185425,
            23.119866
          ],
          [
            113.3185514,
            23.1198086
          ],
          [
            113.3185479,
            23.119755
          ],
          [
            113.3185399,
            23.1197056
          ],
          [
            113.3185192,
            23.1196581
          ],
          [
            113.318487,
            23.1196137
          ],
          [
            113.3184441,
            23.1195718
          ],
          [
            113.3184012,
            23.1195471
          ],
          [
            113.3183422,
            23.1195348
          ],
          [
            113.3182573,
            23.1195215
          ]
        ]
      },
      "properties": {
        "id": "w737631342",
        "nodes": [
          320769294,
          6742592136,
          299851783,
          3038762891,
          6742592139,
          320769293,
          5272996103,
          2551976730,
          2551976767,
          2551976804,
          2551976643,
          2551976696,
          2551976705,
          2551976769,
          2551976774,
          2551976810,
          2551976702,
          2551976813
        ],
        "highway": "secondary",
        "name": "珠江西路",
        "name:en": "Zhujiang West Road",
        "name:zh": "珠江西路",
        "name:zh-Latn-pinyin": "zhū jiāng xī lù",
        "oneway": "yes"
      }
    },
    {
      "type": "Feature",
      "geometry": {
        "type": "LineString",
        "coordinates": [
          [
            113.3106208,
            23.1232064
          ],
          [
            113.3115333,
            23.1231415
          ]
        ]
      },
      "properties": {
        "id": "w737870913",
        "nodes": [
          6909018884,
          6909039285
        ],
        "highway": "unclassified"
      }
    },
    {
      "type": "Feature",
      "geometry": {
        "type": "LineString",
        "coordinates": [
          [
            113.3155406,
            23.1207149
          ],
          [
            113.3155412,
            23.1204905
          ]
        ]
      },
      "properties": {
        "id": "w991905340",
        "nodes": [
          9164550653,
          5021418973
        ],
        "conveying": "forward",
        "handrail": "yes",
        "highway": "steps",
        "incline": "up",
        "layer": "-1",
        "level": "-1;0",
        "tunnel": "yes"
      }
    },
    {
      "type": "Feature",
      "geometry": {
        "type": "LineString",
        "coordinates": [
          [
            113.3154999,
            23.1225269
          ],
          [
            113.315501,
            23.1227268
          ]
        ]
      },
      "properties": {
        "id": "w991905341",
        "nodes": [
          9164550654,
          5408792653
        ],
        "conveying": "forward",
        "handrail": "yes",
        "highway": "steps",
        "incline": "up",
        "layer": "-1",
        "level": "-1;0",
        "tunnel": "yes"
      }
    },
    {
      "type": "Feature",
      "geometry": {
        "type": "LineString",
        "coordinates": [
          [
            113.3155831,
            23.1218174
          ],
          [
            113.3155825,
            23.1212305
          ],
          [
            113.3155392,
            23.1212305
          ],
          [
            113.3155406,
            23.1207149
          ]
        ]
      },
      "properties": {
        "id": "w991905343",
        "nodes": [
          9164550656,
          9193190523,
          9193190524,
          9164550653
        ],
        "highway": "footway",
        "layer": "-1",
        "level": "-1",
        "tunnel": "yes"
      }
    },
    {
      "type": "Feature",
      "geometry": {
        "type": "LineString",
        "coordinates": [
          [
            113.3154987,
            23.1223045
          ],
          [
            113.3154999,
            23.1225269
          ]
        ]
      },
      "properties": {
        "id": "w991905345",
        "nodes": [
          9164550658,
          9164550654
        ],
        "highway": "footway",
        "layer": "-1",
        "level": "-1",
        "tunnel": "yes"
      }
    },
    {
      "type": "Feature",
      "geometry": {
        "type": "LineString",
        "coordinates": [
          [
            113.3166502,
            23.1234154
          ],
          [
            113.3166574,
            23.123343
          ],
          [
            113.3166647,
            23.1232694
          ]
        ]
      },
      "properties": {
        "id": "w993462510",
        "nodes": [
          6453866422,
          12723135220,
          6796956735
        ],
        "highway": "service",
        "oneway": "yes",
        "service": "driveway"
      }
    },
    {
      "type": "Feature",
      "geometry": {
        "type": "LineString",
        "coordinates": [
          [
            113.3158086,
            23.1219756
          ],
          [
            113.3157134,
            23.121911
          ],
          [
            113.3155831,
            23.1218174
          ],
          [
            113.315314,
            23.121624
          ]
        ]
      },
      "properties": {
        "id": "w995559494",
        "nodes": [
          9164550660,
          9193190009,
          9164550656,
          9193190519
        ],
        "highway": "footway",
        "layer": "-1",
        "level": "-1",
        "tunnel": "yes"
      }
    },
    {
      "type": "Feature",
      "geometry": {
        "type": "LineString",
        "coordinates": [
          [
            113.3158086,
            23.1219756
          ],
          [
            113.3158858,
            23.1219058
          ],
          [
            113.3160969,
            23.121718
          ]
        ]
      },
      "properties": {
        "id": "w995559495",
        "nodes": [
          9164550660,
          9193190010,
          9193190520
        ],
        "highway": "footway",
        "layer": "-1",
        "level": "-1",
        "tunnel": "yes"
      }
    },
    {
      "type": "Feature",
      "geometry": {
        "type": "LineString",
        "coordinates": [
          [
            113.3160969,
            23.121718
          ],
          [
            113.3160949,
            23.1213832
          ],
          [
            113.3160754,
            23.1200178
          ],
          [
            113.3160596,
            23.1189032
          ]
        ]
      },
      "properties": {
        "id": "w995559496",
        "nodes": [
          9193190520,
          9193190526,
          9193190529,
          9193190521
        ],
        "highway": "footway",
        "layer": "-1",
        "tunnel": "yes"
      }
    },
    {
      "type": "Feature",
      "geometry": {
        "type": "LineString",
        "coordinates": [
          [
            113.315314,
            23.121624
          ],
          [
            113.3153114,
            23.1213739
          ],
          [
            113.3153936,
            23.1213729
          ]
        ]
      },
      "properties": {
        "id": "w995559497",
        "nodes": [
          9193190519,
          9193190522,
          9048102837
        ],
        "handrail": "yes",
        "highway": "steps",
        "incline": "up",
        "layer": "-1",
        "level": "-1;0",
        "tunnel": "yes"
      }
    },
    {
      "type": "Feature",
      "geometry": {
        "type": "LineString",
        "coordinates": [
          [
            113.3153936,
            23.1213729
          ],
          [
            113.3156172,
            23.1213677
          ]
        ]
      },
      "properties": {
        "id": "w995559498",
        "nodes": [
          9048102837,
          12716683093
        ],
        "highway": "footway"
      }
    },
    {
      "type": "Feature",
      "geometry": {
        "type": "LineString",
        "coordinates": [
          [
            113.3160949,
            23.1213832
          ],
          [
            113.3162613,
            23.1213828
          ],
          [
            113.3162608,
            23.121453
          ]
        ]
      },
      "properties": {
        "id": "w995559500",
        "nodes": [
          9193190526,
          9193190527,
          9193190528
        ],
        "highway": "footway",
        "layer": "-1",
        "tunnel": "yes"
      }
    },
    {
      "type": "Feature",
      "geometry": {
        "type": "LineString",
        "coordinates": [
          [
            113.3162608,
            23.121453
          ],
          [
            113.3163848,
            23.1214539
          ]
        ]
      },
      "properties": {
        "id": "w995559501",
        "nodes": [
          9193190528,
          9048102842
        ],
        "handrail": "yes",
        "highway": "steps",
        "incline": "up",
        "level": "-1;0"
      }
    },
    {
      "type": "Feature",
      "geometry": {
        "type": "LineString",
        "coordinates": [
          [
            113.3156084,
            23.1222395
          ],
          [
            113.3156067,
            23.1221799
          ],
          [
            113.3156054,
            23.1221347
          ],
          [
            113.3155994,
            23.1219193
          ],
          [
            113.3156008,
            23.1218037
          ],
          [
            113.3155299,
            23.1217532
          ],
          [
            113.3154704,
            23.1217118
          ]
        ]
      },
      "properties": {
        "id": "w995559504",
        "nodes": [
          6750842702,
          9193190535,
          9193190534,
          9193190533,
          9193190536,
          2098843820,
          12716683049
        ],
        "crossing": "traffic_signals",
        "crossing:markings": "yes",
        "footway": "crossing",
        "highway": "footway"
      }
    },
    {
      "type": "Feature",
      "geometry": {
        "type": "LineString",
        "coordinates": [
          [
            113.3157401,
            23.1221698
          ],
          [
            113.3156312,
            23.1221794
          ],
          [
            113.3156067,
            23.1221799
          ],
          [
            113.3154387,
            23.1221835
          ],
          [
            113.3152621,
            23.1221801
          ]
        ]
      },
      "properties": {
        "id": "w995559505",
        "nodes": [
          9123592555,
          4416227866,
          9193190535,
          4416227868,
          4457679260
        ],
        "bicycle": "no",
        "foot": "no",
        "highway": "secondary_link",
        "horse": "no",
        "oneway": "yes"
      }
    },
    {
      "type": "Feature",
      "geometry": {
        "type": "LineString",
        "coordinates": [
          [
            113.3157401,
            23.1221698
          ],
          [
            113.3157381,
            23.1221158
          ]
        ]
      },
      "properties": {
        "id": "w995559506",
        "nodes": [
          9123592555,
          4416227872
        ],
        "bicycle": "no",
        "foot": "no",
        "highway": "secondary",
        "horse": "no",
        "name": "华夏路",
        "name:en": "Huaxia Road",
        "name:zh": "华夏路",
        "name:zh-Latn-pinyin": "huá xià lù",
        "oneway": "yes"
      }
    },
    {
      "type": "Feature",
      "geometry": {
        "type": "LineString",
        "coordinates": [
          [
            113.3157381,
            23.1221158
          ],
          [
            113.3156054,
            23.1221347
          ],
          [
            113.3155776,
            23.1221387
          ],
          [
            113.3153924,
            23.1221622
          ],
          [
            113.3152621,
            23.1221801
          ]
        ]
      },
      "properties": {
        "id": "w995559507",
        "nodes": [
          4416227872,
          9193190534,
          2551976648,
          2551976632,
          4457679260
        ],
        "bicycle": "no",
        "foot": "no",
        "highway": "primary",
        "horse": "no",
        "name": "花城大道",
        "name:en": "Huacheng Avenue",
        "name:zh": "花城大道",
        "oneway": "yes"
      }
    },
    {
      "type": "Feature",
      "geometry": {
        "type": "LineString",
        "coordinates": [
          [
            113.3157381,
            23.1221158
          ],
          [
            113.3157379,
            23.1219144
          ]
        ]
      },
      "properties": {
        "id": "w995559508",
        "nodes": [
          4416227872,
          4539457219
        ],
        "bicycle": "no",
        "foot": "no",
        "highway": "secondary",
        "horse": "no",
        "name": "华夏路",
        "name:en": "Huaxia Road",
        "name:zh": "华夏路",
        "name:zh-Latn-pinyin": "huá xià lù",
        "oneway": "yes"
      }
    },
    {
      "type": "Feature",
      "geometry": {
        "type": "LineString",
        "coordinates": [
          [
            113.3158943,
            23.1221556
          ],
          [
            113.3158324,
            23.1221616
          ],
          [
            113.3157401,
            23.1221698
          ]
        ]
      },
      "properties": {
        "id": "w995559509",
        "nodes": [
          9123592556,
          4416227865,
          9123592555
        ],
        "bicycle": "no",
        "foot": "no",
        "highway": "secondary_link",
        "horse": "no",
        "oneway": "yes"
      }
    },
    {
      "type": "Feature",
      "geometry": {
        "type": "LineString",
        "coordinates": [
          [
            113.3158943,
            23.1221556
          ],
          [
            113.3158958,
            23.1222318
          ],
          [
            113.3159032,
            23.1226103
          ]
        ]
      },
      "properties": {
        "id": "w995559510",
        "nodes": [
          9123592556,
          6750842699,
          2551976630
        ],
        "bicycle": "no",
        "foot": "no",
        "highway": "secondary",
        "horse": "no",
        "name": "华夏路",
        "name:en": "Huaxia Road",
        "name:zh": "华夏路",
        "name:zh-Latn-pinyin": "huá xià lù",
        "oneway": "yes"
      }
    },
    {
      "type": "Feature",
      "geometry": {
        "type": "LineString",
        "coordinates": [
          [
            113.3158887,
            23.12191
          ],
          [
            113.3163731,
            23.1218956
          ]
        ]
      },
      "properties": {
        "id": "w995559511",
        "nodes": [
          3663701895,
          2551976658
        ],
        "bicycle": "no",
        "foot": "no",
        "highway": "primary",
        "horse": "no",
        "lanes": "3",
        "name": "花城大道",
        "name:en": "Huacheng Avenue",
        "name:zh": "花城大道",
        "oneway": "yes"
      }
    },
    {
      "type": "Feature",
      "geometry": {
        "type": "LineString",
        "coordinates": [
          [
            113.3158887,
            23.12191
          ],
          [
            113.3158931,
            23.1220911
          ]
        ]
      },
      "properties": {
        "id": "w995559512",
        "nodes": [
          3663701895,
          4539469296
        ],
        "bicycle": "no",
        "foot": "no",
        "highway": "secondary",
        "horse": "no",
        "name": "华夏路",
        "name:en": "Huaxia Road",
        "name:zh": "华夏路",
        "name:zh-Latn-pinyin": "huá xià lù",
        "oneway": "yes"
      }
    },
    {
      "type": "Feature",
      "geometry": {
        "type": "LineString",
        "coordinates": [
          [
            113.3156008,
            23.1218037
          ],
          [
            113.3157308,
            23.1217271
          ],
          [
            113.3158905,
            23.1217248
          ]
        ]
      },
      "properties": {
        "id": "w995559513",
        "nodes": [
          9193190536,
          9193190537,
          9193190538
        ],
        "crossing": "traffic_signals",
        "crossing:markings": "yes",
        "footway": "crossing",
        "highway": "footway"
      }
    },
    {
      "type": "Feature",
      "geometry": {
        "type": "LineString",
        "coordinates": [
          [
            113.3158086,
            23.1219756
          ],
          [
            113.3157241,
            23.1220509
          ],
          [
            113.3154987,
            23.1223045
          ]
        ]
      },
      "properties": {
        "id": "w995559514",
        "nodes": [
          9164550660,
          9193190539,
          9164550658
        ],
        "highway": "footway",
        "layer": "-1",
        "level": "-1",
        "tunnel": "yes"
      }
    },
    {
      "type": "Feature",
      "geometry": {
        "type": "LineString",
        "coordinates": [
          [
            113.3154987,
            23.1223045
          ],
          [
            113.3147027,
            23.1223192
          ]
        ]
      },
      "properties": {
        "id": "w995559515",
        "nodes": [
          9164550658,
          9193190540
        ],
        "highway": "footway",
        "layer": "-1",
        "level": "-1",
        "tunnel": "yes"
      }
    },
    {
      "type": "Feature",
      "geometry": {
        "type": "LineString",
        "coordinates": [
          [
            113.3147027,
            23.1223192
          ],
          [
            113.3144563,
            23.1223237
          ]
        ]
      },
      "properties": {
        "id": "w995559516",
        "nodes": [
          9193190540,
          6750842698
        ],
        "conveying": "yes",
        "handrail": "yes",
        "highway": "steps",
        "incline": "up",
        "layer": "-1",
        "level": "-1;0",
        "tunnel": "yes"
      }
    },
    {
      "type": "Feature",
      "geometry": {
        "type": "LineString",
        "coordinates": [
          [
            113.317393,
            23.1215647
          ],
          [
            113.317401,
            23.1216734
          ]
        ]
      },
      "properties": {
        "id": "w995559518",
        "nodes": [
          5396109323,
          12716683061
        ],
        "highway": "footway"
      }
    },
    {
      "type": "Feature",
      "geometry": {
        "type": "LineString",
        "coordinates": [
          [
            113.3158086,
            23.1219756
          ],
          [
            113.3158916,
            23.1220536
          ],
          [
            113.31627,
            23.122243
          ]
        ]
      },
      "properties": {
        "id": "w995559519",
        "nodes": [
          9164550660,
          9193190008,
          9164550662
        ],
        "highway": "footway",
        "layer": "-1",
        "level": "-1",
        "tunnel": "yes"
      }
    },
    {
      "type": "Feature",
      "geometry": {
        "type": "LineString",
        "coordinates": [
          [
            113.3167366,
            23.1224741
          ],
          [
            113.31627,
            23.122243
          ]
        ]
      },
      "properties": {
        "id": "w995559520",
        "nodes": [
          9048102849,
          9164550662
        ],
        "highway": "footway",
        "layer": "-1",
        "level": "-1",
        "tunnel": "yes"
      }
    },
    {
      "type": "Feature",
      "geometry": {
        "type": "LineString",
        "coordinates": [
          [
            113.3158905,
            23.1217248
          ],
          [
            113.3160368,
            23.121691
          ],
          [
            113.3160897,
            23.1216552
          ]
        ]
      },
      "properties": {
        "id": "w1007205129",
        "nodes": [
          9193190538,
          2551976633,
          12716683059
        ],
        "crossing": "traffic_signals",
        "crossing:markings": "yes",
        "footway": "crossing",
        "highway": "footway"
      }
    },
    {
      "type": "Feature",
      "geometry": {
        "type": "LineString",
        "coordinates": [
          [
            113.31627,
            23.122243
          ],
          [
            113.3168446,
            23.1222221
          ]
        ]
      },
      "properties": {
        "id": "w1062033386",
        "nodes": [
          9164550662,
          9756881916
        ],
        "highway": "footway",
        "layer": "-1",
        "tunnel": "yes"
      }
    },
    {
      "type": "Feature",
      "geometry": {
        "type": "LineString",
        "coordinates": [
          [
            113.312526,
            23.1223931
          ],
          [
            113.3117401,
            23.1224353
          ],
          [
            113.3112929,
            23.1224593
          ],
          [
            113.3108065,
            23.1224855
          ]
        ]
      },
      "properties": {
        "id": "w1157862092",
        "nodes": [
          4416227839,
          5266078851,
          13236395704,
          4690644197
        ],
        "highway": "primary",
        "name": "花城大道",
        "name:en": "Huacheng Avenue",
        "name:zh": "花城大道",
        "oneway": "yes"
      }
    },
    {
      "type": "Feature",
      "geometry": {
        "type": "LineString",
        "coordinates": [
          [
            113.313173,
            23.1230643
          ],
          [
            113.3131521,
            23.1225671
          ],
          [
            113.313166,
            23.1225274
          ],
          [
            113.3131903,
            23.122489
          ],
          [
            113.3132221,
            23.1224531
          ],
          [
            113.3132776,
            23.1224233
          ],
          [
            113.3133874,
            23.1224151
          ],
          [
            113.3135554,
            23.1224026
          ]
        ]
      },
      "properties": {
        "id": "w1157862093",
        "nodes": [
          12728510957,
          10768027128,
          12728510963,
          10768027127,
          10768027131,
          10768027129,
          10768027142,
          10768027130
        ],
        "footway": "sidewalk",
        "highway": "footway"
      }
    },
    {
      "type": "Feature",
      "geometry": {
        "type": "LineString",
        "coordinates": [
          [
            113.3126203,
            23.1220572
          ],
          [
            113.3126904,
            23.1220511
          ],
          [
            113.3127684,
            23.1220061
          ],
          [
            113.3128213,
            23.1219392
          ],
          [
            113.3128614,
            23.1218861
          ],
          [
            113.3128849,
            23.1218144
          ],
          [
            113.312897,
            23.1217301
          ],
          [
            113.3128849,
            23.121164
          ]
        ]
      },
      "properties": {
        "id": "w1157862094",
        "nodes": [
          10768027132,
          10768027133,
          10768027134,
          10768027135,
          10768027136,
          12718250092,
          12718250093,
          12718250094
        ],
        "footway": "sidewalk",
        "highway": "footway"
      }
    },
    {
      "type": "Feature",
      "geometry": {
        "type": "LineString",
        "coordinates": [
          [
            113.3130666,
            23.1211584
          ],
          [
            113.3130779,
            23.1218528
          ],
          [
            113.3131004,
            23.1219233
          ],
          [
            113.3131573,
            23.121983
          ],
          [
            113.3132551,
            23.1219963
          ],
          [
            113.3133495,
            23.1219899
          ],
          [
            113.3134322,
            23.1219827
          ]
        ]
      },
      "properties": {
        "id": "w1157862095",
        "nodes": [
          12718250099,
          10768027137,
          10768027138,
          10768027139,
          10768027140,
          10768027143,
          10768027141
        ],
        "footway": "sidewalk",
        "highway": "footway"
      }
    },
    {
      "type": "Feature",
      "geometry": {
        "type": "LineString",
        "coordinates": [
          [
            113.3126945,
            23.1220922
          ],
          [
            113.3126904,
            23.1220511
          ]
        ]
      },
      "properties": {
        "id": "w1157862096",
        "nodes": [
          6742487499,
          10768027133
        ],
        "crossing": "traffic_signals",
        "footway": "crossing",
        "highway": "footway"
      }
    },
    {
      "type": "Feature",
      "geometry": {
        "type": "LineString",
        "coordinates": [
          [
            113.3126945,
            23.1220922
          ],
          [
            113.3127055,
            23.1222243
          ]
        ]
      },
      "properties": {
        "id": "w1157862097",
        "nodes": [
          6742487499,
          10768027147
        ],
        "crossing": "traffic_signals",
        "footway": "crossing",
        "highway": "footway"
      }
    },
    {
      "type": "Feature",
      "geometry": {
        "type": "LineString",
        "coordinates": [
          [
            113.3127155,
            23.122341
          ],
          [
            113.3127188,
            23.1223828
          ],
          [
            113.3127248,
            23.1224554
          ]
        ]
      },
      "properties": {
        "id": "w1157862098",
        "nodes": [
          10768027146,
          6742487498,
          10768027126
        ],
        "crossing": "traffic_signals",
        "footway": "crossing",
        "highway": "footway"
      }
    },
    {
      "type": "Feature",
      "geometry": {
        "type": "LineString",
        "coordinates": [
          [
            113.3133874,
            23.1224151
          ],
          [
            113.3133801,
            23.122338
          ],
          [
            113.3133761,
            23.1222928
          ]
        ]
      },
      "properties": {
        "id": "w1157862099",
        "nodes": [
          10768027142,
          6742477276,
          10768027144
        ],
        "crossing": "traffic_signals",
        "footway": "crossing",
        "highway": "footway"
      }
    },
    {
      "type": "Feature",
      "geometry": {
        "type": "LineString",
        "coordinates": [
          [
            113.3133596,
            23.1221095
          ],
          [
            113.3133539,
            23.1220473
          ],
          [
            113.3133495,
            23.1219899
          ]
        ]
      },
      "properties": {
        "id": "w1157862100",
        "nodes": [
          10768027145,
          6742487488,
          10768027143
        ],
        "crossing": "traffic_signals",
        "footway": "crossing",
        "highway": "footway"
      }
    },
    {
      "type": "Feature",
      "geometry": {
        "type": "LineString",
        "coordinates": [
          [
            113.3130099,
            23.1193369
          ],
          [
            113.3130099,
            23.1195653
          ],
          [
            113.3130099,
            23.1200027
          ],
          [
            113.3130101,
            23.1201751
          ],
          [
            113.3130103,
            23.1202896
          ],
          [
            113.3130109,
            23.1204303
          ],
          [
            113.3130122,
            23.1207618
          ],
          [
            113.3130181,
            23.121109
          ]
        ]
      },
      "properties": {
        "id": "w1272406239",
        "nodes": [
          11815477422,
          4418948283,
          4418948284,
          9123592541,
          4739868625,
          9123592539,
          4418948285,
          4418948272
        ],
        "highway": "tertiary",
        "name": "华穗路",
        "name:en": "Huasui Road",
        "name:zh": "华穗路",
        "oneway": "yes",
        "oneway:bicycle": "no"
      }
    },
    {
      "type": "Feature",
      "geometry": {
        "type": "LineString",
        "coordinates": [
          [
            113.3183518,
            23.1238767
          ],
          [
            113.3183648,
            23.1241522
          ]
        ]
      },
      "properties": {
        "id": "w1332423227",
        "nodes": [
          12326900078,
          12326900079
        ],
        "bridge": "yes",
        "highway": "footway",
        "layer": "1"
      }
    },
    {
      "type": "Feature",
      "geometry": {
        "type": "LineString",
        "coordinates": [
          [
            113.3179698,
            23.1221396
          ],
          [
            113.3182697,
            23.1220659
          ],
          [
            113.3191775,
            23.1219896
          ],
          [
            113.3202064,
            23.1219214
          ],
          [
            113.3203993,
            23.1219743
          ]
        ]
      },
      "properties": {
        "id": "w1373419750",
        "nodes": [
          12716426806,
          12716426801,
          12716426808,
          12716426802,
          12716426807
        ],
        "highway": "secondary",
        "layer": "-1",
        "name": "珠江东路",
        "oneway": "yes",
        "sidewalk": "no",
        "tunnel": "yes"
      }
    },
    {
      "type": "Feature",
      "geometry": {
        "type": "LineString",
        "coordinates": [
          [
            113.3176789,
            23.1225167
          ],
          [
            113.3177068,
            23.1224627
          ],
          [
            113.3177954,
            23.1222929
          ],
          [
            113.3179361,
            23.122149
          ],
          [
            113.3179698,
            23.1221396
          ]
        ]
      },
      "properties": {
        "id": "w1373419751",
        "nodes": [
          12716426798,
          12723135227,
          12716426799,
          12716426800,
          12716426806
        ],
        "highway": "secondary",
        "name": "珠江东路",
        "oneway": "yes"
      }
    },
    {
      "type": "Feature",
      "geometry": {
        "type": "LineString",
        "coordinates": [
          [
            113.315501,
            23.1227268
          ],
          [
            113.3155634,
            23.1227254
          ]
        ]
      },
      "properties": {
        "id": "w1373459667",
        "nodes": [
          5408792653,
          12716683033
        ],
        "highway": "footway"
      }
    },
    {
      "type": "Feature",
      "geometry": {
        "type": "LineString",
        "coordinates": [
          [
            113.3155764,
            23.1233555
          ],
          [
            113.3155634,
            23.1227254
          ],
          [
            113.3155587,
            23.1225577
          ],
          [
            113.3155311,
            23.1224809
          ],
          [
            113.3154911,
            23.1224221
          ],
          [
            113.3154672,
            23.122387
          ],
          [
            113.315383,
            23.1223313
          ],
          [
            113.3152716,
            23.1222983
          ],
          [
            113.3151567,
            23.1222915
          ],
          [
            113.314492,
            23.1223437
          ],
          [
            113.3144574,
            23.1223459
          ],
          [
            113.3144061,
            23.1223491
          ]
        ]
      },
      "properties": {
        "id": "w1373459668",
        "nodes": [
          12728510987,
          12716683033,
          12716683034,
          12716683035,
          12716683050,
          12716683036,
          12716683037,
          12716683040,
          12716683038,
          12716683039,
          12716683041,
          12728510967
        ],
        "footway": "sidewalk",
        "highway": "footway"
      }
    },
    {
      "type": "Feature",
      "geometry": {
        "type": "LineString",
        "coordinates": [
          [
            113.3144563,
            23.1223237
          ],
          [
            113.3144574,
            23.1223459
          ]
        ]
      },
      "properties": {
        "id": "w1373459669",
        "nodes": [
          6750842698,
          12716683041
        ],
        "footway": "sidewalk",
        "highway": "footway"
      }
    },
    {
      "type": "Feature",
      "geometry": {
        "type": "LineString",
        "coordinates": [
          [
            113.3134322,
            23.1219827
          ],
          [
            113.3150741,
            23.1218858
          ],
          [
            113.315254,
            23.121838
          ],
          [
            113.3154045,
            23.1217705
          ],
          [
            113.3154704,
            23.1217118
          ],
          [
            113.3155079,
            23.1216783
          ],
          [
            113.3155769,
            23.1215502
          ],
          [
            113.3156189,
            23.1214332
          ],
          [
            113.3156172,
            23.1213677
          ],
          [
            113.3156104,
            23.1211148
          ]
        ]
      },
      "properties": {
        "id": "w1373459670",
        "nodes": [
          10768027141,
          12716683042,
          12716683043,
          12716683044,
          12716683049,
          12716683045,
          12716683046,
          12716683047,
          12716683093,
          12716683048
        ],
        "footway": "sidewalk",
        "highway": "footway"
      }
    },
    {
      "type": "Feature",
      "geometry": {
        "type": "LineString",
        "coordinates": [
          [
            113.3173642,
            23.1221195
          ],
          [
            113.3169447,
            23.1221393
          ],
          [
            113.3167191,
            23.1221563
          ],
          [
            113.3163874,
            23.1221812
          ],
          [
            113.3162663,
            23.1222102
          ],
          [
            113.3161756,
            23.1222833
          ],
          [
            113.3160659,
            23.1224189
          ],
          [
            113.316037,
            23.1225188
          ],
          [
            113.3160161,
            23.1225921
          ],
          [
            113.3160087,
            23.1226434
          ],
          [
            113.3160241,
            23.1227013
          ],
          [
            113.316058,
            23.122751
          ],
          [
            113.3160684,
            23.1227914
          ],
          [
            113.3160701,
            23.1230075
          ],
          [
            113.3160563,
            23.1230903
          ],
          [
            113.3160224,
            23.1232013
          ],
          [
            113.3159864,
            23.1233484
          ],
          [
            113.3159897,
            23.1233703
          ],
          [
            113.3160168,
            23.1233853
          ],
          [
            113.3160334,
            23.1233864
          ],
          [
            113.3160535,
            23.1233877
          ],
          [
            113.3161093,
            23.1233836
          ]
        ]
      },
      "properties": {
        "id": "w1373459671",
        "nodes": [
          12716683091,
          5396109324,
          12716683094,
          12716683051,
          12716683052,
          12716683053,
          12716683054,
          12716685903,
          12716683055,
          12728510995,
          12728510996,
          12728510997,
          12728511009,
          12728510998,
          12728510999,
          12728511000,
          12728511001,
          12728511004,
          12728511003,
          12728511014,
          12728511002,
          12728511006
        ],
        "footway": "sidewalk",
        "highway": "footway"
      }
    },
    {
      "type": "Feature",
      "geometry": {
        "type": "LineString",
        "coordinates": [
          [
            113.3166462,
            23.1208196
          ],
          [
            113.31596,
            23.1208294
          ],
          [
            113.3159743,
            23.1214265
          ],
          [
            113.3160389,
            23.1215812
          ],
          [
            113.3160897,
            23.1216552
          ],
          [
            113.3161847,
            23.1217255
          ],
          [
            113.3162709,
            23.1217483
          ],
          [
            113.3164075,
            23.1217409
          ],
          [
            113.3168814,
            23.1217126
          ]
        ]
      },
      "properties": {
        "id": "w1373459672",
        "nodes": [
          12723135319,
          12716683056,
          12716683057,
          12716683058,
          12716683059,
          12716683062,
          12716683060,
          12716683068,
          12716683063
        ],
        "footway": "sidewalk",
        "highway": "footway"
      }
    },
    {
      "type": "Feature",
      "geometry": {
        "type": "LineString",
        "coordinates": [
          [
            113.3170103,
            23.1217076
          ],
          [
            113.317401,
            23.1216734
          ],
          [
            113.3175656,
            23.1216584
          ],
          [
            113.3176934,
            23.1216231
          ],
          [
            113.3178287,
            23.1214864
          ],
          [
            113.3179002,
            23.1213445
          ],
          [
            113.3179942,
            23.1211604
          ]
        ]
      },
      "properties": {
        "id": "w1373459673",
        "nodes": [
          12716683064,
          12716683061,
          12716683092,
          12723135247,
          12723135248,
          12723135249,
          12723135250
        ],
        "footway": "sidewalk",
        "highway": "footway"
      }
    },
    {
      "type": "Feature",
      "geometry": {
        "type": "LineString",
        "coordinates": [
          [
            113.3168814,
            23.1217126
          ],
          [
            113.3169476,
            23.1217098
          ],
          [
            113.3170103,
            23.1217076
          ]
        ]
      },
      "properties": {
        "id": "w1373459674",
        "nodes": [
          12716683063,
          12716683065,
          12716683064
        ],
        "crossing": "uncontrolled",
        "crossing:markings": "yes",
        "footway": "crossing",
        "highway": "footway"
      }
    },
    {
      "type": "Feature",
      "geometry": {
        "type": "LineString",
        "coordinates": [
          [
            113.3168814,
            23.1217126
          ],
          [
            113.3168776,
            23.1216017
          ]
        ]
      },
      "properties": {
        "id": "w1373459675",
        "nodes": [
          12716683063,
          12716683066
        ],
        "footway": "sidewalk",
        "highway": "footway"
      }
    },
    {
      "type": "Feature",
      "geometry": {
        "type": "LineString",
        "coordinates": [
          [
            113.3170103,
            23.1217076
          ],
          [
            113.3170084,
            23.1216009
          ]
        ]
      },
      "properties": {
        "id": "w1373459676",
        "nodes": [
          12716683064,
          12716683067
        ],
        "footway": "sidewalk",
        "highway": "footway"
      }
    },
    {
      "type": "Feature",
      "geometry": {
        "type": "LineString",
        "coordinates": [
          [
            113.3163848,
            23.1214539
          ],
          [
            113.3164075,
            23.1217409
          ]
        ]
      },
      "properties": {
        "id": "w1373459677",
        "nodes": [
          9048102842,
          12716683068
        ],
        "footway": "sidewalk",
        "highway": "footway"
      }
    },
    {
      "type": "Feature",
      "geometry": {
        "type": "LineString",
        "coordinates": [
          [
            113.3156104,
            23.1211148
          ],
          [
            113.315608,
            23.1210413
          ],
          [
            113.3156051,
            23.1209685
          ]
        ]
      },
      "properties": {
        "id": "w1373459678",
        "nodes": [
          12716683048,
          12716683070,
          12716683069
        ],
        "crossing": "uncontrolled",
        "crossing:markings": "yes",
        "footway": "crossing",
        "highway": "footway"
      }
    },
    {
      "type": "Feature",
      "geometry": {
        "type": "LineString",
        "coordinates": [
          [
            113.3156104,
            23.1211148
          ],
          [
            113.3156009,
            23.1210986
          ],
          [
            113.3155842,
            23.1210922
          ],
          [
            113.315506,
            23.121094
          ]
        ]
      },
      "properties": {
        "id": "w1373459679",
        "nodes": [
          12716683048,
          12716683090,
          12716683084,
          12716683071
        ],
        "footway": "sidewalk",
        "highway": "footway"
      }
    },
    {
      "type": "Feature",
      "geometry": {
        "type": "LineString",
        "coordinates": [
          [
            113.3156051,
            23.1209685
          ],
          [
            113.3155966,
            23.1209877
          ],
          [
            113.3155811,
            23.1209963
          ],
          [
            113.3154981,
            23.1209972
          ]
        ]
      },
      "properties": {
        "id": "w1373459680",
        "nodes": [
          12716683069,
          12716683089,
          12716683083,
          12716683072
        ],
        "footway": "sidewalk",
        "highway": "footway"
      }
    },
    {
      "type": "Feature",
      "geometry": {
        "type": "LineString",
        "coordinates": [
          [
            113.3156051,
            23.1209685
          ],
          [
            113.3155911,
            23.1204909
          ],
          [
            113.3155888,
            23.1204155
          ],
          [
            113.3155696,
            23.1203848
          ],
          [
            113.3155496,
            23.1203644
          ],
          [
            113.3155182,
            23.120352
          ],
          [
            113.3153816,
            23.1203513
          ]
        ]
      },
      "properties": {
        "id": "w1373459681",
        "nodes": [
          12716683069,
          12716683078,
          12716683073,
          12716683080,
          12716683086,
          12716683081,
          12716683082
        ],
        "footway": "sidewalk",
        "highway": "footway"
      }
    },
    {
      "type": "Feature",
      "geometry": {
        "type": "LineString",
        "coordinates": [
          [
            113.3167366,
            23.1224741
          ],
          [
            113.3167191,
            23.1221563
          ]
        ]
      },
      "properties": {
        "id": "w1373459685",
        "nodes": [
          9048102849,
          12716683094
        ],
        "highway": "footway"
      }
    },
    {
      "type": "Feature",
      "geometry": {
        "type": "LineString",
        "coordinates": [
          [
            113.3161507,
            23.1222786
          ],
          [
            113.3161756,
            23.1222833
          ]
        ]
      },
      "properties": {
        "id": "w1373459687",
        "nodes": [
          12716685904,
          12716683053
        ],
        "crossing:markings": "yes",
        "footway": "sidewalk",
        "highway": "footway"
      }
    },
    {
      "type": "Feature",
      "geometry": {
        "type": "LineString",
        "coordinates": [
          [
            113.3110107,
            23.122156
          ],
          [
            113.3105128,
            23.1221781
          ],
          [
            113.3104529,
            23.1221663
          ],
          [
            113.310359,
            23.1221479
          ],
          [
            113.3102647,
            23.122107
          ],
          [
            113.3102069,
            23.1220407
          ],
          [
            113.3101833,
            23.1220121
          ],
          [
            113.3101565,
            23.1219589
          ],
          [
            113.3101292,
            23.1218783
          ],
          [
            113.3101215,
            23.1218242
          ],
          [
            113.310124,
            23.1217117
          ]
        ]
      },
      "properties": {
        "id": "w1373650631",
        "nodes": [
          12718250088,
          12718250087,
          6875261767,
          12718250086,
          12718250085,
          12718250084,
          12718250090,
          12718250089,
          2422459645,
          12718250080,
          12718250081
        ],
        "footway": "sidewalk",
        "highway": "footway"
      }
    },
    {
      "type": "Feature",
      "geometry": {
        "type": "LineString",
        "coordinates": [
          [
            113.3110107,
            23.122156
          ],
          [
            113.3110456,
            23.1221542
          ],
          [
            113.3110837,
            23.1221523
          ]
        ]
      },
      "properties": {
        "id": "w1373650633",
        "nodes": [
          12718250088,
          6875261773,
          12718250091
        ],
        "crossing": "uncontrolled",
        "crossing:markings": "yes",
        "footway": "crossing",
        "highway": "footway"
      }
    },
    {
      "type": "Feature",
      "geometry": {
        "type": "LineString",
        "coordinates": [
          [
            113.3110837,
            23.1221523
          ],
          [
            113.3126203,
            23.1220572
          ]
        ]
      },
      "properties": {
        "id": "w1373650634",
        "nodes": [
          12718250091,
          10768027132
        ],
        "footway": "sidewalk",
        "highway": "footway"
      }
    },
    {
      "type": "Feature",
      "geometry": {
        "type": "LineString",
        "coordinates": [
          [
            113.3128849,
            23.121164
          ],
          [
            113.3128849,
            23.1211136
          ],
          [
            113.3128849,
            23.1210673
          ]
        ]
      },
      "properties": {
        "id": "w1373650635",
        "nodes": [
          12718250094,
          6875262187,
          12718250095
        ],
        "crossing": "uncontrolled",
        "crossing:markings": "yes",
        "footway": "crossing",
        "highway": "footway"
      }
    },
    {
      "type": "Feature",
      "geometry": {
        "type": "LineString",
        "coordinates": [
          [
            113.3128849,
            23.1210673
          ],
          [
            113.3128699,
            23.1204597
          ],
          [
            113.312861,
            23.12043
          ],
          [
            113.3128574,
            23.120418
          ],
          [
            113.3128352,
            23.12039
          ],
          [
            113.3128289,
            23.120382
          ],
          [
            113.3127843,
            23.1203616
          ],
          [
            113.3124029,
            23.1203616
          ]
        ]
      },
      "properties": {
        "id": "w1373650636",
        "nodes": [
          12718250095,
          12718250096,
          12718250120,
          12718250112,
          12718250122,
          12718250113,
          12718250097,
          12718250098
        ],
        "footway": "sidewalk",
        "highway": "footway"
      }
    },
    {
      "type": "Feature",
      "geometry": {
        "type": "LineString",
        "coordinates": [
          [
            113.3130666,
            23.1211584
          ],
          [
            113.3130659,
            23.1211078
          ],
          [
            113.3130651,
            23.1210535
          ]
        ]
      },
      "properties": {
        "id": "w1373650637",
        "nodes": [
          12718250099,
          12718250101,
          12718250100
        ],
        "crossing": "uncontrolled",
        "crossing:markings": "yes",
        "footway": "crossing",
        "highway": "footway"
      }
    },
    {
      "type": "Feature",
      "geometry": {
        "type": "LineString",
        "coordinates": [
          [
            113.3130651,
            23.1210535
          ],
          [
            113.3130606,
            23.120468
          ],
          [
            113.3130738,
            23.1204304
          ],
          [
            113.3130771,
            23.1204209
          ],
          [
            113.313117,
            23.1203811
          ],
          [
            113.3131612,
            23.1203658
          ],
          [
            113.3137671,
            23.1203642
          ],
          [
            113.3137946,
            23.1203641
          ]
        ]
      },
      "properties": {
        "id": "w1373650638",
        "nodes": [
          12718250100,
          12718250102,
          12718250121,
          12718250116,
          12718250117,
          12718250103,
          12728511217,
          12718250104
        ],
        "footway": "sidewalk",
        "highway": "footway"
      }
    },
    {
      "type": "Feature",
      "geometry": {
        "type": "LineString",
        "coordinates": [
          [
            113.3176555,
            23.1243126
          ],
          [
            113.3176367,
            23.1241464
          ],
          [
            113.3176355,
            23.1241242
          ],
          [
            113.3176176,
            23.1237822
          ],
          [
            113.3176157,
            23.1237161
          ]
        ]
      },
      "properties": {
        "id": "w1374133782",
        "nodes": [
          12723135191,
          12723135172,
          12723135175,
          12723135174,
          12723135173
        ],
        "footway": "sidewalk",
        "highway": "footway"
      }
    },
    {
      "type": "Feature",
      "geometry": {
        "type": "LineString",
        "coordinates": [
          [
            113.317561,
            23.1242971
          ],
          [
            113.3174867,
            23.1242462
          ],
          [
            113.3174156,
            23.1241498
          ],
          [
            113.3173847,
            23.1240371
          ],
          [
            113.3173735,
            23.1237274
          ]
        ]
      },
      "properties": {
        "id": "w1374133789",
        "nodes": [
          299851788,
          12723135193,
          12723135194,
          12723135195,
          12723135196
        ],
        "highway": "service",
        "service": "parking_aisle"
      }
    },
    {
      "type": "Feature",
      "geometry": {
        "type": "LineString",
        "coordinates": [
          [
            113.3174611,
            23.1241852
          ],
          [
            113.3174547,
            23.1236945
          ],
          [
            113.317429,
            23.1236084
          ],
          [
            113.3174105,
            23.1235929
          ],
          [
            113.3173432,
            23.1235367
          ],
          [
            113.3172352,
            23.1234937
          ],
          [
            113.3170814,
            23.1234834
          ],
          [
            113.3161559,
            23.1235484
          ],
          [
            113.3160976,
            23.1235761
          ],
          [
            113.3160606,
            23.1236194
          ],
          [
            113.3160379,
            23.123678
          ],
          [
            113.3160535,
            23.1245969
          ],
          [
            113.316054,
            23.1246272
          ],
          [
            113.3160809,
            23.1246826
          ],
          [
            113.3161148,
            23.1247106
          ],
          [
            113.3161455,
            23.1247224
          ],
          [
            113.3168855,
            23.124672
          ]
        ]
      },
      "properties": {
        "id": "w1374133793",
        "nodes": [
          12723135202,
          12723135203,
          12723135204,
          12723135208,
          12723135205,
          12723135206,
          12723135207,
          12723135221,
          12728511013,
          12728511012,
          12728511010,
          12728511049,
          12728511011,
          12728511041,
          12728511042,
          12728511035,
          12728511036
        ],
        "footway": "sidewalk",
        "highway": "footway"
      }
    },
    {
      "type": "Feature",
      "geometry": {
        "type": "LineString",
        "coordinates": [
          [
            113.3166865,
            23.1233408
          ],
          [
            113.3167999,
            23.1233323
          ],
          [
            113.317074,
            23.1233116
          ],
          [
            113.3172146,
            23.1232907
          ]
        ]
      },
      "properties": {
        "id": "w1374133794",
        "nodes": [
          12723135219,
          12723135215,
          12723135209,
          12723135217
        ],
        "footway": "sidewalk",
        "highway": "footway"
      }
    },
    {
      "type": "Feature",
      "geometry": {
        "type": "LineString",
        "coordinates": [
          [
            113.3172779,
            23.1232813
          ],
          [
            113.3173531,
            23.1232419
          ],
          [
            113.3173945,
            23.1231785
          ],
          [
            113.3174277,
            23.1231278
          ],
          [
            113.3174587,
            23.1230386
          ],
          [
            113.3174665,
            23.1229723
          ],
          [
            113.3174708,
            23.1229088
          ],
          [
            113.3174962,
            23.1227273
          ],
          [
            113.3175412,
            23.1224413
          ],
          [
            113.3175525,
            23.1223139
          ],
          [
            113.3175197,
            23.1222313
          ],
          [
            113.317455,
            23.1221556
          ],
          [
            113.3173642,
            23.1221195
          ]
        ]
      },
      "properties": {
        "id": "w1374133795",
        "nodes": [
          12723135210,
          12723135211,
          12723135232,
          12723135212,
          12723135213,
          12723135234,
          12723135214,
          12723135235,
          12723135236,
          12723135237,
          12723135238,
          12723135239,
          12716683091
        ],
        "footway": "sidewalk",
        "highway": "footway"
      }
    },
    {
      "type": "Feature",
      "geometry": {
        "type": "LineString",
        "coordinates": [
          [
            113.3172146,
            23.1232907
          ],
          [
            113.3172383,
            23.1232872
          ],
          [
            113.3172779,
            23.1232813
          ]
        ]
      },
      "properties": {
        "id": "w1374133796",
        "nodes": [
          12723135217,
          6796956721,
          12723135210
        ],
        "crossing": "uncontrolled",
        "crossing:markings": "yes",
        "footway": "crossing",
        "highway": "footway"
      }
    },
    {
      "type": "Feature",
      "geometry": {
        "type": "LineString",
        "coordinates": [
          [
            113.3164588,
            23.1233578
          ],
          [
            113.3166267,
            23.1233453
          ]
        ]
      },
      "properties": {
        "id": "w1374133797",
        "nodes": [
          12723135216,
          12723135218
        ],
        "footway": "sidewalk",
        "highway": "footway"
      }
    },
    {
      "type": "Feature",
      "geometry": {
        "type": "LineString",
        "coordinates": [
          [
            113.3166267,
            23.1233453
          ],
          [
            113.3166574,
            23.123343
          ],
          [
            113.3166865,
            23.1233408
          ]
        ]
      },
      "properties": {
        "id": "w1374133798",
        "nodes": [
          12723135218,
          12723135220,
          12723135219
        ],
        "crossing": "unmarked",
        "crossing:markings": "yes",
        "footway": "crossing",
        "highway": "footway"
      }
    },
    {
      "type": "Feature",
      "geometry": {
        "type": "LineString",
        "coordinates": [
          [
            113.3175367,
            23.1236822
          ],
          [
            113.3176167,
            23.1236918
          ],
          [
            113.3176661,
            23.1236976
          ]
        ]
      },
      "properties": {
        "id": "w1374133799",
        "nodes": [
          12723135223,
          12723135231,
          12723135225
        ],
        "highway": "service",
        "oneway": "yes",
        "service": "parking_aisle"
      }
    },
    {
      "type": "Feature",
      "geometry": {
        "type": "LineString",
        "coordinates": [
          [
            113.3176661,
            23.1236976
          ],
          [
            113.3177753,
            23.1237106
          ]
        ]
      },
      "properties": {
        "id": "w1374133800",
        "nodes": [
          12723135225,
          12723135224
        ],
        "highway": "service",
        "layer": "-1",
        "oneway": "yes",
        "service": "parking_aisle",
        "tunnel": "yes"
      }
    },
    {
      "type": "Feature",
      "geometry": {
        "type": "LineString",
        "coordinates": [
          [
            113.3178188,
            23.122489
          ],
          [
            113.3177068,
            23.1224627
          ]
        ]
      },
      "properties": {
        "id": "w1374133801",
        "nodes": [
          12723135228,
          12723135227
        ],
        "highway": "service",
        "oneway": "yes",
        "service": "parking_aisle"
      }
    },
    {
      "type": "Feature",
      "geometry": {
        "type": "LineString",
        "coordinates": [
          [
            113.3179332,
            23.1225233
          ],
          [
            113.3178188,
            23.122489
          ]
        ]
      },
      "properties": {
        "id": "w1374133802",
        "nodes": [
          12723135226,
          12723135228
        ],
        "highway": "service",
        "layer": "-1",
        "oneway": "yes",
        "service": "parking_aisle",
        "tunnel": "yes"
      }
    },
    {
      "type": "Feature",
      "geometry": {
        "type": "LineString",
        "coordinates": [
          [
            113.3176157,
            23.1237161
          ],
          [
            113.3176167,
            23.1236918
          ],
          [
            113.317618,
            23.1236633
          ]
        ]
      },
      "properties": {
        "id": "w1374133803",
        "nodes": [
          12723135173,
          12723135231,
          12723135230
        ],
        "crossing": "uncontrolled",
        "crossing:markings": "yes",
        "footway": "crossing",
        "highway": "footway"
      }
    },
    {
      "type": "Feature",
      "geometry": {
        "type": "LineString",
        "coordinates": [
          [
            113.3176648,
            23.1230311
          ],
          [
            113.3177514,
            23.1230581
          ]
        ]
      },
      "properties": {
        "id": "w1374133804",
        "nodes": [
          12723135233,
          5599782011
        ],
        "highway": "footway"
      }
    },
    {
      "type": "Feature",
      "geometry": {
        "type": "LineString",
        "coordinates": [
          [
            113.317618,
            23.1236633
          ],
          [
            113.3176271,
            23.1234605
          ],
          [
            113.3176524,
            23.1231301
          ],
          [
            113.3176648,
            23.1230311
          ],
          [
            113.3177012,
            23.1228322
          ],
          [
            113.317744,
            23.1225877
          ],
          [
            113.3177556,
            23.1225468
          ],
          [
            113.3177803,
            23.1225243
          ],
          [
            113.3178127,
            23.1225125
          ]
        ]
      },
      "properties": {
        "id": "w1374133805",
        "nodes": [
          12723135230,
          12723135240,
          12723135241,
          12723135233,
          12723135242,
          12723135243,
          12723135246,
          12723135244,
          12723135245
        ],
        "footway": "sidewalk",
        "highway": "footway"
      }
    },
    {
      "type": "Feature",
      "geometry": {
        "type": "LineString",
        "coordinates": [
          [
            113.3179942,
            23.1211604
          ],
          [
            113.318012,
            23.1211254
          ],
          [
            113.3180276,
            23.1210978
          ]
        ]
      },
      "properties": {
        "id": "w1374133806",
        "nodes": [
          12723135250,
          12723135252,
          12723135251
        ],
        "crossing": "unmarked",
        "crossing:markings": "yes",
        "footway": "crossing",
        "highway": "footway"
      }
    },
    {
      "type": "Feature",
      "geometry": {
        "type": "LineString",
        "coordinates": [
          [
            113.3180276,
            23.1210978
          ],
          [
            113.3181098,
            23.1209505
          ],
          [
            113.3181447,
            23.1208619
          ],
          [
            113.3181736,
            23.1207338
          ],
          [
            113.3181863,
            23.1206439
          ]
        ]
      },
      "properties": {
        "id": "w1374133807",
        "nodes": [
          12723135251,
          12723135253,
          12723135254,
          12723135255,
          12723135256
        ],
        "footway": "sidewalk",
        "highway": "footway"
      }
    },
    {
      "type": "Feature",
      "geometry": {
        "type": "LineString",
        "coordinates": [
          [
            113.3181863,
            23.1206439
          ],
          [
            113.3181896,
            23.1206022
          ],
          [
            113.3181938,
            23.1205603
          ]
        ]
      },
      "properties": {
        "id": "w1374133808",
        "nodes": [
          12723135256,
          12723135258,
          12723135257
        ],
        "crossing": "unmarked",
        "crossing:markings": "yes",
        "footway": "crossing",
        "highway": "footway"
      }
    },
    {
      "type": "Feature",
      "geometry": {
        "type": "LineString",
        "coordinates": [
          [
            113.3180601,
            23.1211361
          ],
          [
            113.3180276,
            23.1210978
          ],
          [
            113.3178239,
            23.1208582
          ],
          [
            113.3179948,
            23.1206482
          ],
          [
            113.3181863,
            23.1206439
          ],
          [
            113.3182343,
            23.1206428
          ],
          [
            113.3182099,
            23.1208024
          ],
          [
            113.3181769,
            23.1209091
          ],
          [
            113.3181439,
            23.1209801
          ],
          [
            113.3180925,
            23.1210857
          ],
          [
            113.3180601,
            23.1211361
          ]
        ]
      },
      "properties": {
        "id": "w1374133809",
        "nodes": [
          12723135260,
          12723135251,
          12723135261,
          12723135262,
          12723135256,
          12723135263,
          12723135264,
          12723135265,
          12723135266,
          12723135267,
          12723135260
        ],
        "area": "yes",
        "highway": "pedestrian"
      }
    },
    {
      "type": "Feature",
      "geometry": {
        "type": "LineString",
        "coordinates": [
          [
            113.3181938,
            23.1205603
          ],
          [
            113.3182031,
            23.1204803
          ],
          [
            113.3183368,
            23.1199926
          ]
        ]
      },
      "properties": {
        "id": "w1374133810",
        "nodes": [
          12723135257,
          12723135268,
          12723135269
        ],
        "footway": "sidewalk",
        "highway": "footway"
      }
    },
    {
      "type": "Feature",
      "geometry": {
        "type": "LineString",
        "coordinates": [
          [
            113.3175279,
            23.1195651
          ],
          [
            113.3170586,
            23.1195588
          ],
          [
            113.3170178,
            23.1195762
          ],
          [
            113.3169965,
            23.1195952
          ],
          [
            113.3169869,
            23.1196038
          ],
          [
            113.3169694,
            23.1196396
          ],
          [
            113.3170084,
            23.1216009
          ]
        ]
      },
      "properties": {
        "id": "w1374133816",
        "nodes": [
          12723135284,
          12723135286,
          12723135302,
          12723135307,
          12723135301,
          12723135287,
          12716683067
        ],
        "footway": "sidewalk",
        "highway": "footway"
      }
    },
    {
      "type": "Feature",
      "geometry": {
        "type": "LineString",
        "coordinates": [
          [
            113.3168615,
            23.1206856
          ],
          [
            113.3168522,
            23.1196234
          ],
          [
            113.3168344,
            23.1195966
          ],
          [
            113.3168086,
            23.1195765
          ],
          [
            113.3167694,
            23.1195642
          ],
          [
            113.3159876,
            23.1195652
          ],
          [
            113.3159568,
            23.1195758
          ],
          [
            113.3159394,
            23.1195994
          ],
          [
            113.3159492,
            23.1201557
          ],
          [
            113.3159505,
            23.1202282
          ],
          [
            113.3159587,
            23.1206945
          ]
        ]
      },
      "properties": {
        "id": "w1374133817",
        "nodes": [
          12723135288,
          12723135289,
          12723135300,
          12723135299,
          12723135290,
          12723135291,
          12723135323,
          12723135321,
          12729263802,
          12729263804,
          12723135322
        ],
        "footway": "sidewalk",
        "highway": "footway"
      }
    },
    {
      "type": "Feature",
      "geometry": {
        "type": "LineString",
        "coordinates": [
          [
            113.3168615,
            23.1206856
          ],
          [
            113.3168619,
            23.1207605
          ],
          [
            113.3168622,
            23.1208177
          ]
        ]
      },
      "properties": {
        "id": "w1374133820",
        "nodes": [
          12723135288,
          12723135315,
          12723135314
        ],
        "crossing": "uncontrolled",
        "crossing:markings": "yes",
        "footway": "crossing",
        "highway": "footway"
      }
    },
    {
      "type": "Feature",
      "geometry": {
        "type": "LineString",
        "coordinates": [
          [
            113.3168622,
            23.1208177
          ],
          [
            113.3168776,
            23.1216017
          ]
        ]
      },
      "properties": {
        "id": "w1374133821",
        "nodes": [
          12723135314,
          12716683066
        ],
        "footway": "sidewalk",
        "highway": "footway"
      }
    },
    {
      "type": "Feature",
      "geometry": {
        "type": "LineString",
        "coordinates": [
          [
            113.316691,
            23.1207621
          ],
          [
            113.3166922,
            23.1208192
          ],
          [
            113.3166967,
            23.1210456
          ]
        ]
      },
      "properties": {
        "id": "w1374133822",
        "nodes": [
          12723135316,
          12723135320,
          12723135317
        ],
        "highway": "service"
      }
    },
    {
      "type": "Feature",
      "geometry": {
        "type": "LineString",
        "coordinates": [
          [
            113.3168622,
            23.1208177
          ],
          [
            113.316741,
            23.1208186
          ]
        ]
      },
      "properties": {
        "id": "w1374133823",
        "nodes": [
          12723135314,
          12723135318
        ],
        "footway": "sidewalk",
        "highway": "footway"
      }
    },
    {
      "type": "Feature",
      "geometry": {
        "type": "LineString",
        "coordinates": [
          [
            113.316741,
            23.1208186
          ],
          [
            113.3166922,
            23.1208192
          ],
          [
            113.3166462,
            23.1208196
          ]
        ]
      },
      "properties": {
        "id": "w1374133824",
        "nodes": [
          12723135318,
          12723135320,
          12723135319
        ],
        "crossing": "unmarked",
        "crossing:markings": "yes",
        "footway": "crossing",
        "highway": "footway"
      }
    },
    {
      "type": "Feature",
      "geometry": {
        "type": "LineString",
        "coordinates": [
          [
            113.3168615,
            23.1206856
          ],
          [
            113.3159587,
            23.1206945
          ]
        ]
      },
      "properties": {
        "id": "w1374133826",
        "nodes": [
          12723135288,
          12723135322
        ],
        "footway": "sidewalk",
        "highway": "footway"
      }
    },
    {
      "type": "Feature",
      "geometry": {
        "type": "LineString",
        "coordinates": [
          [
            113.31596,
            23.1208294
          ],
          [
            113.3159594,
            23.1207687
          ],
          [
            113.3159587,
            23.1206945
          ]
        ]
      },
      "properties": {
        "id": "w1374133827",
        "nodes": [
          12716683056,
          12723135330,
          12723135322
        ],
        "crossing": "uncontrolled",
        "crossing:markings": "yes",
        "footway": "crossing",
        "highway": "footway"
      }
    },
    {
      "type": "Feature",
      "geometry": {
        "type": "LineString",
        "coordinates": [
          [
            113.3117434,
            23.1225278
          ],
          [
            113.3127248,
            23.1224554
          ],
          [
            113.3127574,
            23.122453
          ],
          [
            113.312806,
            23.1224669
          ],
          [
            113.3128714,
            23.1225039
          ],
          [
            113.312898,
            23.1225499
          ],
          [
            113.3129157,
            23.1226004
          ],
          [
            113.3129371,
            23.1229985
          ]
        ]
      },
      "properties": {
        "id": "w1374671543",
        "nodes": [
          6909018872,
          10768027126,
          6909018871,
          6909039327,
          6909039326,
          6909039325,
          6909039324,
          12728510960
        ],
        "footway": "sidewalk",
        "highway": "footway"
      }
    },
    {
      "type": "Feature",
      "geometry": {
        "type": "LineString",
        "coordinates": [
          [
            113.3155209,
            23.1247818
          ],
          [
            113.3155028,
            23.1247834
          ],
          [
            113.3143452,
            23.1248846
          ],
          [
            113.3133436,
            23.1249721
          ],
          [
            113.3133025,
            23.1249695
          ],
          [
            113.3132745,
            23.1249569
          ],
          [
            113.313256,
            23.1249389
          ],
          [
            113.3132404,
            23.1249107
          ],
          [
            113.3132268,
            23.1238935
          ],
          [
            113.3132378,
            23.1238489
          ],
          [
            113.3132544,
            23.1238238
          ],
          [
            113.3132769,
            23.1238027
          ],
          [
            113.3133288,
            23.1237825
          ],
          [
            113.313758,
            23.1237478
          ]
        ]
      },
      "properties": {
        "id": "w1374671554",
        "nodes": [
          12728510901,
          12728511046,
          12728511031,
          12728510902,
          12728510909,
          12728510914,
          12728510910,
          12728510903,
          12728510904,
          12728510938,
          12728510946,
          12728510939,
          12728510930,
          12728510931
        ],
        "footway": "sidewalk",
        "highway": "footway"
      }
    },
    {
      "type": "Feature",
      "geometry": {
        "type": "LineString",
        "coordinates": [
          [
            113.3124905,
            23.1238343
          ],
          [
            113.3128631,
            23.1238098
          ],
          [
            113.3129163,
            23.1238227
          ],
          [
            113.3129453,
            23.1238394
          ],
          [
            113.3129624,
            23.1238608
          ],
          [
            113.3129767,
            23.1239049
          ],
          [
            113.312999,
            23.1249233
          ],
          [
            113.3129788,
            23.1249596
          ],
          [
            113.3129634,
            23.1249761
          ],
          [
            113.3129377,
            23.1249918
          ],
          [
            113.3128955,
            23.1250056
          ],
          [
            113.3124811,
            23.125035
          ]
        ]
      },
      "properties": {
        "id": "w1374671561",
        "nodes": [
          12728510927,
          12728510926,
          12728510937,
          12728510944,
          12728510936,
          6909039323,
          12728504494,
          12728510911,
          12728510916,
          12728510912,
          12728504497,
          12728504498
        ],
        "footway": "sidewalk",
        "highway": "footway"
      }
    },
    {
      "type": "Feature",
      "geometry": {
        "type": "LineString",
        "coordinates": [
          [
            113.3139921,
            23.123592
          ],
          [
            113.3139194,
            23.1235976
          ],
          [
            113.3137449,
            23.1236112
          ],
          [
            113.3133172,
            23.1236443
          ],
          [
            113.3132635,
            23.1236324
          ],
          [
            113.3132354,
            23.1236216
          ],
          [
            113.3132147,
            23.1236011
          ],
          [
            113.3131972,
            23.1235617
          ],
          [
            113.3131768,
            23.1231439
          ]
        ]
      },
      "properties": {
        "id": "w1374671562",
        "nodes": [
          12728510932,
          12728510982,
          12728510980,
          12728510933,
          12728510940,
          12728510945,
          12728510941,
          12728510934,
          12728510935
        ],
        "footway": "sidewalk",
        "highway": "footway"
      }
    },
    {
      "type": "Feature",
      "geometry": {
        "type": "LineString",
        "coordinates": [
          [
            113.3129767,
            23.1239049
          ],
          [
            113.3130677,
            23.1239007
          ],
          [
            113.3131497,
            23.123897
          ],
          [
            113.3132268,
            23.1238935
          ]
        ]
      },
      "properties": {
        "id": "w1374671563",
        "nodes": [
          6909039323,
          4418948405,
          12728510948,
          12728510904
        ],
        "crossing": "traffic_signals",
        "crossing:markings": "yes",
        "footway": "crossing",
        "highway": "footway"
      }
    },
    {
      "type": "Feature",
      "geometry": {
        "type": "LineString",
        "coordinates": [
          [
            113.3128631,
            23.1238098
          ],
          [
            113.3128575,
            23.123746
          ],
          [
            113.3128515,
            23.1236773
          ]
        ]
      },
      "properties": {
        "id": "w1374671564",
        "nodes": [
          12728510926,
          12728510949,
          12728510928
        ],
        "crossing": "traffic_signals",
        "crossing:markings": "yes",
        "footway": "crossing",
        "highway": "footway"
      }
    },
    {
      "type": "Feature",
      "geometry": {
        "type": "LineString",
        "coordinates": [
          [
            113.3129684,
            23.12358
          ],
          [
            113.3130491,
            23.1235735
          ],
          [
            113.3131374,
            23.1235665
          ],
          [
            113.3131972,
            23.1235617
          ]
        ]
      },
      "properties": {
        "id": "w1374671565",
        "nodes": [
          12728510925,
          12728510950,
          12728510951,
          12728510934
        ],
        "crossing": "traffic_signals",
        "crossing:markings": "yes",
        "footway": "crossing",
        "highway": "footway"
      }
    },
    {
      "type": "Feature",
      "geometry": {
        "type": "LineString",
        "coordinates": [
          [
            113.3133288,
            23.1237825
          ],
          [
            113.3133229,
            23.1237123
          ],
          [
            113.3133172,
            23.1236443
          ]
        ]
      },
      "properties": {
        "id": "w1374671566",
        "nodes": [
          12728510930,
          12728510952,
          12728510933
        ],
        "crossing": "traffic_signals",
        "crossing:markings": "yes",
        "footway": "crossing",
        "highway": "footway"
      }
    },
    {
      "type": "Feature",
      "geometry": {
        "type": "LineString",
        "coordinates": [
          [
            113.3129453,
            23.1238394
          ],
          [
            113.3130594,
            23.1237537
          ],
          [
            113.3130692,
            23.1237463
          ],
          [
            113.3130882,
            23.1237321
          ],
          [
            113.3130906,
            23.1237303
          ],
          [
            113.3131422,
            23.1236915
          ],
          [
            113.3132354,
            23.1236216
          ]
        ]
      },
      "properties": {
        "id": "w1374671567",
        "nodes": [
          12728510944,
          12728511266,
          12728510953,
          12728511262,
          12728511263,
          12728511265,
          12728510945
        ],
        "crossing": "traffic_signals",
        "crossing:markings": "yes",
        "footway": "crossing",
        "highway": "footway"
      }
    },
    {
      "type": "Feature",
      "geometry": {
        "type": "LineString",
        "coordinates": [
          [
            113.3132544,
            23.1238238
          ],
          [
            113.3131448,
            23.1237633
          ],
          [
            113.3131098,
            23.123744
          ],
          [
            113.3130882,
            23.1237321
          ],
          [
            113.3130855,
            23.1237306
          ],
          [
            113.3130572,
            23.1237149
          ],
          [
            113.312929,
            23.1236441
          ]
        ]
      },
      "properties": {
        "id": "w1374671568",
        "nodes": [
          12728510946,
          12728511268,
          12728510954,
          12728511262,
          12728511264,
          12728511267,
          12728510947
        ],
        "crossing": "traffic_signals",
        "crossing:markings": "yes",
        "footway": "crossing",
        "highway": "footway"
      }
    },
    {
      "type": "Feature",
      "geometry": {
        "type": "LineString",
        "coordinates": [
          [
            113.3131154,
            23.1231071
          ],
          [
            113.3131749,
            23.1231033
          ],
          [
            113.313239,
            23.1230992
          ]
        ]
      },
      "properties": {
        "id": "w1374671569",
        "nodes": [
          12728510955,
          12728510958,
          12728510956
        ],
        "highway": "service"
      }
    },
    {
      "type": "Feature",
      "geometry": {
        "type": "LineString",
        "coordinates": [
          [
            113.3131768,
            23.1231439
          ],
          [
            113.3131749,
            23.1231033
          ],
          [
            113.313173,
            23.1230643
          ]
        ]
      },
      "properties": {
        "id": "w1374671570",
        "nodes": [
          12728510935,
          12728510958,
          12728510957
        ],
        "crossing": "unmarked",
        "crossing:markings": "yes",
        "footway": "crossing",
        "highway": "footway"
      }
    },
    {
      "type": "Feature",
      "geometry": {
        "type": "LineString",
        "coordinates": [
          [
            113.3129438,
            23.1231236
          ],
          [
            113.3129684,
            23.12358
          ],
          [
            113.3129441,
            23.123623
          ],
          [
            113.312929,
            23.1236441
          ],
          [
            113.3128993,
            23.1236635
          ],
          [
            113.3128515,
            23.1236773
          ],
          [
            113.312479,
            23.1236994
          ]
        ]
      },
      "properties": {
        "id": "w1374671571",
        "nodes": [
          12728510959,
          12728510925,
          12728510943,
          12728510947,
          12728510942,
          12728510928,
          12728510929
        ],
        "footway": "sidewalk",
        "highway": "footway"
      }
    },
    {
      "type": "Feature",
      "geometry": {
        "type": "LineString",
        "coordinates": [
          [
            113.3129371,
            23.1229985
          ],
          [
            113.3129405,
            23.1230617
          ],
          [
            113.3129438,
            23.1231236
          ]
        ]
      },
      "properties": {
        "id": "w1374671572",
        "nodes": [
          12728510960,
          6909039330,
          12728510959
        ],
        "crossing": "uncontrolled",
        "crossing:markings": "yes",
        "footway": "crossing",
        "highway": "footway"
      }
    },
    {
      "type": "Feature",
      "geometry": {
        "type": "LineString",
        "coordinates": [
          [
            113.3129438,
            23.1231236
          ],
          [
            113.312735,
            23.1231385
          ]
        ]
      },
      "properties": {
        "id": "w1374671573",
        "nodes": [
          12728510959,
          12728510961
        ],
        "footway": "sidewalk",
        "highway": "footway"
      }
    },
    {
      "type": "Feature",
      "geometry": {
        "type": "LineString",
        "coordinates": [
          [
            113.3129371,
            23.1229985
          ],
          [
            113.3127183,
            23.1230146
          ]
        ]
      },
      "properties": {
        "id": "w1374671574",
        "nodes": [
          12728510960,
          12728510962
        ],
        "footway": "sidewalk",
        "highway": "footway"
      }
    },
    {
      "type": "Feature",
      "geometry": {
        "type": "LineString",
        "coordinates": [
          [
            113.3143592,
            23.1222558
          ],
          [
            113.3143679,
            23.1223515
          ],
          [
            113.3144548,
            23.1235565
          ],
          [
            113.3144595,
            23.1236227
          ]
        ]
      },
      "properties": {
        "id": "w1374671575",
        "nodes": [
          12728510964,
          12728510968,
          12728510985,
          12728510965
        ],
        "highway": "service"
      }
    },
    {
      "type": "Feature",
      "geometry": {
        "type": "LineString",
        "coordinates": [
          [
            113.3143264,
            23.1223541
          ],
          [
            113.3135554,
            23.1224026
          ]
        ]
      },
      "properties": {
        "id": "w1374671576",
        "nodes": [
          12728510966,
          10768027130
        ],
        "footway": "sidewalk",
        "highway": "footway"
      }
    },
    {
      "type": "Feature",
      "geometry": {
        "type": "LineString",
        "coordinates": [
          [
            113.3144061,
            23.1223491
          ],
          [
            113.3143679,
            23.1223515
          ],
          [
            113.3143264,
            23.1223541
          ]
        ]
      },
      "properties": {
        "id": "w1374671577",
        "nodes": [
          12728510967,
          12728510968,
          12728510966
        ],
        "crossing": "unmarked",
        "crossing:markings": "yes",
        "footway": "crossing",
        "highway": "footway"
      }
    },
    {
      "type": "Feature",
      "geometry": {
        "type": "LineString",
        "coordinates": [
          [
            113.3140203,
            23.1236586
          ],
          [
            113.3140149,
            23.1235904
          ],
          [
            113.3140034,
            23.1234437
          ]
        ]
      },
      "properties": {
        "id": "w1374671578",
        "nodes": [
          12728510969,
          12728510975,
          12728510970
        ],
        "highway": "service"
      }
    },
    {
      "type": "Feature",
      "geometry": {
        "type": "LineString",
        "coordinates": [
          [
            113.3138383,
            23.1236726
          ],
          [
            113.3138451,
            23.1237406
          ],
          [
            113.3138509,
            23.1237991
          ],
          [
            113.3138636,
            23.1239392
          ]
        ]
      },
      "properties": {
        "id": "w1374671579",
        "nodes": [
          12728510971,
          12728510978,
          12728510973,
          12728510972
        ],
        "highway": "service"
      }
    },
    {
      "type": "Feature",
      "geometry": {
        "type": "LineString",
        "coordinates": [
          [
            113.3139921,
            23.123592
          ],
          [
            113.3140149,
            23.1235904
          ],
          [
            113.3140394,
            23.1235886
          ]
        ]
      },
      "properties": {
        "id": "w1374671580",
        "nodes": [
          12728510932,
          12728510975,
          12728510974
        ],
        "crossing": "unmarked",
        "crossing:markings": "yes",
        "footway": "crossing",
        "highway": "footway"
      }
    },
    {
      "type": "Feature",
      "geometry": {
        "type": "LineString",
        "coordinates": [
          [
            113.3140394,
            23.1235886
          ],
          [
            113.3144118,
            23.1235598
          ]
        ]
      },
      "properties": {
        "id": "w1374671581",
        "nodes": [
          12728510974,
          12728510976
        ],
        "footway": "sidewalk",
        "highway": "footway"
      }
    },
    {
      "type": "Feature",
      "geometry": {
        "type": "LineString",
        "coordinates": [
          [
            113.313758,
            23.1237478
          ],
          [
            113.3138451,
            23.1237406
          ],
          [
            113.3139317,
            23.1237335
          ]
        ]
      },
      "properties": {
        "id": "w1374671582",
        "nodes": [
          12728510931,
          12728510978,
          12728510977
        ],
        "crossing": "unmarked",
        "crossing:markings": "yes",
        "footway": "crossing",
        "highway": "footway"
      }
    },
    {
      "type": "Feature",
      "geometry": {
        "type": "LineString",
        "coordinates": [
          [
            113.3139317,
            23.1237335
          ],
          [
            113.3154741,
            23.1236101
          ],
          [
            113.3155229,
            23.1236247
          ],
          [
            113.3155636,
            23.1236627
          ],
          [
            113.3155859,
            23.123714
          ],
          [
            113.3156058,
            23.1246114
          ],
          [
            113.3156065,
            23.1246427
          ],
          [
            113.315594,
            23.1246963
          ],
          [
            113.3155672,
            23.1247401
          ],
          [
            113.3155209,
            23.1247818
          ]
        ]
      },
      "properties": {
        "id": "w1374671583",
        "nodes": [
          12728510977,
          12728510979,
          12728510993,
          12728510992,
          12728510990,
          12728511048,
          12728510991,
          12728511040,
          12728511039,
          12728510901
        ],
        "footway": "sidewalk",
        "highway": "footway"
      }
    },
    {
      "type": "Feature",
      "geometry": {
        "type": "LineString",
        "coordinates": [
          [
            113.313758,
            23.1237478
          ],
          [
            113.3137514,
            23.1236793
          ],
          [
            113.3137449,
            23.1236112
          ]
        ]
      },
      "properties": {
        "id": "w1374671584",
        "nodes": [
          12728510931,
          12728510981,
          12728510980
        ],
        "crossing": "uncontrolled",
        "crossing:markings": "yes",
        "footway": "crossing",
        "highway": "footway"
      }
    },
    {
      "type": "Feature",
      "geometry": {
        "type": "LineString",
        "coordinates": [
          [
            113.3139317,
            23.1237335
          ],
          [
            113.3139256,
            23.1236659
          ],
          [
            113.3139194,
            23.1235976
          ]
        ]
      },
      "properties": {
        "id": "w1374671585",
        "nodes": [
          12728510977,
          12728510983,
          12728510982
        ],
        "crossing": "uncontrolled",
        "crossing:markings": "yes",
        "footway": "crossing",
        "highway": "footway"
      }
    },
    {
      "type": "Feature",
      "geometry": {
        "type": "LineString",
        "coordinates": [
          [
            113.3144118,
            23.1235598
          ],
          [
            113.3144548,
            23.1235565
          ],
          [
            113.314502,
            23.1235529
          ]
        ]
      },
      "properties": {
        "id": "w1374671586",
        "nodes": [
          12728510976,
          12728510985,
          12728510984
        ],
        "crossing": "unmarked",
        "crossing:markings": "yes",
        "footway": "crossing",
        "highway": "footway"
      }
    },
    {
      "type": "Feature",
      "geometry": {
        "type": "LineString",
        "coordinates": [
          [
            113.314502,
            23.1235529
          ],
          [
            113.3154656,
            23.1234797
          ],
          [
            113.3155217,
            23.1234643
          ],
          [
            113.3155636,
            23.1234154
          ],
          [
            113.3155764,
            23.1233555
          ]
        ]
      },
      "properties": {
        "id": "w1374671587",
        "nodes": [
          12728510984,
          12728510986,
          12728510988,
          12728510989,
          12728510987
        ],
        "footway": "sidewalk",
        "highway": "footway"
      }
    },
    {
      "type": "Feature",
      "geometry": {
        "type": "LineString",
        "coordinates": [
          [
            113.3155859,
            23.123714
          ],
          [
            113.3155811,
            23.1235342
          ],
          [
            113.3155764,
            23.1233555
          ]
        ]
      },
      "properties": {
        "id": "w1374671588",
        "nodes": [
          12728510990,
          12728510994,
          12728510987
        ],
        "crossing": "uncontrolled",
        "crossing:markings": "yes",
        "footway": "crossing",
        "highway": "footway"
      }
    },
    {
      "type": "Feature",
      "geometry": {
        "type": "LineString",
        "coordinates": [
          [
            113.3161466,
            23.1234553
          ],
          [
            113.3161426,
            23.1233811
          ],
          [
            113.31614,
            23.1233338
          ]
        ]
      },
      "properties": {
        "id": "w1374671589",
        "nodes": [
          4457677567,
          12728511008,
          12728511005
        ],
        "highway": "service"
      }
    },
    {
      "type": "Feature",
      "geometry": {
        "type": "LineString",
        "coordinates": [
          [
            113.3161729,
            23.1233789
          ],
          [
            113.3163451,
            23.1233663
          ]
        ]
      },
      "properties": {
        "id": "w1374671590",
        "nodes": [
          12728511007,
          12728511077
        ],
        "footway": "sidewalk",
        "highway": "footway"
      }
    },
    {
      "type": "Feature",
      "geometry": {
        "type": "LineString",
        "coordinates": [
          [
            113.3161093,
            23.1233836
          ],
          [
            113.3161426,
            23.1233811
          ],
          [
            113.3161729,
            23.1233789
          ]
        ]
      },
      "properties": {
        "id": "w1374671591",
        "nodes": [
          12728511006,
          12728511008,
          12728511007
        ],
        "crossing": "unmarked",
        "crossing:markings": "yes",
        "footway": "crossing",
        "highway": "footway"
      }
    },
    {
      "type": "Feature",
      "geometry": {
        "type": "LineString",
        "coordinates": [
          [
            113.3160379,
            23.123678
          ],
          [
            113.3160346,
            23.1234614
          ],
          [
            113.3160334,
            23.1233864
          ]
        ]
      },
      "properties": {
        "id": "w1374671592",
        "nodes": [
          12728511010,
          12728511015,
          12728511014
        ],
        "crossing": "uncontrolled",
        "crossing:markings": "yes",
        "footway": "crossing",
        "highway": "footway"
      }
    },
    {
      "type": "Feature",
      "geometry": {
        "type": "LineString",
        "coordinates": [
          [
            113.3163749,
            23.1234378
          ],
          [
            113.3163708,
            23.1233644
          ],
          [
            113.3163666,
            23.1232884
          ]
        ]
      },
      "properties": {
        "id": "w1374671609",
        "nodes": [
          12728511067,
          12728511079,
          12728511068
        ],
        "highway": "service"
      }
    },
    {
      "type": "Feature",
      "geometry": {
        "type": "LineString",
        "coordinates": [
          [
            113.3164281,
            23.1234335
          ],
          [
            113.3164238,
            23.1233605
          ],
          [
            113.3164193,
            23.1232851
          ]
        ]
      },
      "properties": {
        "id": "w1374671610",
        "nodes": [
          12728511069,
          12728511078,
          12728511070
        ],
        "highway": "service",
        "oneway": "yes",
        "service": "parking_aisle"
      }
    },
    {
      "type": "Feature",
      "geometry": {
        "type": "LineString",
        "coordinates": [
          [
            113.3164193,
            23.1232851
          ],
          [
            113.3164248,
            23.1232654
          ],
          [
            113.316446,
            23.1232514
          ]
        ]
      },
      "properties": {
        "id": "w1374671611",
        "nodes": [
          12728511070,
          12728511071,
          12728511072
        ],
        "highway": "service",
        "layer": "-1",
        "oneway": "yes",
        "service": "parking_aisle",
        "tunnel": "yes"
      }
    },
    {
      "type": "Feature",
      "geometry": {
        "type": "LineString",
        "coordinates": [
          [
            113.3163666,
            23.1232884
          ],
          [
            113.3163758,
            23.1232606
          ],
          [
            113.3163974,
            23.1232367
          ],
          [
            113.3164189,
            23.1232261
          ]
        ]
      },
      "properties": {
        "id": "w1374671612",
        "nodes": [
          12728511068,
          12728511073,
          12728511074,
          12728511075
        ],
        "highway": "service",
        "layer": "-1",
        "tunnel": "yes"
      }
    },
    {
      "type": "Feature",
      "geometry": {
        "type": "LineString",
        "coordinates": [
          [
            113.3163965,
            23.1233625
          ],
          [
            113.3164238,
            23.1233605
          ],
          [
            113.3164588,
            23.1233578
          ]
        ]
      },
      "properties": {
        "id": "w1374671613",
        "nodes": [
          12728511076,
          12728511078,
          12723135216
        ],
        "crossing": "unmarked",
        "crossing:markings": "yes",
        "footway": "crossing",
        "highway": "footway"
      }
    },
    {
      "type": "Feature",
      "geometry": {
        "type": "LineString",
        "coordinates": [
          [
            113.3163451,
            23.1233663
          ],
          [
            113.3163708,
            23.1233644
          ],
          [
            113.3163965,
            23.1233625
          ]
        ]
      },
      "properties": {
        "id": "w1374671614",
        "nodes": [
          12728511077,
          12728511079,
          12728511076
        ],
        "crossing": "uncontrolled",
        "crossing:markings": "yes",
        "footway": "crossing",
        "highway": "footway"
      }
    },
    {
      "type": "Feature",
      "geometry": {
        "type": "LineString",
        "coordinates": [
          [
            113.3188205,
            23.1217566
          ],
          [
            113.3195393,
            23.1217071
          ],
          [
            113.3196181,
            23.1216577
          ]
        ]
      },
      "properties": {
        "id": "w1374671615",
        "nodes": [
          10628488370,
          12728511080,
          3038774545
        ],
        "highway": "footway"
      }
    },
    {
      "type": "Feature",
      "geometry": {
        "type": "LineString",
        "coordinates": [
          [
            113.3172134,
            23.1232049
          ],
          [
            113.3172227,
            23.1232351
          ]
        ]
      },
      "properties": {
        "id": "w1445405483",
        "nodes": [
          13261421896,
          6453866424
        ],
        "highway": "service",
        "oneway": "yes",
        "service": "driveway",
        "tunnel": "building_passage"
      }
    }
  ]
}