title,categories,page_url,image_url,thumbnail_url,width,height,license,license_url,artist,credit,date,description,camera_lat,camera_lon,attribution_required,restrictions
"File:20110718 Our Lady of Lourdes Chapel, Shamian Island.jpg","Our Lady of Lourdes Chapel, Shamian","https://commons.wikimedia.org/wiki/File:20110718_Our_Lady_of_Lourdes_Chapel,_Shamian_Island.jpg",https://upload.wikimedia.org/wikipedia/commons/a/ae/20110718_Our_Lady_of_Lourdes_Chapel%2C_Shamian_Island.jpg?utm_source=commons.wikimedia.org&utm_campaign=imageinfo&utm_content=original,https://upload.wikimedia.org/wikipedia/commons/a/ae/20110718_Our_Lady_of_Lourdes_Chapel%2C_Shamian_Island.jpg?utm_source=commons.wikimedia.org&utm_campaign=imageinfo&utm_content=thumbnail_unscaled,1200,1800,CC BY-SA 4.0,https://creativecommons.org/licenses/by-sa/4.0,Windmemories,Own work,2011-07-18 18:26:29,"Our Lady of Lourdes Chapel, Shamian Island",,,true,
File:20251116 1-1 Shamian Dajie.jpg,Buildings in Shamian,https://commons.wikimedia.org/wiki/File:20251116_1-1_Shamian_Dajie.jpg,https://upload.wikimedia.org/wikipedia/commons/e/e6/20251116_1-1_Shamian_Dajie.jpg?utm_source=commons.wikimedia.org&utm_campaign=imageinfo&utm_content=original,https://thumb.wikimedia.org/wikipedia/commons/thumb/e/e6/20251116_1-1_Shamian_Dajie.jpg/1280px-20251116_1-1_Shamian_Dajie.jpg?utm_source=commons.wikimedia.org&utm_campaign=imageinfo&utm_content=thumbnail,4096,3072,CC BY-SA 4.0,https://creativecommons.org/licenses/by-sa/4.0,Yumeto,Own work,2025-11-16 17:59:59,1-1 Shamian Dajie,23.109638,113.24334,true,
File:20251116 11 Shamian Dajie.jpg,Buildings in Shamian,https://commons.wikimedia.org/wiki/File:20251116_11_Shamian_Dajie.jpg,https://upload.wikimedia.org/wikipedia/commons/b/bd/20251116_11_Shamian_Dajie.jpg?utm_source=commons.wikimedia.org&utm_campaign=imageinfo&utm_content=original,https://thumb.wikimedia.org/wikipedia/commons/thumb/b/bd/20251116_11_Shamian_Dajie.jpg/1280px-20251116_11_Shamian_Dajie.jpg?utm_source=commons.wikimedia.org&utm_campaign=imageinfo&utm_content=thumbnail,4096,3072,CC BY-SA 4.0,https://creativecommons.org/licenses/by-sa/4.0,Yumeto,Own work,2025-11-16 18:15:02,11 Shamian Dajie,23.109657,113.242676,true,
File:20251116 13 Shamian Dajie.jpg,Buildings in Shamian,https://commons.wikimedia.org/wiki/File:20251116_13_Shamian_Dajie.jpg,https://upload.wikimedia.org/wikipedia/commons/8/87/20251116_13_Shamian_Dajie.jpg?utm_source=commons.wikimedia.org&utm_campaign=imageinfo&utm_content=original,https://thumb.wikimedia.org/wikipedia/commons/thumb/8/87/20251116_13_Shamian_Dajie.jpg/1280px-20251116_13_Shamian_Dajie.jpg?utm_source=commons.wikimedia.org&utm_campaign=imageinfo&utm_content=thumbnail,4096,3072,CC BY-SA 4.0,https://creativecommons.org/licenses/by-sa/4.0,Yumeto,Own work,2025-11-16 18:16:54,13 Shamian Dajie,23.109776,113.242462,true,
File:20251116 14 Shamian Dajie (182214).jpg,"Our Lady of Lourdes Chapel, Shamian",https://commons.wikimedia.org/wiki/File:20251116_14_Shamian_Dajie_(182214).jpg,https://upload.wikimedia.org/wikipedia/commons/e/ec/20251116_14_Shamian_Dajie_%28182214%29.jpg?utm_source=commons.wikimedia.org&utm_campaign=imageinfo&utm_content=original,https://thumb.wikimedia.org/wikipedia/commons/thumb/e/ec/20251116_14_Shamian_Dajie_%28182214%29.jpg/1280px-20251116_14_Shamian_Dajie_%28182214%29.jpg?utm_source=commons.wikimedia.org&utm_campaign=imageinfo&utm_content=thumbnail,4096,3072,CC BY-SA 4.0,https://creativecommons.org/licenses/by-sa/4.0,Yumeto,Own work,2025-11-16 18:22:15,14 Shamian Dajie,23.109962,113.242218,true,
File:20251116 14 Shamian Dajie (182309).jpg,"Our Lady of Lourdes Chapel, Shamian",https://commons.wikimedia.org/wiki/File:20251116_14_Shamian_Dajie_(182309).jpg,https://upload.wikimedia.org/wikipedia/commons/d/d8/20251116_14_Shamian_Dajie_%28182309%29.jpg?utm_source=commons.wikimedia.org&utm_campaign=imageinfo&utm_content=original,https://thumb.wikimedia.org/wikipedia/commons/thumb/d/d8/20251116_14_Shamian_Dajie_%28182309%29.jpg/1280px-20251116_14_Shamian_Dajie_%28182309%29.jpg?utm_source=commons.wikimedia.org&utm_campaign=imageinfo&utm_content=thumbnail,4096,3072,CC BY-SA 4.0,https://creativecommons.org/licenses/by-sa/4.0,Yumeto,Own work,2025-11-16 18:23:09,14 Shamian Dajie,23.109806,113.242493,true,
File:20251116 28 Shamian Dajie.jpg,Buildings in Shamian,https://commons.wikimedia.org/wiki/File:20251116_28_Shamian_Dajie.jpg,https://upload.wikimedia.org/wikipedia/commons/7/76/20251116_28_Shamian_Dajie.jpg?utm_source=commons.wikimedia.org&utm_campaign=imageinfo&utm_content=original,https://thumb.wikimedia.org/wikipedia/commons/thumb/7/76/20251116_28_Shamian_Dajie.jpg/1280px-20251116_28_Shamian_Dajie.jpg?utm_source=commons.wikimedia.org&utm_campaign=imageinfo&utm_content=thumbnail,4096,3072,CC BY-SA 4.0,https://creativecommons.org/licenses/by-sa/4.0,Yumeto,Own work,2025-11-16 18:33:58,28 Shamian Dajie,23.109926,113.241333,true,
File:20251116 30 Shamian Nanjie.jpg,Buildings in Shamian,https://commons.wikimedia.org/wiki/File:20251116_30_Shamian_Nanjie.jpg,https://upload.wikimedia.org/wikipedia/commons/e/e7/20251116_30_Shamian_Nanjie.jpg?utm_source=commons.wikimedia.org&utm_campaign=imageinfo&utm_content=original,https://thumb.wikimedia.org/wikipedia/commons/thumb/e/e7/20251116_30_Shamian_Nanjie.jpg/1280px-20251116_30_Shamian_Nanjie.jpg?utm_source=commons.wikimedia.org&utm_campaign=imageinfo&utm_content=thumbnail,3072,4096,CC BY-SA 4.0,https://creativecommons.org/licenses/by-sa/4.0,Yumeto,Own work,2025-11-16 18:41:52,30 Shamian Nanjie,23.108856,113.241814,true,
File:20251116 32 Shamian Nanjie.jpg,Buildings in Shamian,https://commons.wikimedia.org/wiki/File:20251116_32_Shamian_Nanjie.jpg,https://upload.wikimedia.org/wikipedia/commons/1/17/20251116_32_Shamian_Nanjie.jpg?utm_source=commons.wikimedia.org&utm_campaign=imageinfo&utm_content=original,https://thumb.wikimedia.org/wikipedia/commons/thumb/1/17/20251116_32_Shamian_Nanjie.jpg/1280px-20251116_32_Shamian_Nanjie.jpg?utm_source=commons.wikimedia.org&utm_campaign=imageinfo&utm_content=thumbnail,4096,3072,CC BY-SA 4.0,https://creativecommons.org/licenses/by-sa/4.0,Yumeto,Own work,2025-11-16 18:42:41,32 Shamian Nanjie,23.108856,113.241814,true,
File:20251116 35 Shamian Beijie.jpg,Buildings in Shamian,https://commons.wikimedia.org/wiki/File:20251116_35_Shamian_Beijie.jpg,https://upload.wikimedia.org/wikipedia/commons/9/90/20251116_35_Shamian_Beijie.jpg?utm_source=commons.wikimedia.org&utm_campaign=imageinfo&utm_content=original,https://thumb.wikimedia.org/wikipedia/commons/thumb/9/90/20251116_35_Shamian_Beijie.jpg/1280px-20251116_35_Shamian_Beijie.jpg?utm_source=commons.wikimedia.org&utm_campaign=imageinfo&utm_content=thumbnail,4096,3072,CC BY-SA 4.0,https://creativecommons.org/licenses/by-sa/4.0,Yumeto,Own work,2025-11-16 17:49:41,35 Shamian Beijie,23.110769,113.241989,true,
File:20251116 5 Shamian Beijie.jpg,Buildings in Shamian,https://commons.wikimedia.org/wiki/File:20251116_5_Shamian_Beijie.jpg,https://upload.wikimedia.org/wikipedia/commons/b/be/20251116_5_Shamian_Beijie.jpg?utm_source=commons.wikimedia.org&utm_campaign=imageinfo&utm_content=original,https://thumb.wikimedia.org/wikipedia/commons/thumb/b/be/20251116_5_Shamian_Beijie.jpg/1280px-20251116_5_Shamian_Beijie.jpg?utm_source=commons.wikimedia.org&utm_campaign=imageinfo&utm_content=thumbnail,4096,3072,CC BY-SA 4.0,https://creativecommons.org/licenses/by-sa/4.0,Yumeto,Own work,2025-11-16 17:53:35,5 Shamian Beijie,23.110798,113.24321,true,
File:20251116 Guangzhou Shi Liwan Qu Renmin Zhengfu Shamian Jiedao Banshichu.jpg,Buildings in Shamian,https://commons.wikimedia.org/wiki/File:20251116_Guangzhou_Shi_Liwan_Qu_Renmin_Zhengfu_Shamian_Jiedao_Banshichu.jpg,https://upload.wikimedia.org/wikipedia/commons/1/15/20251116_Guangzhou_Shi_Liwan_Qu_Renmin_Zhengfu_Shamian_Jiedao_Banshichu.jpg?utm_source=commons.wikimedia.org&utm_campaign=imageinfo&utm_content=original,https://thumb.wikimedia.org/wikipedia/commons/thumb/1/15/20251116_Guangzhou_Shi_Liwan_Qu_Renmin_Zhengfu_Shamian_Jiedao_Banshichu.jpg/1280px-20251116_Guangzhou_Shi_Liwan_Qu_Renmin_Zhengfu_Shamian_Jiedao_Banshichu.jpg?utm_source=commons.wikimedia.org&utm_campaign=imageinfo&utm_content=thumbnail,4096,3072,CC BY-SA 4.0,https://creativecommons.org/licenses/by-sa/4.0,Yumeto,Own work,2025-11-16 18:03:29,Shamian Subdistrict Office of Liwan District People’s Government of Guangzhou Municipality,23.109783,113.242882,true,
"File:Album de 149 phot. de Chine, don Yvonne de Coppet en 1943, en souvenir de son frère, Paul Marre Philipon - btv1b53246409m (156 of 169).jpg","Our Lady of Lourdes Chapel, Shamian","https://commons.wikimedia.org/wiki/File:Album_de_149_phot._de_Chine,_don_Yvonne_de_Coppet_en_1943,_en_souvenir_de_son_fr%C3%A8re,_Paul_Marre_Philipon_-_btv1b53246409m_(156_of_169).jpg",https://upload.wikimedia.org/wikipedia/commons/2/2b/Album_de_149_phot._de_Chine%2C_don_Yvonne_de_Coppet_en_1943%2C_en_souvenir_de_son_fr%C3%A8re%2C_Paul_Marre_Philipon_-_btv1b53246409m_%28156_of_169%29.jpg?utm_source=commons.wikimedia.org&utm_campaign=imageinfo&utm_content=original,https://thumb.wikimedia.org/wikipedia/commons/thumb/2/2b/Album_de_149_phot._de_Chine%2C_don_Yvonne_de_Coppet_en_1943%2C_en_souvenir_de_son_fr%C3%A8re%2C_Paul_Marre_Philipon_-_btv1b53246409m_%28156_of_169%29.jpg/1280px-Album_de_149_phot._de_Chine%2C_don_Yvonne_de_Coppet_en_1943%2C_en_souvenir_de_son_fr%C3%A8re%2C_Paul_Marre_Philipon_-_btv1b53246409m_%28156_of_169%29.jpg?utm_source=commons.wikimedia.org&utm_campaign=imageinfo&utm_content=thumbnail,5734,4435,Public domain,,,Bibliothèque nationale de France,"1943date QS:P571,+1943-00-00T00:00:00Z/9","Sujet : Chine
Appartient à l’ensemble documentaire : PhoGéo1
Couverture : Chine

Langue : français",,,false,
"File:Album de 149 phot. de Chine, don Yvonne de Coppet en 1943, en souvenir de son frère, Paul Marre Philipon - btv1b53246409m (157 of 169).jpg","Victoria Hotel, Shamian","https://commons.wikimedia.org/wiki/File:Album_de_149_phot._de_Chine,_don_Yvonne_de_Coppet_en_1943,_en_souvenir_de_son_fr%C3%A8re,_Paul_Marre_Philipon_-_btv1b53246409m_(157_of_169).jpg",https://upload.wikimedia.org/wikipedia/commons/f/f3/Album_de_149_phot._de_Chine%2C_don_Yvonne_de_Coppet_en_1943%2C_en_souvenir_de_son_fr%C3%A8re%2C_Paul_Marre_Philipon_-_btv1b53246409m_%28157_of_169%29.jpg?utm_source=commons.wikimedia.org&utm_campaign=imageinfo&utm_content=original,https://thumb.wikimedia.org/wikipedia/commons/thumb/f/f3/Album_de_149_phot._de_Chine%2C_don_Yvonne_de_Coppet_en_1943%2C_en_souvenir_de_son_fr%C3%A8re%2C_Paul_Marre_Philipon_-_btv1b53246409m_%28157_of_169%29.jpg/1280px-Album_de_149_phot._de_Chine%2C_don_Yvonne_de_Coppet_en_1943%2C_en_souvenir_de_son_fr%C3%A8re%2C_Paul_Marre_Philipon_-_btv1b53246409m_%28157_of_169%29.jpg?utm_source=commons.wikimedia.org&utm_campaign=imageinfo&utm_content=thumbnail,5734,4435,Public domain,,,Bibliothèque nationale de France,"1943date QS:P571,+1943-00-00T00:00:00Z/9","Sujet : Chine
Appartient à l’ensemble documentaire : PhoGéo1
Couverture : Chine

Langue : français",,,false,
File:Bank of Taiwan 07.jpg,"Bank of Taiwan Building, Guangzhou",https://commons.wikimedia.org/wiki/File:Bank_of_Taiwan_07.jpg,https://upload.wikimedia.org/wikipedia/commons/1/1e/Bank_of_Taiwan_07.jpg?utm_source=commons.wikimedia.org&utm_campaign=imageinfo&utm_content=original,https://upload.wikimedia.org/wikipedia/commons/1/1e/Bank_of_Taiwan_07.jpg?utm_source=commons.wikimedia.org&utm_campaign=imageinfo&utm_content=thumbnail_unscaled,809,523,Public domain,,Unknown authorUnknown author,http://www.taipics.com/non_taiwan.php,"before 1945date QS:P,+1945-00-00T00:00:00Z/7,P1326,+1945-00-00T00:00:00Z/9",​臺灣銀行廣東支店內部。,,,false,
File:BankofTaiwan Shamian.jpg,"Bank of Taiwan Building, Guangzhou",https://commons.wikimedia.org/wiki/File:BankofTaiwan_Shamian.jpg,https://upload.wikimedia.org/wikipedia/commons/2/25/BankofTaiwan_Shamian.jpg?utm_source=commons.wikimedia.org&utm_campaign=imageinfo&utm_content=original,https://thumb.wikimedia.org/wikipedia/commons/thumb/2/25/BankofTaiwan_Shamian.jpg/1280px-BankofTaiwan_Shamian.jpg?utm_source=commons.wikimedia.org&utm_campaign=imageinfo&utm_content=thumbnail,2448,3264,CC0,http://creativecommons.org/publicdomain/zero/1.0/deed.en,Boubloub,Own work,Taken on 29 January 2016 17:56:16,"Former branch of the Bank of Taiwan on Shamian Island, Guangzhou",23.109775,113.241731,false,
File:Christ Church Shamian 20260518.jpg,Christ Church Shamian,https://commons.wikimedia.org/wiki/File:Christ_Church_Shamian_20260518.jpg,https://upload.wikimedia.org/wikipedia/commons/2/23/Christ_Church_Shamian_20260518.jpg?utm_source=commons.wikimedia.org&utm_campaign=imageinfo&utm_content=original,https://thumb.wikimedia.org/wikipedia/commons/thumb/2/23/Christ_Church_Shamian_20260518.jpg/1280px-Christ_Church_Shamian_20260518.jpg?utm_source=commons.wikimedia.org&utm_campaign=imageinfo&utm_content=thumbnail,5712,4284,CC BY-SA 4.0,https://creativecommons.org/licenses/by-sa/4.0,JULIANISME,Own work,2026-05-18 13:49:14,​广东省基督教沙面会堂，北侧彩绘玻璃窗（摄于2026年5月18日）,23.109792,113.236258,true,
File:Christ church shamian 2.jpg,Christ Church Shamian,https://commons.wikimedia.org/wiki/File:Christ_church_shamian_2.jpg,https://upload.wikimedia.org/wikipedia/commons/a/af/Christ_church_shamian_2.jpg?utm_source=commons.wikimedia.org&utm_campaign=imageinfo&utm_content=original,https://upload.wikimedia.org/wikipedia/commons/a/af/Christ_church_shamian_2.jpg?utm_source=commons.wikimedia.org&utm_campaign=imageinfo&utm_content=thumbnail_unscaled,1224,1632,CC BY-SA 4.0,https://creativecommons.org/licenses/by-sa/4.0,Chintunglee,自己拍摄,2009-04-17,​广州基督教沙面堂,,,true,
File:Christ church shamian.JPG,Christ Church Shamian,https://commons.wikimedia.org/wiki/File:Christ_church_shamian.JPG,https://upload.wikimedia.org/wikipedia/commons/9/9a/Christ_church_shamian.JPG?utm_source=commons.wikimedia.org&utm_campaign=imageinfo&utm_content=original,https://thumb.wikimedia.org/wikipedia/commons/thumb/9/9a/Christ_church_shamian.JPG/1280px-Christ_church_shamian.JPG?utm_source=commons.wikimedia.org&utm_campaign=imageinfo&utm_content=thumbnail,1632,1224,CC BY-SA 4.0,https://creativecommons.org/licenses/by-sa/4.0,Chintunglee,自己拍摄,2009-04-17,​广州基督教沙面堂,,,true,
File:Church of Our Lady of Lourdes 1.jpg,"Our Lady of Lourdes Chapel, Shamian",https://commons.wikimedia.org/wiki/File:Church_of_Our_Lady_of_Lourdes_1.jpg,https://upload.wikimedia.org/wikipedia/commons/2/28/Church_of_Our_Lady_of_Lourdes_1.jpg?utm_source=commons.wikimedia.org&utm_campaign=imageinfo&utm_content=original,https://thumb.wikimedia.org/wikipedia/commons/thumb/2/28/Church_of_Our_Lady_of_Lourdes_1.jpg/1280px-Church_of_Our_Lady_of_Lourdes_1.jpg?utm_source=commons.wikimedia.org&utm_campaign=imageinfo&utm_content=thumbnail,2304,3072,CC BY-SA 3.0,https://creativecommons.org/licenses/by-sa/3.0,Chinatravelsavvy,Own work,,Church of Our Lady of Lourdes on Shamian Island in Guangzhou.,,,true,
File:Church of Our Lady of Lourdes 2.jpg,"Our Lady of Lourdes Chapel, Shamian",https://commons.wikimedia.org/wiki/File:Church_of_Our_Lady_of_Lourdes_2.jpg,https://upload.wikimedia.org/wikipedia/commons/5/53/Church_of_Our_Lady_of_Lourdes_2.jpg?utm_source=commons.wikimedia.org&utm_campaign=imageinfo&utm_content=original,https://thumb.wikimedia.org/wikipedia/commons/thumb/5/53/Church_of_Our_Lady_of_Lourdes_2.jpg/1280px-Church_of_Our_Lady_of_Lourdes_2.jpg?utm_source=commons.wikimedia.org&utm_campaign=imageinfo&utm_content=thumbnail,2048,1536,CC BY-SA 3.0,https://creativecommons.org/licenses/by-sa/3.0,Chinatravelsavvy,Own work,,Church of Our Lady of Lourdes on Shamian Island in Guangzhou.,,,true,
File:Church of Our Lady of Lourdes 3.jpg,"Our Lady of Lourdes Chapel, Shamian",https://commons.wikimedia.org/wiki/File:Church_of_Our_Lady_of_Lourdes_3.jpg,https://upload.wikimedia.org/wikipedia/commons/3/30/Church_of_Our_Lady_of_Lourdes_3.jpg?utm_source=commons.wikimedia.org&utm_campaign=imageinfo&utm_content=original,https://thumb.wikimedia.org/wikipedia/commons/thumb/3/30/Church_of_Our_Lady_of_Lourdes_3.jpg/1280px-Church_of_Our_Lady_of_Lourdes_3.jpg?utm_source=commons.wikimedia.org&utm_campaign=imageinfo&utm_content=thumbnail,2304,3072,CC BY-SA 3.0,https://creativecommons.org/licenses/by-sa/3.0,Chinatravelsavvy,Own work,,Church of Our Lady of Lourdes on Shamian Island in Guangzhou.,,,true,
"File:Church of Our Lady of Lourdes, Shamian Island.jpg","Our Lady of Lourdes Chapel, Shamian","https://commons.wikimedia.org/wiki/File:Church_of_Our_Lady_of_Lourdes,_Shamian_Island.jpg",https://upload.wikimedia.org/wikipedia/commons/2/2f/Church_of_Our_Lady_of_Lourdes%2C_Shamian_Island.jpg?utm_source=commons.wikimedia.org&utm_campaign=imageinfo&utm_content=original,https://thumb.wikimedia.org/wikipedia/commons/thumb/2/2f/Church_of_Our_Lady_of_Lourdes%2C_Shamian_Island.jpg/1280px-Church_of_Our_Lady_of_Lourdes%2C_Shamian_Island.jpg?utm_source=commons.wikimedia.org&utm_campaign=imageinfo&utm_content=thumbnail,2142,2856,CC BY-SA 4.0,https://creativecommons.org/licenses/by-sa/4.0,Aderibigbe david,Own work,2007-01-01 00:48:29,Old Structures that defile time,,,true,
File:English Church Shameen Canton.jpg,Christ Church Shamian,https://commons.wikimedia.org/wiki/File:English_Church_Shameen_Canton.jpg,https://upload.wikimedia.org/wikipedia/commons/2/2e/English_Church_Shameen_Canton.jpg?utm_source=commons.wikimedia.org&utm_campaign=imageinfo&utm_content=original,https://upload.wikimedia.org/wikipedia/commons/2/2e/English_Church_Shameen_Canton.jpg?utm_source=commons.wikimedia.org&utm_campaign=imageinfo&utm_content=thumbnail_unscaled,1000,775,Public domain,,Unknown authorUnknown author,http://www.wattis.com.hk/gallery/photographs/9/6860/canton-guangzhou-english-church-shameen-shamien.html,"circa 1895date QS:P,+1895-00-00T00:00:00Z/9,P1480,Q5727902",A view of the English Church on Shameen Island in the city of Canton. In the foreground is a neat tree lined avenue and to the left is the Pearl River with junks.,,,false,
"File:Former Guangzhou Sub-branch, Bank of Taiwan 20211114.jpg","Bank of Taiwan Building, Guangzhou","https://commons.wikimedia.org/wiki/File:Former_Guangzhou_Sub-branch,_Bank_of_Taiwan_20211114.jpg",https://upload.wikimedia.org/wikipedia/commons/3/31/Former_Guangzhou_Sub-branch%2C_Bank_of_Taiwan_20211114.jpg?utm_source=commons.wikimedia.org&utm_campaign=imageinfo&utm_content=original,https://upload.wikimedia.org/wikipedia/commons/3/31/Former_Guangzhou_Sub-branch%2C_Bank_of_Taiwan_20211114.jpg?utm_source=commons.wikimedia.org&utm_campaign=imageinfo&utm_content=thumbnail_unscaled,1187,1788,CC BY 2.5,https://creativecommons.org/licenses/by/2.5,方人也,https://shige278.lofter.com/post/1f5244a4_2b401d7ae (archive),Taken on 14 November 2021 12:26:59,​台湾银行广州支行旧址原文：光影下的老台湾银行 广州沙面岛,,,true,
"File:Former Guangzhou Sub-branch, Bank of Taiwan 20211226.jpg","Bank of Taiwan Building, Guangzhou","https://commons.wikimedia.org/wiki/File:Former_Guangzhou_Sub-branch,_Bank_of_Taiwan_20211226.jpg",https://upload.wikimedia.org/wikipedia/commons/4/43/Former_Guangzhou_Sub-branch%2C_Bank_of_Taiwan_20211226.jpg?utm_source=commons.wikimedia.org&utm_campaign=imageinfo&utm_content=original,https://thumb.wikimedia.org/wikipedia/commons/thumb/4/43/Former_Guangzhou_Sub-branch%2C_Bank_of_Taiwan_20211226.jpg/1280px-Former_Guangzhou_Sub-branch%2C_Bank_of_Taiwan_20211226.jpg?utm_source=commons.wikimedia.org&utm_campaign=imageinfo&utm_content=thumbnail,1800,1200,CC BY 2.5,https://creativecommons.org/licenses/by/2.5,方人也,https://shige278.lofter.com/post/1f5244a4_2b440d41c (archive),Taken on 26 December 2021 14:28:27,​台湾银行广州支行旧址原文：周末随意拍 沙面岛 Contax G45/2改口M,,,true,
"File:Former Site of the Negotiations for the Northward Withdrawal of the East River Column, Shamian 20260518.jpg",Buildings in Shamian,"https://commons.wikimedia.org/wiki/File:Former_Site_of_the_Negotiations_for_the_Northward_Withdrawal_of_the_East_River_Column,_Shamian_20260518.jpg",https://upload.wikimedia.org/wikipedia/commons/4/42/Former_Site_of_the_Negotiations_for_the_Northward_Withdrawal_of_the_East_River_Column%2C_Shamian_20260518.jpg?utm_source=commons.wikimedia.org&utm_campaign=imageinfo&utm_content=original,https://thumb.wikimedia.org/wikipedia/commons/thumb/4/42/Former_Site_of_the_Negotiations_for_the_Northward_Withdrawal_of_the_East_River_Column%2C_Shamian_20260518.jpg/1280px-Former_Site_of_the_Negotiations_for_the_Northward_Withdrawal_of_the_East_River_Column%2C_Shamian_20260518.jpg?utm_source=commons.wikimedia.org&utm_campaign=imageinfo&utm_content=thumbnail,5712,4284,CC BY-SA 4.0,https://creativecommons.org/licenses/by-sa/4.0,JULIANISME,Own work,2026-05-18 13:46:59,​东江纵队北撤谈判旧址，广州沙面大街68号（摄于2026年5月18日）,23.109883,113.236,true,
File:G053 Shameen 20080915.jpg,Buildings in Shamian,https://commons.wikimedia.org/wiki/File:G053_Shameen_20080915.jpg,https://upload.wikimedia.org/wikipedia/commons/2/27/G053_Shameen_20080915.jpg?utm_source=commons.wikimedia.org&utm_campaign=imageinfo&utm_content=original,https://thumb.wikimedia.org/wikipedia/commons/thumb/2/27/G053_Shameen_20080915.jpg/1280px-G053_Shameen_20080915.jpg?utm_source=commons.wikimedia.org&utm_campaign=imageinfo&utm_content=thumbnail,3264,2448,CC BY 2.0,https://creativecommons.org/licenses/by/2.0,"Steve Langguth from Springfield,Missouri, USA",G053,2008-09-15 09:53,沙面北街43號,23.110661,113.2417,true,
File:GD 廣東 Guangdong 廣州 Guangzhou 珠江新城 Zhujiang New Town 花城大道 HuaCheng Avenue 華穗路 HuaSui Road shop KFC Restaurant September 2024 R12S 01.jpg,"Huacheng Avenue, Guangzhou",https://commons.wikimedia.org/wiki/File:GD_%E5%BB%A3%E6%9D%B1_Guangdong_%E5%BB%A3%E5%B7%9E_Guangzhou_%E7%8F%A0%E6%B1%9F%E6%96%B0%E5%9F%8E_Zhujiang_New_Town_%E8%8A%B1%E5%9F%8E%E5%A4%A7%E9%81%93_HuaCheng_Avenue_%E8%8F%AF%E7%A9%97%E8%B7%AF_HuaSui_Road_shop_KFC_Restaurant_September_2024_R12S_01.jpg,https://upload.wikimedia.org/wikipedia/commons/f/f6/GD_%E5%BB%A3%E6%9D%B1_Guangdong_%E5%BB%A3%E5%B7%9E_Guangzhou_%E7%8F%A0%E6%B1%9F%E6%96%B0%E5%9F%8E_Zhujiang_New_Town_%E8%8A%B1%E5%9F%8E%E5%A4%A7%E9%81%93_HuaCheng_Avenue_%E8%8F%AF%E7%A9%97%E8%B7%AF_HuaSui_Road_shop_KFC_Restaurant_September_2024_R12S_01.jpg?utm_source=commons.wikimedia.org&utm_campaign=imageinfo&utm_content=original,https://thumb.wikimedia.org/wikipedia/commons/thumb/f/f6/GD_%E5%BB%A3%E6%9D%B1_Guangdong_%E5%BB%A3%E5%B7%9E_Guangzhou_%E7%8F%A0%E6%B1%9F%E6%96%B0%E5%9F%8E_Zhujiang_New_Town_%E8%8A%B1%E5%9F%8E%E5%A4%A7%E9%81%93_HuaCheng_Avenue_%E8%8F%AF%E7%A9%97%E8%B7%AF_HuaSui_Road_shop_KFC_Restaurant_September_2024_R12S_01.jpg/1280px-thumbnail.jpg?utm_source=commons.wikimedia.org&utm_campaign=imageinfo&utm_content=thumbnail,3000,4000,CC0,http://creativecommons.org/publicdomain/zero/1.0/deed.en,Ghaud Lnegauk,Own work,2024-09-20 15:26:12,GD 廣東 Guangdong 廣州 Guangzhou 珠江新城 Zhujiang New Town 花城大道 HuaCheng Avenue 華穗路 HuaSui Road shop KFC Restaurant in September 2024,,,false,
File:GD 廣東 Guangdong 廣州 Guangzhou 珠江新城 Zhujiang New Town 花城大道 HuaCheng Avenue 華穗路 HuaSui Road shop KFC Restaurant September 2024 R12S 02.jpg,"Huacheng Avenue, Guangzhou",https://commons.wikimedia.org/wiki/File:GD_%E5%BB%A3%E6%9D%B1_Guangdong_%E5%BB%A3%E5%B7%9E_Guangzhou_%E7%8F%A0%E6%B1%9F%E6%96%B0%E5%9F%8E_Zhujiang_New_Town_%E8%8A%B1%E5%9F%8E%E5%A4%A7%E9%81%93_HuaCheng_Avenue_%E8%8F%AF%E7%A9%97%E8%B7%AF_HuaSui_Road_shop_KFC_Restaurant_September_2024_R12S_02.jpg,https://upload.wikimedia.org/wikipedia/commons/8/8e/GD_%E5%BB%A3%E6%9D%B1_Guangdong_%E5%BB%A3%E5%B7%9E_Guangzhou_%E7%8F%A0%E6%B1%9F%E6%96%B0%E5%9F%8E_Zhujiang_New_Town_%E8%8A%B1%E5%9F%8E%E5%A4%A7%E9%81%93_HuaCheng_Avenue_%E8%8F%AF%E7%A9%97%E8%B7%AF_HuaSui_Road_shop_KFC_Restaurant_September_2024_R12S_02.jpg?utm_source=commons.wikimedia.org&utm_campaign=imageinfo&utm_content=original,https://thumb.wikimedia.org/wikipedia/commons/thumb/8/8e/GD_%E5%BB%A3%E6%9D%B1_Guangdong_%E5%BB%A3%E5%B7%9E_Guangzhou_%E7%8F%A0%E6%B1%9F%E6%96%B0%E5%9F%8E_Zhujiang_New_Town_%E8%8A%B1%E5%9F%8E%E5%A4%A7%E9%81%93_HuaCheng_Avenue_%E8%8F%AF%E7%A9%97%E8%B7%AF_HuaSui_Road_shop_KFC_Restaurant_September_2024_R12S_02.jpg/1280px-thumbnail.jpg?utm_source=commons.wikimedia.org&utm_campaign=imageinfo&utm_content=thumbnail,4000,3000,CC0,http://creativecommons.org/publicdomain/zero/1.0/deed.en,Ghaud Lnegauk,Own work,2024-09-20 15:32:41,GD 廣東 Guangdong 廣州 Guangzhou 珠江新城 Zhujiang New Town 花城大道 HuaCheng Avenue 華穗路 HuaSui Road shop KFC Restaurant in September 2024,,,false,
File:GD 廣東 Guangdong 廣州 Guangzhou 珠江新城 Zhujiang New Town 花城大道 HuaCheng Avenue 華穗路 HuaSui Road shop KFC Restaurant September 2024 R12S 03.jpg,"Huacheng Avenue, Guangzhou",https://commons.wikimedia.org/wiki/File:GD_%E5%BB%A3%E6%9D%B1_Guangdong_%E5%BB%A3%E5%B7%9E_Guangzhou_%E7%8F%A0%E6%B1%9F%E6%96%B0%E5%9F%8E_Zhujiang_New_Town_%E8%8A%B1%E5%9F%8E%E5%A4%A7%E9%81%93_HuaCheng_Avenue_%E8%8F%AF%E7%A9%97%E8%B7%AF_HuaSui_Road_shop_KFC_Restaurant_September_2024_R12S_03.jpg,https://upload.wikimedia.org/wikipedia/commons/2/21/GD_%E5%BB%A3%E6%9D%B1_Guangdong_%E5%BB%A3%E5%B7%9E_Guangzhou_%E7%8F%A0%E6%B1%9F%E6%96%B0%E5%9F%8E_Zhujiang_New_Town_%E8%8A%B1%E5%9F%8E%E5%A4%A7%E9%81%93_HuaCheng_Avenue_%E8%8F%AF%E7%A9%97%E8%B7%AF_HuaSui_Road_shop_KFC_Restaurant_September_2024_R12S_03.jpg?utm_source=commons.wikimedia.org&utm_campaign=imageinfo&utm_content=original,https://thumb.wikimedia.org/wikipedia/commons/thumb/2/21/GD_%E5%BB%A3%E6%9D%B1_Guangdong_%E5%BB%A3%E5%B7%9E_Guangzhou_%E7%8F%A0%E6%B1%9F%E6%96%B0%E5%9F%8E_Zhujiang_New_Town_%E8%8A%B1%E5%9F%8E%E5%A4%A7%E9%81%93_HuaCheng_Avenue_%E8%8F%AF%E7%A9%97%E8%B7%AF_HuaSui_Road_shop_KFC_Restaurant_September_2024_R12S_03.jpg/1280px-thumbnail.jpg?utm_source=commons.wikimedia.org&utm_campaign=imageinfo&utm_content=thumbnail,4000,3000,CC0,http://creativecommons.org/publicdomain/zero/1.0/deed.en,Ghaud Lnegauk,Own work,2024-09-20 15:32:46,GD 廣東 Guangdong 廣州 Guangzhou 珠江新城 Zhujiang New Town 花城大道 HuaCheng Avenue 華穗路 HuaSui Road shop KFC Restaurant in September 2024,,,false,
File:GD 廣東 Guangdong 廣州 Guangzhou 珠江新城 Zhujiang New Town 花城大道 HuaCheng Avenue 華穗路 HuaSui Road shop KFC Restaurant September 2024 R12S 04.jpg,"Huacheng Avenue, Guangzhou",https://commons.wikimedia.org/wiki/File:GD_%E5%BB%A3%E6%9D%B1_Guangdong_%E5%BB%A3%E5%B7%9E_Guangzhou_%E7%8F%A0%E6%B1%9F%E6%96%B0%E5%9F%8E_Zhujiang_New_Town_%E8%8A%B1%E5%9F%8E%E5%A4%A7%E9%81%93_HuaCheng_Avenue_%E8%8F%AF%E7%A9%97%E8%B7%AF_HuaSui_Road_shop_KFC_Restaurant_September_2024_R12S_04.jpg,https://upload.wikimedia.org/wikipedia/commons/b/b5/GD_%E5%BB%A3%E6%9D%B1_Guangdong_%E5%BB%A3%E5%B7%9E_Guangzhou_%E7%8F%A0%E6%B1%9F%E6%96%B0%E5%9F%8E_Zhujiang_New_Town_%E8%8A%B1%E5%9F%8E%E5%A4%A7%E9%81%93_HuaCheng_Avenue_%E8%8F%AF%E7%A9%97%E8%B7%AF_HuaSui_Road_shop_KFC_Restaurant_September_2024_R12S_04.jpg?utm_source=commons.wikimedia.org&utm_campaign=imageinfo&utm_content=original,https://thumb.wikimedia.org/wikipedia/commons/thumb/b/b5/GD_%E5%BB%A3%E6%9D%B1_Guangdong_%E5%BB%A3%E5%B7%9E_Guangzhou_%E7%8F%A0%E6%B1%9F%E6%96%B0%E5%9F%8E_Zhujiang_New_Town_%E8%8A%B1%E5%9F%8E%E5%A4%A7%E9%81%93_HuaCheng_Avenue_%E8%8F%AF%E7%A9%97%E8%B7%AF_HuaSui_Road_shop_KFC_Restaurant_September_2024_R12S_04.jpg/1280px-thumbnail.jpg?utm_source=commons.wikimedia.org&utm_campaign=imageinfo&utm_content=thumbnail,4000,3000,CC0,http://creativecommons.org/publicdomain/zero/1.0/deed.en,Ghaud Lnegauk,Own work,2024-09-20 15:32:54,GD 廣東 Guangdong 廣州 Guangzhou 珠江新城 Zhujiang New Town 花城大道 HuaCheng Avenue 華穗路 HuaSui Road shop KFC Restaurant in September 2024,,,false,
File:GD 廣東 Guangdong 廣州 Guangzhou 珠江新城 Zhujiang New Town 花城大道 HuaCheng Avenue 華穗路 HuaSui Road shop KFC Restaurant September 2024 R12S 05.jpg,"Huacheng Avenue, Guangzhou",https://commons.wikimedia.org/wiki/File:GD_%E5%BB%A3%E6%9D%B1_Guangdong_%E5%BB%A3%E5%B7%9E_Guangzhou_%E7%8F%A0%E6%B1%9F%E6%96%B0%E5%9F%8E_Zhujiang_New_Town_%E8%8A%B1%E5%9F%8E%E5%A4%A7%E9%81%93_HuaCheng_Avenue_%E8%8F%AF%E7%A9%97%E8%B7%AF_HuaSui_Road_shop_KFC_Restaurant_September_2024_R12S_05.jpg,https://upload.wikimedia.org/wikipedia/commons/9/92/GD_%E5%BB%A3%E6%9D%B1_Guangdong_%E5%BB%A3%E5%B7%9E_Guangzhou_%E7%8F%A0%E6%B1%9F%E6%96%B0%E5%9F%8E_Zhujiang_New_Town_%E8%8A%B1%E5%9F%8E%E5%A4%A7%E9%81%93_HuaCheng_Avenue_%E8%8F%AF%E7%A9%97%E8%B7%AF_HuaSui_Road_shop_KFC_Restaurant_September_2024_R12S_05.jpg?utm_source=commons.wikimedia.org&utm_campaign=imageinfo&utm_content=original,https://thumb.wikimedia.org/wikipedia/commons/thumb/9/92/GD_%E5%BB%A3%E6%9D%B1_Guangdong_%E5%BB%A3%E5%B7%9E_Guangzhou_%E7%8F%A0%E6%B1%9F%E6%96%B0%E5%9F%8E_Zhujiang_New_Town_%E8%8A%B1%E5%9F%8E%E5%A4%A7%E9%81%93_HuaCheng_Avenue_%E8%8F%AF%E7%A9%97%E8%B7%AF_HuaSui_Road_shop_KFC_Restaurant_September_2024_R12S_05.jpg/1280px-thumbnail.jpg?utm_source=commons.wikimedia.org&utm_campaign=imageinfo&utm_content=thumbnail,4000,3000,CC0,http://creativecommons.org/publicdomain/zero/1.0/deed.en,Ghaud Lnegauk,Own work,2024-09-20 15:33:13,GD 廣東 Guangdong 廣州 Guangzhou 珠江新城 Zhujiang New Town 花城大道 HuaCheng Avenue 華穗路 HuaSui Road shop KFC Restaurant in September 2024,,,false,
File:GD 廣東 Guangdong 廣州 Guangzhou 珠江新城 Zhujiang New Town 花城大道 HuaCheng Avenue 華穗路 HuaSui Road shop KFC Restaurant September 2024 R12S 06.jpg,"Huacheng Avenue, Guangzhou",https://commons.wikimedia.org/wiki/File:GD_%E5%BB%A3%E6%9D%B1_Guangdong_%E5%BB%A3%E5%B7%9E_Guangzhou_%E7%8F%A0%E6%B1%9F%E6%96%B0%E5%9F%8E_Zhujiang_New_Town_%E8%8A%B1%E5%9F%8E%E5%A4%A7%E9%81%93_HuaCheng_Avenue_%E8%8F%AF%E7%A9%97%E8%B7%AF_HuaSui_Road_shop_KFC_Restaurant_September_2024_R12S_06.jpg,https://upload.wikimedia.org/wikipedia/commons/3/38/GD_%E5%BB%A3%E6%9D%B1_Guangdong_%E5%BB%A3%E5%B7%9E_Guangzhou_%E7%8F%A0%E6%B1%9F%E6%96%B0%E5%9F%8E_Zhujiang_New_Town_%E8%8A%B1%E5%9F%8E%E5%A4%A7%E9%81%93_HuaCheng_Avenue_%E8%8F%AF%E7%A9%97%E8%B7%AF_HuaSui_Road_shop_KFC_Restaurant_September_2024_R12S_06.jpg?utm_source=commons.wikimedia.org&utm_campaign=imageinfo&utm_content=original,https://thumb.wikimedia.org/wikipedia/commons/thumb/3/38/GD_%E5%BB%A3%E6%9D%B1_Guangdong_%E5%BB%A3%E5%B7%9E_Guangzhou_%E7%8F%A0%E6%B1%9F%E6%96%B0%E5%9F%8E_Zhujiang_New_Town_%E8%8A%B1%E5%9F%8E%E5%A4%A7%E9%81%93_HuaCheng_Avenue_%E8%8F%AF%E7%A9%97%E8%B7%AF_HuaSui_Road_shop_KFC_Restaurant_September_2024_R12S_06.jpg/1280px-thumbnail.jpg?utm_source=commons.wikimedia.org&utm_campaign=imageinfo&utm_content=thumbnail,4000,3000,CC0,http://creativecommons.org/publicdomain/zero/1.0/deed.en,Ghaud Lnegauk,Own work,2024-09-20 15:39:40,GD 廣東 Guangdong 廣州 Guangzhou 珠江新城 Zhujiang New Town 花城大道 HuaCheng Avenue 華穗路 HuaSui Road shop KFC Restaurant in September 2024,,,false,
File:GD 廣東 Guangdong 廣州 Guangzhou 珠江新城 Zhujiang New Town 花城大道 HuaCheng Avenue 華穗路 HuaSui Road shop KFC Restaurant September 2024 R12S 07.jpg,"Huacheng Avenue, Guangzhou",https://commons.wikimedia.org/wiki/File:GD_%E5%BB%A3%E6%9D%B1_Guangdong_%E5%BB%A3%E5%B7%9E_Guangzhou_%E7%8F%A0%E6%B1%9F%E6%96%B0%E5%9F%8E_Zhujiang_New_Town_%E8%8A%B1%E5%9F%8E%E5%A4%A7%E9%81%93_HuaCheng_Avenue_%E8%8F%AF%E7%A9%97%E8%B7%AF_HuaSui_Road_shop_KFC_Restaurant_September_2024_R12S_07.jpg,https://upload.wikimedia.org/wikipedia/commons/c/ca/GD_%E5%BB%A3%E6%9D%B1_Guangdong_%E5%BB%A3%E5%B7%9E_Guangzhou_%E7%8F%A0%E6%B1%9F%E6%96%B0%E5%9F%8E_Zhujiang_New_Town_%E8%8A%B1%E5%9F%8E%E5%A4%A7%E9%81%93_HuaCheng_Avenue_%E8%8F%AF%E7%A9%97%E8%B7%AF_HuaSui_Road_shop_KFC_Restaurant_September_2024_R12S_07.jpg?utm_source=commons.wikimedia.org&utm_campaign=imageinfo&utm_content=original,https://thumb.wikimedia.org/wikipedia/commons/thumb/c/ca/GD_%E5%BB%A3%E6%9D%B1_Guangdong_%E5%BB%A3%E5%B7%9E_Guangzhou_%E7%8F%A0%E6%B1%9F%E6%96%B0%E5%9F%8E_Zhujiang_New_Town_%E8%8A%B1%E5%9F%8E%E5%A4%A7%E9%81%93_HuaCheng_Avenue_%E8%8F%AF%E7%A9%97%E8%B7%AF_HuaSui_Road_shop_KFC_Restaurant_September_2024_R12S_07.jpg/1280px-thumbnail.jpg?utm_source=commons.wikimedia.org&utm_campaign=imageinfo&utm_content=thumbnail,4000,3000,CC0,http://creativecommons.org/publicdomain/zero/1.0/deed.en,Ghaud Lnegauk,Own work,2024-09-20 15:39:44,GD 廣東 Guangdong 廣州 Guangzhou 珠江新城 Zhujiang New Town 花城大道 HuaCheng Avenue 華穗路 HuaSui Road shop KFC Restaurant in September 2024,,,false,
File:GD 廣東 Guangdong 廣州 Guangzhou 珠江新城 Zhujiang New Town 花城大道 HuaCheng Avenue 華穗路 HuaSui Road shop KFC Restaurant September 2024 R12S 08.jpg,"Huacheng Avenue, Guangzhou",https://commons.wikimedia.org/wiki/File:GD_%E5%BB%A3%E6%9D%B1_Guangdong_%E5%BB%A3%E5%B7%9E_Guangzhou_%E7%8F%A0%E6%B1%9F%E6%96%B0%E5%9F%8E_Zhujiang_New_Town_%E8%8A%B1%E5%9F%8E%E5%A4%A7%E9%81%93_HuaCheng_Avenue_%E8%8F%AF%E7%A9%97%E8%B7%AF_HuaSui_Road_shop_KFC_Restaurant_September_2024_R12S_08.jpg,https://upload.wikimedia.org/wikipedia/commons/2/2c/GD_%E5%BB%A3%E6%9D%B1_Guangdong_%E5%BB%A3%E5%B7%9E_Guangzhou_%E7%8F%A0%E6%B1%9F%E6%96%B0%E5%9F%8E_Zhujiang_New_Town_%E8%8A%B1%E5%9F%8E%E5%A4%A7%E9%81%93_HuaCheng_Avenue_%E8%8F%AF%E7%A9%97%E8%B7%AF_HuaSui_Road_shop_KFC_Restaurant_September_2024_R12S_08.jpg?utm_source=commons.wikimedia.org&utm_campaign=imageinfo&utm_content=original,https://thumb.wikimedia.org/wikipedia/commons/thumb/2/2c/GD_%E5%BB%A3%E6%9D%B1_Guangdong_%E5%BB%A3%E5%B7%9E_Guangzhou_%E7%8F%A0%E6%B1%9F%E6%96%B0%E5%9F%8E_Zhujiang_New_Town_%E8%8A%B1%E5%9F%8E%E5%A4%A7%E9%81%93_HuaCheng_Avenue_%E8%8F%AF%E7%A9%97%E8%B7%AF_HuaSui_Road_shop_KFC_Restaurant_September_2024_R12S_08.jpg/1280px-thumbnail.jpg?utm_source=commons.wikimedia.org&utm_campaign=imageinfo&utm_content=thumbnail,4000,3000,CC0,http://creativecommons.org/publicdomain/zero/1.0/deed.en,Ghaud Lnegauk,Own work,2024-09-20 15:39:48,GD 廣東 Guangdong 廣州 Guangzhou 珠江新城 Zhujiang New Town 花城大道 HuaCheng Avenue 華穗路 HuaSui Road shop KFC Restaurant in September 2024,,,false,
File:GD 廣東 Guangdong 廣州 Guangzhou 花城大道 HuaCheng Avenue 中國海關 China Customs 廣州海關 building September 2024 R12S 01.jpg,"Huacheng Avenue, Guangzhou",https://commons.wikimedia.org/wiki/File:GD_%E5%BB%A3%E6%9D%B1_Guangdong_%E5%BB%A3%E5%B7%9E_Guangzhou_%E8%8A%B1%E5%9F%8E%E5%A4%A7%E9%81%93_HuaCheng_Avenue_%E4%B8%AD%E5%9C%8B%E6%B5%B7%E9%97%9C_China_Customs_%E5%BB%A3%E5%B7%9E%E6%B5%B7%E9%97%9C_building_September_2024_R12S_01.jpg,https://upload.wikimedia.org/wikipedia/commons/e/ec/GD_%E5%BB%A3%E6%9D%B1_Guangdong_%E5%BB%A3%E5%B7%9E_Guangzhou_%E8%8A%B1%E5%9F%8E%E5%A4%A7%E9%81%93_HuaCheng_Avenue_%E4%B8%AD%E5%9C%8B%E6%B5%B7%E9%97%9C_China_Customs_%E5%BB%A3%E5%B7%9E%E6%B5%B7%E9%97%9C_building_September_2024_R12S_01.jpg?utm_source=commons.wikimedia.org&utm_campaign=imageinfo&utm_content=original,https://thumb.wikimedia.org/wikipedia/commons/thumb/e/ec/GD_%E5%BB%A3%E6%9D%B1_Guangdong_%E5%BB%A3%E5%B7%9E_Guangzhou_%E8%8A%B1%E5%9F%8E%E5%A4%A7%E9%81%93_HuaCheng_Avenue_%E4%B8%AD%E5%9C%8B%E6%B5%B7%E9%97%9C_China_Customs_%E5%BB%A3%E5%B7%9E%E6%B5%B7%E9%97%9C_building_September_2024_R12S_01.jpg/1280px-GD_%E5%BB%A3%E6%9D%B1_Guangdong_%E5%BB%A3%E5%B7%9E_Guangzhou_%E8%8A%B1%E5%9F%8E%E5%A4%A7%E9%81%93_HuaCheng_Avenue_%E4%B8%AD%E5%9C%8B%E6%B5%B7%E9%97%9C_China_Customs_%E5%BB%A3%E5%B7%9E%E6%B5%B7%E9%97%9C_building_September_2024_R12S_01.jpg?utm_source=commons.wikimedia.org&utm_campaign=imageinfo&utm_content=thumbnail,4000,3000,CC0,http://creativecommons.org/publicdomain/zero/1.0/deed.en,Ghaud Lnegauk,Own work,2024-09-20 14:41:20,GD 廣東 Guangdong 廣州 Guangzhou 花城大道 HuaCheng Avenue 中國海關 China Customs 廣州海關 building in September 2024,23.12091,113.31627,false,
File:GD 廣東 Guangdong 廣州 Guangzhou 花城大道 HuaCheng Avenue 中國海關 China Customs 廣州海關 building September 2024 R12S 02.jpg,"Huacheng Avenue, Guangzhou",https://commons.wikimedia.org/wiki/File:GD_%E5%BB%A3%E6%9D%B1_Guangdong_%E5%BB%A3%E5%B7%9E_Guangzhou_%E8%8A%B1%E5%9F%8E%E5%A4%A7%E9%81%93_HuaCheng_Avenue_%E4%B8%AD%E5%9C%8B%E6%B5%B7%E9%97%9C_China_Customs_%E5%BB%A3%E5%B7%9E%E6%B5%B7%E9%97%9C_building_September_2024_R12S_02.jpg,https://upload.wikimedia.org/wikipedia/commons/e/ea/GD_%E5%BB%A3%E6%9D%B1_Guangdong_%E5%BB%A3%E5%B7%9E_Guangzhou_%E8%8A%B1%E5%9F%8E%E5%A4%A7%E9%81%93_HuaCheng_Avenue_%E4%B8%AD%E5%9C%8B%E6%B5%B7%E9%97%9C_China_Customs_%E5%BB%A3%E5%B7%9E%E6%B5%B7%E9%97%9C_building_September_2024_R12S_02.jpg?utm_source=commons.wikimedia.org&utm_campaign=imageinfo&utm_content=original,https://thumb.wikimedia.org/wikipedia/commons/thumb/e/ea/GD_%E5%BB%A3%E6%9D%B1_Guangdong_%E5%BB%A3%E5%B7%9E_Guangzhou_%E8%8A%B1%E5%9F%8E%E5%A4%A7%E9%81%93_HuaCheng_Avenue_%E4%B8%AD%E5%9C%8B%E6%B5%B7%E9%97%9C_China_Customs_%E5%BB%A3%E5%B7%9E%E6%B5%B7%E9%97%9C_building_September_2024_R12S_02.jpg/1280px-GD_%E5%BB%A3%E6%9D%B1_Guangdong_%E5%BB%A3%E5%B7%9E_Guangzhou_%E8%8A%B1%E5%9F%8E%E5%A4%A7%E9%81%93_HuaCheng_Avenue_%E4%B8%AD%E5%9C%8B%E6%B5%B7%E9%97%9C_China_Customs_%E5%BB%A3%E5%B7%9E%E6%B5%B7%E9%97%9C_building_September_2024_R12S_02.jpg?utm_source=commons.wikimedia.org&utm_campaign=imageinfo&utm_content=thumbnail,4000,3000,CC0,http://creativecommons.org/publicdomain/zero/1.0/deed.en,Ghaud Lnegauk,Own work,2024-09-20 14:41:21,GD 廣東 Guangdong 廣州 Guangzhou 花城大道 HuaCheng Avenue 中國海關 China Customs 廣州海關 building in September 2024,23.12091,113.31627,false,
File:GD 廣東 Guangdong 廣州 Guangzhou 花城大道 HuaCheng Avenue 中國海關 China Customs 廣州海關 building September 2024 R12S 03.jpg,"Huacheng Avenue, Guangzhou",https://commons.wikimedia.org/wiki/File:GD_%E5%BB%A3%E6%9D%B1_Guangdong_%E5%BB%A3%E5%B7%9E_Guangzhou_%E8%8A%B1%E5%9F%8E%E5%A4%A7%E9%81%93_HuaCheng_Avenue_%E4%B8%AD%E5%9C%8B%E6%B5%B7%E9%97%9C_China_Customs_%E5%BB%A3%E5%B7%9E%E6%B5%B7%E9%97%9C_building_September_2024_R12S_03.jpg,https://upload.wikimedia.org/wikipedia/commons/f/f6/GD_%E5%BB%A3%E6%9D%B1_Guangdong_%E5%BB%A3%E5%B7%9E_Guangzhou_%E8%8A%B1%E5%9F%8E%E5%A4%A7%E9%81%93_HuaCheng_Avenue_%E4%B8%AD%E5%9C%8B%E6%B5%B7%E9%97%9C_China_Customs_%E5%BB%A3%E5%B7%9E%E6%B5%B7%E9%97%9C_building_September_2024_R12S_03.jpg?utm_source=commons.wikimedia.org&utm_campaign=imageinfo&utm_content=original,https://thumb.wikimedia.org/wikipedia/commons/thumb/f/f6/GD_%E5%BB%A3%E6%9D%B1_Guangdong_%E5%BB%A3%E5%B7%9E_Guangzhou_%E8%8A%B1%E5%9F%8E%E5%A4%A7%E9%81%93_HuaCheng_Avenue_%E4%B8%AD%E5%9C%8B%E6%B5%B7%E9%97%9C_China_Customs_%E5%BB%A3%E5%B7%9E%E6%B5%B7%E9%97%9C_building_September_2024_R12S_03.jpg/1280px-GD_%E5%BB%A3%E6%9D%B1_Guangdong_%E5%BB%A3%E5%B7%9E_Guangzhou_%E8%8A%B1%E5%9F%8E%E5%A4%A7%E9%81%93_HuaCheng_Avenue_%E4%B8%AD%E5%9C%8B%E6%B5%B7%E9%97%9C_China_Customs_%E5%BB%A3%E5%B7%9E%E6%B5%B7%E9%97%9C_building_September_2024_R12S_03.jpg?utm_source=commons.wikimedia.org&utm_campaign=imageinfo&utm_content=thumbnail,3264,2448,CC0,http://creativecommons.org/publicdomain/zero/1.0/deed.en,Ghaud Lnegauk,Own work,2024-09-20 14:41:24,GD 廣東 Guangdong 廣州 Guangzhou 花城大道 HuaCheng Avenue 中國海關 China Customs 廣州海關 building in September 2024,23.12091,113.31627,false,
File:GD 廣東 Guangdong 廣州 Guangzhou 花城大道 HuaCheng Avenue 華穗路 HuaSui Road bus 40 90 107 194 230 stop sign September 2024 R12S 02.jpg,"Huacheng Avenue, Guangzhou",https://commons.wikimedia.org/wiki/File:GD_%E5%BB%A3%E6%9D%B1_Guangdong_%E5%BB%A3%E5%B7%9E_Guangzhou_%E8%8A%B1%E5%9F%8E%E5%A4%A7%E9%81%93_HuaCheng_Avenue_%E8%8F%AF%E7%A9%97%E8%B7%AF_HuaSui_Road_bus_40_90_107_194_230_stop_sign_September_2024_R12S_02.jpg,https://upload.wikimedia.org/wikipedia/commons/d/dc/GD_%E5%BB%A3%E6%9D%B1_Guangdong_%E5%BB%A3%E5%B7%9E_Guangzhou_%E8%8A%B1%E5%9F%8E%E5%A4%A7%E9%81%93_HuaCheng_Avenue_%E8%8F%AF%E7%A9%97%E8%B7%AF_HuaSui_Road_bus_40_90_107_194_230_stop_sign_September_2024_R12S_02.jpg?utm_source=commons.wikimedia.org&utm_campaign=imageinfo&utm_content=original,https://thumb.wikimedia.org/wikipedia/commons/thumb/d/dc/GD_%E5%BB%A3%E6%9D%B1_Guangdong_%E5%BB%A3%E5%B7%9E_Guangzhou_%E8%8A%B1%E5%9F%8E%E5%A4%A7%E9%81%93_HuaCheng_Avenue_%E8%8F%AF%E7%A9%97%E8%B7%AF_HuaSui_Road_bus_40_90_107_194_230_stop_sign_September_2024_R12S_02.jpg/1280px-GD_%E5%BB%A3%E6%9D%B1_Guangdong_%E5%BB%A3%E5%B7%9E_Guangzhou_%E8%8A%B1%E5%9F%8E%E5%A4%A7%E9%81%93_HuaCheng_Avenue_%E8%8F%AF%E7%A9%97%E8%B7%AF_HuaSui_Road_bus_40_90_107_194_230_stop_sign_September_2024_R12S_02.jpg?utm_source=commons.wikimedia.org&utm_campaign=imageinfo&utm_content=thumbnail,3000,4000,CC0,http://creativecommons.org/publicdomain/zero/1.0/deed.en,Ghaud Lnegauk,Own work,2024-09-20 14:46:30,GD 廣東 Guangdong 廣州 Guangzhou 花城大道 HuaCheng Avenue 華穗路 HuaSui Road bus stop sign in September 2024,23.121857,113.31427,false,
File:GD 廣東 Guangdong 廣州 Guangzhou 花城大道 HuaCheng Avenue 華穗路 HuaSui Road bus 40 90 107 stop sign September 2024 R12S 03.jpg,"Huacheng Avenue, Guangzhou",https://commons.wikimedia.org/wiki/File:GD_%E5%BB%A3%E6%9D%B1_Guangdong_%E5%BB%A3%E5%B7%9E_Guangzhou_%E8%8A%B1%E5%9F%8E%E5%A4%A7%E9%81%93_HuaCheng_Avenue_%E8%8F%AF%E7%A9%97%E8%B7%AF_HuaSui_Road_bus_40_90_107_stop_sign_September_2024_R12S_03.jpg,https://upload.wikimedia.org/wikipedia/commons/3/35/GD_%E5%BB%A3%E6%9D%B1_Guangdong_%E5%BB%A3%E5%B7%9E_Guangzhou_%E8%8A%B1%E5%9F%8E%E5%A4%A7%E9%81%93_HuaCheng_Avenue_%E8%8F%AF%E7%A9%97%E8%B7%AF_HuaSui_Road_bus_40_90_107_stop_sign_September_2024_R12S_03.jpg?utm_source=commons.wikimedia.org&utm_campaign=imageinfo&utm_content=original,https://thumb.wikimedia.org/wikipedia/commons/thumb/3/35/GD_%E5%BB%A3%E6%9D%B1_Guangdong_%E5%BB%A3%E5%B7%9E_Guangzhou_%E8%8A%B1%E5%9F%8E%E5%A4%A7%E9%81%93_HuaCheng_Avenue_%E8%8F%AF%E7%A9%97%E8%B7%AF_HuaSui_Road_bus_40_90_107_stop_sign_September_2024_R12S_03.jpg/1280px-GD_%E5%BB%A3%E6%9D%B1_Guangdong_%E5%BB%A3%E5%B7%9E_Guangzhou_%E8%8A%B1%E5%9F%8E%E5%A4%A7%E9%81%93_HuaCheng_Avenue_%E8%8F%AF%E7%A9%97%E8%B7%AF_HuaSui_Road_bus_40_90_107_stop_sign_September_2024_R12S_03.jpg?utm_source=commons.wikimedia.org&utm_campaign=imageinfo&utm_content=thumbnail,4000,3000,CC0,http://creativecommons.org/publicdomain/zero/1.0/deed.en,Ghaud Lnegauk,Own work,2024-09-20 14:47:34,GD 廣東 Guangdong 廣州 Guangzhou 花城大道 HuaCheng Avenue 華穗路 HuaSui Road bus stop sign in September 2024,23.12183,113.313887,false,
File:GD 廣東 Guangdong 廣州 Guangzhou 花城大道 HuaCheng Avenue 華穗路 HuaSui Road bus 811 body ads BNHT 百年糊塗 BaiNiHuTu wine 古天樂 Louis Koo September 2024 R12S.jpg,"Huacheng Avenue, Guangzhou",https://commons.wikimedia.org/wiki/File:GD_%E5%BB%A3%E6%9D%B1_Guangdong_%E5%BB%A3%E5%B7%9E_Guangzhou_%E8%8A%B1%E5%9F%8E%E5%A4%A7%E9%81%93_HuaCheng_Avenue_%E8%8F%AF%E7%A9%97%E8%B7%AF_HuaSui_Road_bus_811_body_ads_BNHT_%E7%99%BE%E5%B9%B4%E7%B3%8A%E5%A1%97_BaiNiHuTu_wine_%E5%8F%A4%E5%A4%A9%E6%A8%82_Louis_Koo_September_2024_R12S.jpg,https://upload.wikimedia.org/wikipedia/commons/2/2b/GD_%E5%BB%A3%E6%9D%B1_Guangdong_%E5%BB%A3%E5%B7%9E_Guangzhou_%E8%8A%B1%E5%9F%8E%E5%A4%A7%E9%81%93_HuaCheng_Avenue_%E8%8F%AF%E7%A9%97%E8%B7%AF_HuaSui_Road_bus_811_body_ads_BNHT_%E7%99%BE%E5%B9%B4%E7%B3%8A%E5%A1%97_BaiNiHuTu_wine_%E5%8F%A4%E5%A4%A9%E6%A8%82_Louis_Koo_September_2024_R12S.jpg?utm_source=commons.wikimedia.org&utm_campaign=imageinfo&utm_content=original,https://thumb.wikimedia.org/wikipedia/commons/thumb/2/2b/GD_%E5%BB%A3%E6%9D%B1_Guangdong_%E5%BB%A3%E5%B7%9E_Guangzhou_%E8%8A%B1%E5%9F%8E%E5%A4%A7%E9%81%93_HuaCheng_Avenue_%E8%8F%AF%E7%A9%97%E8%B7%AF_HuaSui_Road_bus_811_body_ads_BNHT_%E7%99%BE%E5%B9%B4%E7%B3%8A%E5%A1%97_BaiNiHuTu_wine_%E5%8F%A4%E5%A4%A9%E6%A8%82_Louis_Koo_September_2024_R12S.jpg/1280px-thumbnail.jpg?utm_source=commons.wikimedia.org&utm_campaign=imageinfo&utm_content=thumbnail,4000,3000,CC0,http://creativecommons.org/publicdomain/zero/1.0/deed.en,Ghaud Lnegauk,Own work,2024-09-20 14:53:12,GD 廣東 Guangdong 廣州 Guangzhou 花城大道 HuaCheng Avenue 華穗路 HuaSui Road bus 811 body ads BNHT 百年糊塗 BaiNiHuTu wine 古天樂 Louis Koo in September 2024,,,false,
File:GD 廣東 Guangdong 廣州 Guangzhou 花城大道 HuaCheng Avenue 華穗路 HuaSui Road bus 811 stop sign September 2024 R12S 01.jpg,"Huacheng Avenue, Guangzhou",https://commons.wikimedia.org/wiki/File:GD_%E5%BB%A3%E6%9D%B1_Guangdong_%E5%BB%A3%E5%B7%9E_Guangzhou_%E8%8A%B1%E5%9F%8E%E5%A4%A7%E9%81%93_HuaCheng_Avenue_%E8%8F%AF%E7%A9%97%E8%B7%AF_HuaSui_Road_bus_811_stop_sign_September_2024_R12S_01.jpg,https://upload.wikimedia.org/wikipedia/commons/b/bd/GD_%E5%BB%A3%E6%9D%B1_Guangdong_%E5%BB%A3%E5%B7%9E_Guangzhou_%E8%8A%B1%E5%9F%8E%E5%A4%A7%E9%81%93_HuaCheng_Avenue_%E8%8F%AF%E7%A9%97%E8%B7%AF_HuaSui_Road_bus_811_stop_sign_September_2024_R12S_01.jpg?utm_source=commons.wikimedia.org&utm_campaign=imageinfo&utm_content=original,https://thumb.wikimedia.org/wikipedia/commons/thumb/b/bd/GD_%E5%BB%A3%E6%9D%B1_Guangdong_%E5%BB%A3%E5%B7%9E_Guangzhou_%E8%8A%B1%E5%9F%8E%E5%A4%A7%E9%81%93_HuaCheng_Avenue_%E8%8F%AF%E7%A9%97%E8%B7%AF_HuaSui_Road_bus_811_stop_sign_September_2024_R12S_01.jpg/1280px-GD_%E5%BB%A3%E6%9D%B1_Guangdong_%E5%BB%A3%E5%B7%9E_Guangzhou_%E8%8A%B1%E5%9F%8E%E5%A4%A7%E9%81%93_HuaCheng_Avenue_%E8%8F%AF%E7%A9%97%E8%B7%AF_HuaSui_Road_bus_811_stop_sign_September_2024_R12S_01.jpg?utm_source=commons.wikimedia.org&utm_campaign=imageinfo&utm_content=thumbnail,4000,3000,CC0,http://creativecommons.org/publicdomain/zero/1.0/deed.en,Ghaud Lnegauk,Own work,2024-09-20 14:46:09,GD 廣東 Guangdong 廣州 Guangzhou 花城大道 HuaCheng Avenue 華穗路 HuaSui Road bus stop sign in September 2024,23.121857,113.31427,false,
File:GD 廣東 Guangdong 廣州 Guangzhou 花城大道 HuaCheng Avenue 華穗路 HuaSui Road shop KFC Restaurant interior slogan sign September 2024 R12S.jpg,"Huacheng Avenue, Guangzhou",https://commons.wikimedia.org/wiki/File:GD_%E5%BB%A3%E6%9D%B1_Guangdong_%E5%BB%A3%E5%B7%9E_Guangzhou_%E8%8A%B1%E5%9F%8E%E5%A4%A7%E9%81%93_HuaCheng_Avenue_%E8%8F%AF%E7%A9%97%E8%B7%AF_HuaSui_Road_shop_KFC_Restaurant_interior_slogan_sign_September_2024_R12S.jpg,https://upload.wikimedia.org/wikipedia/commons/3/35/GD_%E5%BB%A3%E6%9D%B1_Guangdong_%E5%BB%A3%E5%B7%9E_Guangzhou_%E8%8A%B1%E5%9F%8E%E5%A4%A7%E9%81%93_HuaCheng_Avenue_%E8%8F%AF%E7%A9%97%E8%B7%AF_HuaSui_Road_shop_KFC_Restaurant_interior_slogan_sign_September_2024_R12S.jpg?utm_source=commons.wikimedia.org&utm_campaign=imageinfo&utm_content=original,https://thumb.wikimedia.org/wikipedia/commons/thumb/3/35/GD_%E5%BB%A3%E6%9D%B1_Guangdong_%E5%BB%A3%E5%B7%9E_Guangzhou_%E8%8A%B1%E5%9F%8E%E5%A4%A7%E9%81%93_HuaCheng_Avenue_%E8%8F%AF%E7%A9%97%E8%B7%AF_HuaSui_Road_shop_KFC_Restaurant_interior_slogan_sign_September_2024_R12S.jpg/1280px-GD_%E5%BB%A3%E6%9D%B1_Guangdong_%E5%BB%A3%E5%B7%9E_Guangzhou_%E8%8A%B1%E5%9F%8E%E5%A4%A7%E9%81%93_HuaCheng_Avenue_%E8%8F%AF%E7%A9%97%E8%B7%AF_HuaSui_Road_shop_KFC_Restaurant_interior_slogan_sign_September_2024_R12S.jpg?utm_source=commons.wikimedia.org&utm_campaign=imageinfo&utm_content=thumbnail,4000,3000,CC0,http://creativecommons.org/publicdomain/zero/1.0/deed.en,Ghaud Lnegauk,Own work,2024-09-20 15:25:58,GD 廣東 Guangdong 廣州 Guangzhou 花城大道 HuaCheng Avenue 華穗路 HuaSui Road shop KFC Restaurant in September 2024,,,false,
File:Guangzhou Liwan Geli Fufu Gongsi Jiuzhi 20230528.164022.jpg,Buildings in Shamian,https://commons.wikimedia.org/wiki/File:Guangzhou_Liwan_Geli_Fufu_Gongsi_Jiuzhi_20230528.164022.jpg,https://upload.wikimedia.org/wikipedia/commons/3/3f/Guangzhou_Liwan_Geli_Fufu_Gongsi_Jiuzhi_20230528.164022.jpg?utm_source=commons.wikimedia.org&utm_campaign=imageinfo&utm_content=original,https://thumb.wikimedia.org/wikipedia/commons/thumb/3/3f/Guangzhou_Liwan_Geli_Fufu_Gongsi_Jiuzhi_20230528.164022.jpg/1280px-Guangzhou_Liwan_Geli_Fufu_Gongsi_Jiuzhi_20230528.164022.jpg?utm_source=commons.wikimedia.org&utm_campaign=imageinfo&utm_content=thumbnail,3888,5184,CC BY-SA 4.0,https://creativecommons.org/licenses/by-sa/4.0,古海岸遗址,Own work,2023-05-28 16:40:22,​葛理福孚公司旧址，位于广东省广州市荔湾区沙面街道沙面北街39、41号。属于全国重点文物保护单位。,,,true,
File:Guangzhou Liwan Shamian Taigu Yanghang Jiuzhi 20230107.144612.jpg,Buildings in Shamian,https://commons.wikimedia.org/wiki/File:Guangzhou_Liwan_Shamian_Taigu_Yanghang_Jiuzhi_20230107.144612.jpg,https://upload.wikimedia.org/wikipedia/commons/0/0c/Guangzhou_Liwan_Shamian_Taigu_Yanghang_Jiuzhi_20230107.144612.jpg?utm_source=commons.wikimedia.org&utm_campaign=imageinfo&utm_content=original,https://thumb.wikimedia.org/wikipedia/commons/thumb/0/0c/Guangzhou_Liwan_Shamian_Taigu_Yanghang_Jiuzhi_20230107.144612.jpg/1280px-Guangzhou_Liwan_Shamian_Taigu_Yanghang_Jiuzhi_20230107.144612.jpg?utm_source=commons.wikimedia.org&utm_campaign=imageinfo&utm_content=thumbnail,5184,3888,CC BY-SA 4.0,https://creativecommons.org/licenses/by-sa/4.0,古海岸遗址,Own work,2023-01-07 14:46:12,​太古洋行旧址，位于广东省广州市荔湾区沙面街道沙面南街48号。属于全国重点文物保护单位。,,,true,
File:Guangzhou Liwan Shamian ZhengJin Yinhang Jiuzhi 20230107.141132.jpg,Buildings in Shamian,https://commons.wikimedia.org/wiki/File:Guangzhou_Liwan_Shamian_ZhengJin_Yinhang_Jiuzhi_20230107.141132.jpg,https://upload.wikimedia.org/wikipedia/commons/9/98/Guangzhou_Liwan_Shamian_ZhengJin_Yinhang_Jiuzhi_20230107.141132.jpg?utm_source=commons.wikimedia.org&utm_campaign=imageinfo&utm_content=original,https://thumb.wikimedia.org/wikipedia/commons/thumb/9/98/Guangzhou_Liwan_Shamian_ZhengJin_Yinhang_Jiuzhi_20230107.141132.jpg/1280px-Guangzhou_Liwan_Shamian_ZhengJin_Yinhang_Jiuzhi_20230107.141132.jpg?utm_source=commons.wikimedia.org&utm_campaign=imageinfo&utm_content=thumbnail,5184,3888,CC BY-SA 4.0,https://creativecommons.org/licenses/by-sa/4.0,古海岸遗址,Own work,2023-01-07 14:11:32,​正金银行旧址，位于广东省广州市荔湾区沙面街道沙面大街56号。属于全国重点文物保护单位。,,,true,
File:Guangzhou Liwan Yingguo Lingshiguan Jiuzhi 20230528.171225.jpg,Buildings in Shamian,https://commons.wikimedia.org/wiki/File:Guangzhou_Liwan_Yingguo_Lingshiguan_Jiuzhi_20230528.171225.jpg,https://upload.wikimedia.org/wikipedia/commons/6/62/Guangzhou_Liwan_Yingguo_Lingshiguan_Jiuzhi_20230528.171225.jpg?utm_source=commons.wikimedia.org&utm_campaign=imageinfo&utm_content=original,https://thumb.wikimedia.org/wikipedia/commons/thumb/6/62/Guangzhou_Liwan_Yingguo_Lingshiguan_Jiuzhi_20230528.171225.jpg/1280px-Guangzhou_Liwan_Yingguo_Lingshiguan_Jiuzhi_20230528.171225.jpg?utm_source=commons.wikimedia.org&utm_campaign=imageinfo&utm_content=thumbnail,5184,3888,CC BY-SA 4.0,https://creativecommons.org/licenses/by-sa/4.0,古海岸遗址,Own work,2023-05-28 17:12:25,​英国领事馆西副楼旧址，位于广东省广州市荔湾区沙面街道沙面南街44、46号大院内。属于全国重点文物保护单位。,,,true,
File:Guangzhou Liwan Yingguo Shenggonghui Mushi Zhuzhai Jiuzhi 20230528.173935.jpg,Buildings in Shamian,https://commons.wikimedia.org/wiki/File:Guangzhou_Liwan_Yingguo_Shenggonghui_Mushi_Zhuzhai_Jiuzhi_20230528.173935.jpg,https://upload.wikimedia.org/wikipedia/commons/7/76/Guangzhou_Liwan_Yingguo_Shenggonghui_Mushi_Zhuzhai_Jiuzhi_20230528.173935.jpg?utm_source=commons.wikimedia.org&utm_campaign=imageinfo&utm_content=original,https://thumb.wikimedia.org/wikipedia/commons/thumb/7/76/Guangzhou_Liwan_Yingguo_Shenggonghui_Mushi_Zhuzhai_Jiuzhi_20230528.173935.jpg/1280px-Guangzhou_Liwan_Yingguo_Shenggonghui_Mushi_Zhuzhai_Jiuzhi_20230528.173935.jpg?utm_source=commons.wikimedia.org&utm_campaign=imageinfo&utm_content=thumbnail,5184,3888,CC BY-SA 4.0,https://creativecommons.org/licenses/by-sa/4.0,古海岸遗址,Own work,2023-05-28 17:39:35,​英国圣公会牧师住宅旧址，位于广东省广州市荔湾区沙面街道沙面大街69号。属于全国重点文物保护单位。,,,true,
File:Guangzhou Shamian 2012.11.15 09-50-24.jpg,Christ Church Shamian,https://commons.wikimedia.org/wiki/File:Guangzhou_Shamian_2012.11.15_09-50-24.jpg,https://upload.wikimedia.org/wikipedia/commons/a/a9/Guangzhou_Shamian_2012.11.15_09-50-24.jpg?utm_source=commons.wikimedia.org&utm_campaign=imageinfo&utm_content=original,https://thumb.wikimedia.org/wikipedia/commons/thumb/a/a9/Guangzhou_Shamian_2012.11.15_09-50-24.jpg/1280px-Guangzhou_Shamian_2012.11.15_09-50-24.jpg?utm_source=commons.wikimedia.org&utm_campaign=imageinfo&utm_content=thumbnail,3168,4752,CC BY-SA 3.0,https://creativecommons.org/licenses/by-sa/3.0,Zhangzhugang,Own work,2012-11-15 09:50:24,"Shamian Island，in Guangzhou, Guangdong, China.",23.10935905,113.23274968,true,
File:Guangzhou Shamian 2012.11.15 09-50-49.jpg,Christ Church Shamian,https://commons.wikimedia.org/wiki/File:Guangzhou_Shamian_2012.11.15_09-50-49.jpg,https://upload.wikimedia.org/wikipedia/commons/8/8f/Guangzhou_Shamian_2012.11.15_09-50-49.jpg?utm_source=commons.wikimedia.org&utm_campaign=imageinfo&utm_content=original,https://thumb.wikimedia.org/wikipedia/commons/thumb/8/8f/Guangzhou_Shamian_2012.11.15_09-50-49.jpg/1280px-Guangzhou_Shamian_2012.11.15_09-50-49.jpg?utm_source=commons.wikimedia.org&utm_campaign=imageinfo&utm_content=thumbnail,3168,4752,CC BY-SA 3.0,https://creativecommons.org/licenses/by-sa/3.0,Zhangzhugang,Own work,2012-11-15 09:50:49,"Shamian Island，in Guangzhou, Guangdong, China.",23.10935905,113.23274968,true,
File:Guangzhou Shamian 2012.11.15 09-51-26.jpg,Christ Church Shamian,https://commons.wikimedia.org/wiki/File:Guangzhou_Shamian_2012.11.15_09-51-26.jpg,https://upload.wikimedia.org/wikipedia/commons/c/ce/Guangzhou_Shamian_2012.11.15_09-51-26.jpg?utm_source=commons.wikimedia.org&utm_campaign=imageinfo&utm_content=original,https://thumb.wikimedia.org/wikipedia/commons/thumb/c/ce/Guangzhou_Shamian_2012.11.15_09-51-26.jpg/1280px-Guangzhou_Shamian_2012.11.15_09-51-26.jpg?utm_source=commons.wikimedia.org&utm_campaign=imageinfo&utm_content=thumbnail,4752,3168,CC BY-SA 3.0,https://creativecommons.org/licenses/by-sa/3.0,Zhangzhugang,Own work,2012-11-15 09:51:26,"Shamian Island，in Guangzhou, Guangdong, China.",23.10935905,113.23274968,true,
File:Guangzhou Shamian 2012.11.15 09-55-15.jpg,Former HSBC Building (Shamian),https://commons.wikimedia.org/wiki/File:Guangzhou_Shamian_2012.11.15_09-55-15.jpg,https://upload.wikimedia.org/wikipedia/commons/5/53/Guangzhou_Shamian_2012.11.15_09-55-15.jpg?utm_source=commons.wikimedia.org&utm_campaign=imageinfo&utm_content=original,https://thumb.wikimedia.org/wikipedia/commons/thumb/5/53/Guangzhou_Shamian_2012.11.15_09-55-15.jpg/1280px-Guangzhou_Shamian_2012.11.15_09-55-15.jpg?utm_source=commons.wikimedia.org&utm_campaign=imageinfo&utm_content=thumbnail,4752,3168,CC BY-SA 3.0,https://creativecommons.org/licenses/by-sa/3.0,Zhangzhugang,Own work,2012-11-15 09:55:15,"Shamian Island, in Guangzhou, Guangdong, China. Former HSBC office",23.10980393,113.23036498,true,
File:Guangzhou Shamian 2012.11.15 09-57-12.jpg,Former HSBC Building (Shamian),https://commons.wikimedia.org/wiki/File:Guangzhou_Shamian_2012.11.15_09-57-12.jpg,https://upload.wikimedia.org/wikipedia/commons/2/2b/Guangzhou_Shamian_2012.11.15_09-57-12.jpg?utm_source=commons.wikimedia.org&utm_campaign=imageinfo&utm_content=original,https://thumb.wikimedia.org/wikipedia/commons/thumb/2/2b/Guangzhou_Shamian_2012.11.15_09-57-12.jpg/1280px-Guangzhou_Shamian_2012.11.15_09-57-12.jpg?utm_source=commons.wikimedia.org&utm_campaign=imageinfo&utm_content=thumbnail,4752,3168,CC BY-SA 3.0,https://creativecommons.org/licenses/by-sa/3.0,Zhangzhugang,Own work,2012-11-15 09:57:12,"Shamian Island, in Guangzhou, Guangdong, China. Former HSBC office",23.10977808,113.23823278,true,
File:Guangzhou Shamian 2012.11.15 09-57-39.jpg,Former HSBC Building (Shamian),https://commons.wikimedia.org/wiki/File:Guangzhou_Shamian_2012.11.15_09-57-39.jpg,https://upload.wikimedia.org/wikipedia/commons/5/5e/Guangzhou_Shamian_2012.11.15_09-57-39.jpg?utm_source=commons.wikimedia.org&utm_campaign=imageinfo&utm_content=original,https://thumb.wikimedia.org/wikipedia/commons/thumb/5/5e/Guangzhou_Shamian_2012.11.15_09-57-39.jpg/1280px-Guangzhou_Shamian_2012.11.15_09-57-39.jpg?utm_source=commons.wikimedia.org&utm_campaign=imageinfo&utm_content=thumbnail,3168,4752,CC BY-SA 3.0,https://creativecommons.org/licenses/by-sa/3.0,Zhangzhugang,Own work,2012-11-15 09:57:39,"Shamian Island, in Guangzhou, Guangdong, China. Former HSBC office",23.09853063,113.23837783,true,
File:Guangzhou Shamian 2012.11.15 10-02-58.jpg,"Bank of Taiwan Building, Guangzhou",https://commons.wikimedia.org/wiki/File:Guangzhou_Shamian_2012.11.15_10-02-58.jpg,https://upload.wikimedia.org/wikipedia/commons/8/87/Guangzhou_Shamian_2012.11.15_10-02-58.jpg?utm_source=commons.wikimedia.org&utm_campaign=imageinfo&utm_content=original,https://thumb.wikimedia.org/wikipedia/commons/thumb/8/87/Guangzhou_Shamian_2012.11.15_10-02-58.jpg/1280px-Guangzhou_Shamian_2012.11.15_10-02-58.jpg?utm_source=commons.wikimedia.org&utm_campaign=imageinfo&utm_content=thumbnail,4752,3168,CC BY-SA 3.0,https://creativecommons.org/licenses/by-sa/3.0,Zhangzhugang,Own work,Taken on 15 November 2012 10:02:58,"Shamian Island，in Guangzhou, Guangdong, China.",23.09718212,113.23973426,true,
File:Guangzhou Shamian 2012.11.15 10-03-30.jpg,"Bank of Taiwan Building, Guangzhou",https://commons.wikimedia.org/wiki/File:Guangzhou_Shamian_2012.11.15_10-03-30.jpg,https://upload.wikimedia.org/wikipedia/commons/1/1b/Guangzhou_Shamian_2012.11.15_10-03-30.jpg?utm_source=commons.wikimedia.org&utm_campaign=imageinfo&utm_content=original,https://thumb.wikimedia.org/wikipedia/commons/thumb/1/1b/Guangzhou_Shamian_2012.11.15_10-03-30.jpg/1280px-Guangzhou_Shamian_2012.11.15_10-03-30.jpg?utm_source=commons.wikimedia.org&utm_campaign=imageinfo&utm_content=thumbnail,4752,3168,CC BY-SA 3.0,https://creativecommons.org/licenses/by-sa/3.0,Zhangzhugang,Own work,Taken on 15 November 2012 10:03:30,"Shamian Island，in Guangzhou, Guangdong, China.",23.09718212,113.23973426,true,
File:Guangzhou Shamian 2012.11.15 10-05-02.jpg,"Banque de l'Indochine Building, Guangzhou",https://commons.wikimedia.org/wiki/File:Guangzhou_Shamian_2012.11.15_10-05-02.jpg,https://upload.wikimedia.org/wikipedia/commons/f/f2/Guangzhou_Shamian_2012.11.15_10-05-02.jpg?utm_source=commons.wikimedia.org&utm_campaign=imageinfo&utm_content=original,https://thumb.wikimedia.org/wikipedia/commons/thumb/f/f2/Guangzhou_Shamian_2012.11.15_10-05-02.jpg/1280px-Guangzhou_Shamian_2012.11.15_10-05-02.jpg?utm_source=commons.wikimedia.org&utm_campaign=imageinfo&utm_content=thumbnail,4752,3168,CC BY-SA 3.0,https://creativecommons.org/licenses/by-sa/3.0,Zhangzhugang,Own work,2012-11-15 10:05:02,"Shamian Island，in Guangzhou, Guangdong, China.",23.09547225,113.24044314,true,
File:Guangzhou Shamian 2012.11.15 10-05-31.jpg,"Banque de l'Indochine Building, Guangzhou",https://commons.wikimedia.org/wiki/File:Guangzhou_Shamian_2012.11.15_10-05-31.jpg,https://upload.wikimedia.org/wikipedia/commons/7/7f/Guangzhou_Shamian_2012.11.15_10-05-31.jpg?utm_source=commons.wikimedia.org&utm_campaign=imageinfo&utm_content=original,https://thumb.wikimedia.org/wikipedia/commons/thumb/7/7f/Guangzhou_Shamian_2012.11.15_10-05-31.jpg/1280px-Guangzhou_Shamian_2012.11.15_10-05-31.jpg?utm_source=commons.wikimedia.org&utm_campaign=imageinfo&utm_content=thumbnail,4752,3168,CC BY-SA 3.0,https://creativecommons.org/licenses/by-sa/3.0,Zhangzhugang,Own work,2012-11-15 10:05:31,"Shamian Island，in Guangzhou, Guangdong, China.",23.09547225,113.24044314,true,
File:Guangzhou Shamian 2012.11.15 10-05-55.jpg,"Our Lady of Lourdes Chapel, Shamian",https://commons.wikimedia.org/wiki/File:Guangzhou_Shamian_2012.11.15_10-05-55.jpg,https://upload.wikimedia.org/wikipedia/commons/4/47/Guangzhou_Shamian_2012.11.15_10-05-55.jpg?utm_source=commons.wikimedia.org&utm_campaign=imageinfo&utm_content=original,https://thumb.wikimedia.org/wikipedia/commons/thumb/4/47/Guangzhou_Shamian_2012.11.15_10-05-55.jpg/1280px-Guangzhou_Shamian_2012.11.15_10-05-55.jpg?utm_source=commons.wikimedia.org&utm_campaign=imageinfo&utm_content=thumbnail,3168,4752,CC BY-SA 3.0,https://creativecommons.org/licenses/by-sa/3.0,Zhangzhugang,Own work,2012-11-15 10:05:55,"Shamian Island，in Guangzhou, Guangdong, China.",23.09135261,113.2271108,true,
File:Guangzhou Shamian 2012.11.15 10-06-38.jpg,"Our Lady of Lourdes Chapel, Shamian",https://commons.wikimedia.org/wiki/File:Guangzhou_Shamian_2012.11.15_10-06-38.jpg,https://upload.wikimedia.org/wikipedia/commons/5/51/Guangzhou_Shamian_2012.11.15_10-06-38.jpg?utm_source=commons.wikimedia.org&utm_campaign=imageinfo&utm_content=original,https://thumb.wikimedia.org/wikipedia/commons/thumb/5/51/Guangzhou_Shamian_2012.11.15_10-06-38.jpg/1280px-Guangzhou_Shamian_2012.11.15_10-06-38.jpg?utm_source=commons.wikimedia.org&utm_campaign=imageinfo&utm_content=thumbnail,3168,4752,CC BY-SA 3.0,https://creativecommons.org/licenses/by-sa/3.0,Zhangzhugang,Own work,2012-11-15 10:06:38,"Shamian Island，in Guangzhou, Guangdong, China.",23.09135261,113.2271108,true,
File:Guangzhou Shamian 2012.11.15 10-07-29.jpg,"Our Lady of Lourdes Chapel, Shamian",https://commons.wikimedia.org/wiki/File:Guangzhou_Shamian_2012.11.15_10-07-29.jpg,https://upload.wikimedia.org/wikipedia/commons/0/01/Guangzhou_Shamian_2012.11.15_10-07-29.jpg?utm_source=commons.wikimedia.org&utm_campaign=imageinfo&utm_content=original,https://thumb.wikimedia.org/wikipedia/commons/thumb/0/01/Guangzhou_Shamian_2012.11.15_10-07-29.jpg/1280px-Guangzhou_Shamian_2012.11.15_10-07-29.jpg?utm_source=commons.wikimedia.org&utm_campaign=imageinfo&utm_content=thumbnail,4752,3168,CC BY-SA 3.0,https://creativecommons.org/licenses/by-sa/3.0,Zhangzhugang,Own work,2012-11-15 10:07:29,"Shamian Island，in Guangzhou, Guangdong, China.",23.09135261,113.2271108,true,
File:Guangzhou Shamian 2012.11.15 10-08-17.jpg,"Our Lady of Lourdes Chapel, Shamian",https://commons.wikimedia.org/wiki/File:Guangzhou_Shamian_2012.11.15_10-08-17.jpg,https://upload.wikimedia.org/wikipedia/commons/5/5c/Guangzhou_Shamian_2012.11.15_10-08-17.jpg?utm_source=commons.wikimedia.org&utm_campaign=imageinfo&utm_content=original,https://thumb.wikimedia.org/wikipedia/commons/thumb/5/5c/Guangzhou_Shamian_2012.11.15_10-08-17.jpg/1280px-Guangzhou_Shamian_2012.11.15_10-08-17.jpg?utm_source=commons.wikimedia.org&utm_campaign=imageinfo&utm_content=thumbnail,4752,3168,CC BY-SA 3.0,https://creativecommons.org/licenses/by-sa/3.0,Zhangzhugang,Own work,2012-11-15 10:08:17,"Shamian Island，in Guangzhou, Guangdong, China.",23.10981009,113.24221689,true,
File:Guangzhou Shamian 2012.11.15 10-08-42.jpg,"Our Lady of Lourdes Chapel, Shamian",https://commons.wikimedia.org/wiki/File:Guangzhou_Shamian_2012.11.15_10-08-42.jpg,https://upload.wikimedia.org/wikipedia/commons/0/07/Guangzhou_Shamian_2012.11.15_10-08-42.jpg?utm_source=commons.wikimedia.org&utm_campaign=imageinfo&utm_content=original,https://thumb.wikimedia.org/wikipedia/commons/thumb/0/07/Guangzhou_Shamian_2012.11.15_10-08-42.jpg/1280px-Guangzhou_Shamian_2012.11.15_10-08-42.jpg?utm_source=commons.wikimedia.org&utm_campaign=imageinfo&utm_content=thumbnail,4752,3168,CC BY-SA 3.0,https://creativecommons.org/licenses/by-sa/3.0,Zhangzhugang,Own work,2012-11-15 10:08:42,"Shamian Island，in Guangzhou, Guangdong, China.",23.10981009,113.24221689,true,
File:Guangzhou Shamian 2019.03.08 12-19-05.jpg,"Our Lady of Lourdes Chapel, Shamian",https://commons.wikimedia.org/wiki/File:Guangzhou_Shamian_2019.03.08_12-19-05.jpg,https://upload.wikimedia.org/wikipedia/commons/e/e4/Guangzhou_Shamian_2019.03.08_12-19-05.jpg?utm_source=commons.wikimedia.org&utm_campaign=imageinfo&utm_content=original,https://thumb.wikimedia.org/wikipedia/commons/thumb/e/e4/Guangzhou_Shamian_2019.03.08_12-19-05.jpg/1280px-Guangzhou_Shamian_2019.03.08_12-19-05.jpg?utm_source=commons.wikimedia.org&utm_campaign=imageinfo&utm_content=thumbnail,3120,4160,CC BY-SA 4.0,https://creativecommons.org/licenses/by-sa/4.0,Zhangzhugang,Own work,2019-03-08 12:19:05,​广州沙面·露德天主教圣母堂,23.109767,113.242494,true,
File:Guangzhou's Shamian - panoramio - 钟启明 (2).jpg,Buildings in Shamian,https://commons.wikimedia.org/wiki/File:Guangzhou%27s_Shamian_-_panoramio_-_%E9%92%9F%E5%90%AF%E6%98%8E_(2).jpg,https://upload.wikimedia.org/wikipedia/commons/2/26/Guangzhou%27s_Shamian_-_panoramio_-_%E9%92%9F%E5%90%AF%E6%98%8E_%282%29.jpg?utm_source=commons.wikimedia.org&utm_campaign=imageinfo&utm_content=original,https://thumb.wikimedia.org/wikipedia/commons/thumb/2/26/Guangzhou%27s_Shamian_-_panoramio_-_%E9%92%9F%E5%90%AF%E6%98%8E_%282%29.jpg/1280px-Guangzhou%27s_Shamian_-_panoramio_-_%E9%92%9F%E5%90%AF%E6%98%8E_%282%29.jpg?utm_source=commons.wikimedia.org&utm_campaign=imageinfo&utm_content=thumbnail,3264,2448,CC BY-SA 3.0,https://creativecommons.org/licenses/by-sa/3.0,钟启明,https://web.archive.org/web/20161010160219/http://www.panoramio.com/photo/9814011,Taken on 19 March 2008,Guangzhou's Shamian,23.11072,113.238637,true,
File:Guangzhou's Shamian - panoramio - 钟启明 (3).jpg,Buildings in Shamian,https://commons.wikimedia.org/wiki/File:Guangzhou%27s_Shamian_-_panoramio_-_%E9%92%9F%E5%90%AF%E6%98%8E_(3).jpg,https://upload.wikimedia.org/wikipedia/commons/d/df/Guangzhou%27s_Shamian_-_panoramio_-_%E9%92%9F%E5%90%AF%E6%98%8E_%283%29.jpg?utm_source=commons.wikimedia.org&utm_campaign=imageinfo&utm_content=original,https://thumb.wikimedia.org/wikipedia/commons/thumb/d/df/Guangzhou%27s_Shamian_-_panoramio_-_%E9%92%9F%E5%90%AF%E6%98%8E_%283%29.jpg/1280px-Guangzhou%27s_Shamian_-_panoramio_-_%E9%92%9F%E5%90%AF%E6%98%8E_%283%29.jpg?utm_source=commons.wikimedia.org&utm_campaign=imageinfo&utm_content=thumbnail,3264,2448,CC BY-SA 3.0,https://creativecommons.org/licenses/by-sa/3.0,钟启明,https://web.archive.org/web/20161011044248/http://www.panoramio.com/photo/9814047,Taken on 19 March 2008,Guangzhou's Shamian,23.109714,113.239582,true,
File:Guangzhou's Shamian - panoramio - 钟启明 (4).jpg,Buildings in Shamian,https://commons.wikimedia.org/wiki/File:Guangzhou%27s_Shamian_-_panoramio_-_%E9%92%9F%E5%90%AF%E6%98%8E_(4).jpg,https://upload.wikimedia.org/wikipedia/commons/3/3e/Guangzhou%27s_Shamian_-_panoramio_-_%E9%92%9F%E5%90%AF%E6%98%8E_%284%29.jpg?utm_source=commons.wikimedia.org&utm_campaign=imageinfo&utm_content=original,https://thumb.wikimedia.org/wikipedia/commons/thumb/3/3e/Guangzhou%27s_Shamian_-_panoramio_-_%E9%92%9F%E5%90%AF%E6%98%8E_%284%29.jpg/1280px-Guangzhou%27s_Shamian_-_panoramio_-_%E9%92%9F%E5%90%AF%E6%98%8E_%284%29.jpg?utm_source=commons.wikimedia.org&utm_campaign=imageinfo&utm_content=thumbnail,3264,2448,CC BY-SA 3.0,https://creativecommons.org/licenses/by-sa/3.0,钟启明,https://web.archive.org/web/20161010031539/http://www.panoramio.com/photo/9814090,Taken on 19 March 2008,Guangzhou's Shamian,23.110109,113.240311,true,
File:Guangzhou's Shamian - panoramio - 钟启明 (5).jpg,Buildings in Shamian,https://commons.wikimedia.org/wiki/File:Guangzhou%27s_Shamian_-_panoramio_-_%E9%92%9F%E5%90%AF%E6%98%8E_(5).jpg,https://upload.wikimedia.org/wikipedia/commons/6/61/Guangzhou%27s_Shamian_-_panoramio_-_%E9%92%9F%E5%90%AF%E6%98%8E_%285%29.jpg?utm_source=commons.wikimedia.org&utm_campaign=imageinfo&utm_content=original,https://thumb.wikimedia.org/wikipedia/commons/thumb/6/61/Guangzhou%27s_Shamian_-_panoramio_-_%E9%92%9F%E5%90%AF%E6%98%8E_%285%29.jpg/1280px-Guangzhou%27s_Shamian_-_panoramio_-_%E9%92%9F%E5%90%AF%E6%98%8E_%285%29.jpg?utm_source=commons.wikimedia.org&utm_campaign=imageinfo&utm_content=thumbnail,3264,2448,CC BY-SA 3.0,https://creativecommons.org/licenses/by-sa/3.0,钟启明,https://web.archive.org/web/20170831030717/http://www.panoramio.com:80/photo/9814120,Taken on 19 March 2008,Guangzhou's Shamian,23.110069,113.23823,true,
File:Guangzhou's Shamian - panoramio - 钟启明 (7).jpg,Buildings in Shamian,https://commons.wikimedia.org/wiki/File:Guangzhou%27s_Shamian_-_panoramio_-_%E9%92%9F%E5%90%AF%E6%98%8E_(7).jpg,https://upload.wikimedia.org/wikipedia/commons/e/ed/Guangzhou%27s_Shamian_-_panoramio_-_%E9%92%9F%E5%90%AF%E6%98%8E_%287%29.jpg?utm_source=commons.wikimedia.org&utm_campaign=imageinfo&utm_content=original,https://thumb.wikimedia.org/wikipedia/commons/thumb/e/ed/Guangzhou%27s_Shamian_-_panoramio_-_%E9%92%9F%E5%90%AF%E6%98%8E_%287%29.jpg/1280px-Guangzhou%27s_Shamian_-_panoramio_-_%E9%92%9F%E5%90%AF%E6%98%8E_%287%29.jpg?utm_source=commons.wikimedia.org&utm_campaign=imageinfo&utm_content=thumbnail,3264,2448,CC BY-SA 3.0,https://creativecommons.org/licenses/by-sa/3.0,钟启明,https://web.archive.org/web/20161010165213/http://www.panoramio.com/photo/9814195,Taken on 19 March 2008,Guangzhou's Shamian,23.109418,113.236685,true,
File:Guangzhou's Shamian - panoramio - 钟启明 (8).jpg,Buildings in Shamian,https://commons.wikimedia.org/wiki/File:Guangzhou%27s_Shamian_-_panoramio_-_%E9%92%9F%E5%90%AF%E6%98%8E_(8).jpg,https://upload.wikimedia.org/wikipedia/commons/d/de/Guangzhou%27s_Shamian_-_panoramio_-_%E9%92%9F%E5%90%AF%E6%98%8E_%288%29.jpg?utm_source=commons.wikimedia.org&utm_campaign=imageinfo&utm_content=original,https://thumb.wikimedia.org/wikipedia/commons/thumb/d/de/Guangzhou%27s_Shamian_-_panoramio_-_%E9%92%9F%E5%90%AF%E6%98%8E_%288%29.jpg/1280px-Guangzhou%27s_Shamian_-_panoramio_-_%E9%92%9F%E5%90%AF%E6%98%8E_%288%29.jpg?utm_source=commons.wikimedia.org&utm_campaign=imageinfo&utm_content=thumbnail,3264,2448,CC BY-SA 3.0,https://creativecommons.org/licenses/by-sa/3.0,钟启明,https://web.archive.org/web/20161011031728/http://www.panoramio.com/photo/9814226,Taken on 19 March 2008,Guangzhou's Shamian,23.109734,113.237693,true,
File:Guangzhou's Shamian - panoramio - 钟启明.jpg,Buildings in Shamian,https://commons.wikimedia.org/wiki/File:Guangzhou%27s_Shamian_-_panoramio_-_%E9%92%9F%E5%90%AF%E6%98%8E.jpg,https://upload.wikimedia.org/wikipedia/commons/6/6e/Guangzhou%27s_Shamian_-_panoramio_-_%E9%92%9F%E5%90%AF%E6%98%8E.jpg?utm_source=commons.wikimedia.org&utm_campaign=imageinfo&utm_content=original,https://thumb.wikimedia.org/wikipedia/commons/thumb/6/6e/Guangzhou%27s_Shamian_-_panoramio_-_%E9%92%9F%E5%90%AF%E6%98%8E.jpg/1280px-Guangzhou%27s_Shamian_-_panoramio_-_%E9%92%9F%E5%90%AF%E6%98%8E.jpg?utm_source=commons.wikimedia.org&utm_campaign=imageinfo&utm_content=thumbnail,3264,2448,CC BY-SA 3.0,https://creativecommons.org/licenses/by-sa/3.0,钟启明,https://web.archive.org/web/20161011054617/http://www.panoramio.com/photo/9813939,Taken on 19 March 2008,Guangzhou's Shamian,23.110602,113.236449,true,
File:Guangzhou's Shamian - panoramio.jpg,Buildings in Shamian,https://commons.wikimedia.org/wiki/File:Guangzhou%27s_Shamian_-_panoramio.jpg,https://upload.wikimedia.org/wikipedia/commons/8/8b/Guangzhou%27s_Shamian_-_panoramio.jpg?utm_source=commons.wikimedia.org&utm_campaign=imageinfo&utm_content=original,https://thumb.wikimedia.org/wikipedia/commons/thumb/8/8b/Guangzhou%27s_Shamian_-_panoramio.jpg/1280px-Guangzhou%27s_Shamian_-_panoramio.jpg?utm_source=commons.wikimedia.org&utm_campaign=imageinfo&utm_content=thumbnail,3264,2448,CC BY-SA 3.0,https://creativecommons.org/licenses/by-sa/3.0,钟启明,https://web.archive.org/web/20161010105422/http://www.panoramio.com/photo/9813918,Taken on 19 March 2008,Guangzhou's Shamian,23.11074,113.235955,true,
File:Inside of Lady of Lourdes.jpg,"Our Lady of Lourdes Chapel, Shamian",https://commons.wikimedia.org/wiki/File:Inside_of_Lady_of_Lourdes.jpg,https://upload.wikimedia.org/wikipedia/commons/c/c8/Inside_of_Lady_of_Lourdes.jpg?utm_source=commons.wikimedia.org&utm_campaign=imageinfo&utm_content=original,https://thumb.wikimedia.org/wikipedia/commons/thumb/c/c8/Inside_of_Lady_of_Lourdes.jpg/1280px-Inside_of_Lady_of_Lourdes.jpg?utm_source=commons.wikimedia.org&utm_campaign=imageinfo&utm_content=thumbnail,2560,1920,CC BY-SA 3.0,http://creativecommons.org/licenses/by-sa/3.0/,,,,,,,true,
File:Ludetang.JPG,"Our Lady of Lourdes Chapel, Shamian",https://commons.wikimedia.org/wiki/File:Ludetang.JPG,https://upload.wikimedia.org/wikipedia/commons/9/91/Ludetang.JPG?utm_source=commons.wikimedia.org&utm_campaign=imageinfo&utm_content=original,https://upload.wikimedia.org/wikipedia/commons/9/91/Ludetang.JPG?utm_source=commons.wikimedia.org&utm_campaign=imageinfo&utm_content=thumbnail_unscaled,1280,960,CC BY-SA 4.0,https://creativecommons.org/licenses/by-sa/4.0,Chintunglee,自己拍摄,2008-07,​基督教露德圣母堂,,,true,
File:Our Lady of Lourdes Chapel (16865).jpg,"Our Lady of Lourdes Chapel, Shamian",https://commons.wikimedia.org/wiki/File:Our_Lady_of_Lourdes_Chapel_(16865).jpg,https://upload.wikimedia.org/wikipedia/commons/0/03/Our_Lady_of_Lourdes_Chapel_%2816865%29.jpg?utm_source=commons.wikimedia.org&utm_campaign=imageinfo&utm_content=original,https://thumb.wikimedia.org/wikipedia/commons/thumb/0/03/Our_Lady_of_Lourdes_Chapel_%2816865%29.jpg/1280px-Our_Lady_of_Lourdes_Chapel_%2816865%29.jpg?utm_source=commons.wikimedia.org&utm_campaign=imageinfo&utm_content=thumbnail,3000,4000,CC BY-SA 4.0,https://creativecommons.org/licenses/by-sa/4.0,Rc1959,Own work,2025-12-26,"Our Lady of Lourdes Chapel (chapel in Shamian Island, Guangzhou)",23.1100048,113.2423834,true,
File:Our Lady of Lourdes Chapel (33674).jpg,"Our Lady of Lourdes Chapel, Shamian",https://commons.wikimedia.org/wiki/File:Our_Lady_of_Lourdes_Chapel_(33674).jpg,https://upload.wikimedia.org/wikipedia/commons/3/30/Our_Lady_of_Lourdes_Chapel_%2833674%29.jpg?utm_source=commons.wikimedia.org&utm_campaign=imageinfo&utm_content=original,https://thumb.wikimedia.org/wikipedia/commons/thumb/3/30/Our_Lady_of_Lourdes_Chapel_%2833674%29.jpg/1280px-Our_Lady_of_Lourdes_Chapel_%2833674%29.jpg?utm_source=commons.wikimedia.org&utm_campaign=imageinfo&utm_content=thumbnail,4000,3000,CC BY-SA 4.0,https://creativecommons.org/licenses/by-sa/4.0,Rc1959,Own work,2025-12-26,"Our Lady of Lourdes Chapel (chapel in Shamian Island, Guangzhou)",23.1098547,113.2424751,true,
File:Our Lady of Lourdes Chapel (40514).jpg,"Our Lady of Lourdes Chapel, Shamian",https://commons.wikimedia.org/wiki/File:Our_Lady_of_Lourdes_Chapel_(40514).jpg,https://upload.wikimedia.org/wikipedia/commons/b/b6/Our_Lady_of_Lourdes_Chapel_%2840514%29.jpg?utm_source=commons.wikimedia.org&utm_campaign=imageinfo&utm_content=original,https://thumb.wikimedia.org/wikipedia/commons/thumb/b/b6/Our_Lady_of_Lourdes_Chapel_%2840514%29.jpg/1280px-Our_Lady_of_Lourdes_Chapel_%2840514%29.jpg?utm_source=commons.wikimedia.org&utm_campaign=imageinfo&utm_content=thumbnail,4000,3000,CC BY-SA 4.0,https://creativecommons.org/licenses/by-sa/4.0,Rc1959,Own work,2025-12-26,"Our Lady of Lourdes Chapel (chapel in Shamian Island, Guangzhou)",23.1099242,113.242407,true,
File:Our Lady of Lourdes Chapel (42697).jpg,"Our Lady of Lourdes Chapel, Shamian",https://commons.wikimedia.org/wiki/File:Our_Lady_of_Lourdes_Chapel_(42697).jpg,https://upload.wikimedia.org/wikipedia/commons/b/bf/Our_Lady_of_Lourdes_Chapel_%2842697%29.jpg?utm_source=commons.wikimedia.org&utm_campaign=imageinfo&utm_content=original,https://thumb.wikimedia.org/wikipedia/commons/thumb/b/bf/Our_Lady_of_Lourdes_Chapel_%2842697%29.jpg/1280px-Our_Lady_of_Lourdes_Chapel_%2842697%29.jpg?utm_source=commons.wikimedia.org&utm_campaign=imageinfo&utm_content=thumbnail,3000,4000,CC BY-SA 4.0,https://creativecommons.org/licenses/by-sa/4.0,Rc1959,Own work,2025-12-26,"Our Lady of Lourdes Chapel (chapel in Shamian Island, Guangzhou)",23.109959,113.242313,true,
File:Our Lady of Lourdes Chapel (45026).jpg,"Our Lady of Lourdes Chapel, Shamian",https://commons.wikimedia.org/wiki/File:Our_Lady_of_Lourdes_Chapel_(45026).jpg,https://upload.wikimedia.org/wikipedia/commons/9/97/Our_Lady_of_Lourdes_Chapel_%2845026%29.jpg?utm_source=commons.wikimedia.org&utm_campaign=imageinfo&utm_content=original,https://thumb.wikimedia.org/wikipedia/commons/thumb/9/97/Our_Lady_of_Lourdes_Chapel_%2845026%29.jpg/1280px-Our_Lady_of_Lourdes_Chapel_%2845026%29.jpg?utm_source=commons.wikimedia.org&utm_campaign=imageinfo&utm_content=thumbnail,3000,4000,CC BY-SA 4.0,https://creativecommons.org/licenses/by-sa/4.0,Rc1959,Own work,2025-12-26,"Our Lady of Lourdes Chapel (chapel in Shamian Island, Guangzhou)",23.1099131,113.2423844,true,
File:Our Lady of Lourdes Chapel (52537).jpg,"Our Lady of Lourdes Chapel, Shamian",https://commons.wikimedia.org/wiki/File:Our_Lady_of_Lourdes_Chapel_(52537).jpg,https://upload.wikimedia.org/wikipedia/commons/7/79/Our_Lady_of_Lourdes_Chapel_%2852537%29.jpg?utm_source=commons.wikimedia.org&utm_campaign=imageinfo&utm_content=original,https://thumb.wikimedia.org/wikipedia/commons/thumb/7/79/Our_Lady_of_Lourdes_Chapel_%2852537%29.jpg/1280px-Our_Lady_of_Lourdes_Chapel_%2852537%29.jpg?utm_source=commons.wikimedia.org&utm_campaign=imageinfo&utm_content=thumbnail,4000,3000,CC BY-SA 4.0,https://creativecommons.org/licenses/by-sa/4.0,Rc1959,Own work,2025-12-26,"Our Lady of Lourdes Chapel (chapel in Shamian Island, Guangzhou)",23.1099758,113.2423232,true,
File:Our Lady of Lourdes Chapel (91153).jpg,"Our Lady of Lourdes Chapel, Shamian",https://commons.wikimedia.org/wiki/File:Our_Lady_of_Lourdes_Chapel_(91153).jpg,https://upload.wikimedia.org/wikipedia/commons/7/73/Our_Lady_of_Lourdes_Chapel_%2891153%29.jpg?utm_source=commons.wikimedia.org&utm_campaign=imageinfo&utm_content=original,https://thumb.wikimedia.org/wikipedia/commons/thumb/7/73/Our_Lady_of_Lourdes_Chapel_%2891153%29.jpg/1280px-Our_Lady_of_Lourdes_Chapel_%2891153%29.jpg?utm_source=commons.wikimedia.org&utm_campaign=imageinfo&utm_content=thumbnail,3000,4000,CC BY-SA 4.0,https://creativecommons.org/licenses/by-sa/4.0,Rc1959,Own work,2025-12-26,"Our Lady of Lourdes Chapel (chapel in Shamian Island, Guangzhou)",23.1100048,113.2423834,true,
File:Our Lady of Lourdes Chapel (94025).jpg,"Our Lady of Lourdes Chapel, Shamian",https://commons.wikimedia.org/wiki/File:Our_Lady_of_Lourdes_Chapel_(94025).jpg,https://upload.wikimedia.org/wikipedia/commons/1/1c/Our_Lady_of_Lourdes_Chapel_%2894025%29.jpg?utm_source=commons.wikimedia.org&utm_campaign=imageinfo&utm_content=original,https://thumb.wikimedia.org/wikipedia/commons/thumb/1/1c/Our_Lady_of_Lourdes_Chapel_%2894025%29.jpg/1280px-Our_Lady_of_Lourdes_Chapel_%2894025%29.jpg?utm_source=commons.wikimedia.org&utm_campaign=imageinfo&utm_content=thumbnail,3000,4000,CC BY-SA 4.0,https://creativecommons.org/licenses/by-sa/4.0,Rc1959,Own work,2025-12-26,"Our Lady of Lourdes Chapel (chapel in Shamian Island, Guangzhou)",23.1100048,113.2423834,true,
File:Our Lady of Lourdes Chapel (97120).jpg,"Our Lady of Lourdes Chapel, Shamian",https://commons.wikimedia.org/wiki/File:Our_Lady_of_Lourdes_Chapel_(97120).jpg,https://upload.wikimedia.org/wikipedia/commons/e/ea/Our_Lady_of_Lourdes_Chapel_%2897120%29.jpg?utm_source=commons.wikimedia.org&utm_campaign=imageinfo&utm_content=original,https://thumb.wikimedia.org/wikipedia/commons/thumb/e/ea/Our_Lady_of_Lourdes_Chapel_%2897120%29.jpg/1280px-Our_Lady_of_Lourdes_Chapel_%2897120%29.jpg?utm_source=commons.wikimedia.org&utm_campaign=imageinfo&utm_content=thumbnail,4000,3000,CC BY-SA 4.0,https://creativecommons.org/licenses/by-sa/4.0,Rc1959,Own work,2025-12-26,"Our Lady of Lourdes Chapel (chapel in Shamian Island, Guangzhou)",23.1099345,113.2424807,true,
File:Our Lady of Lourdes Chapel (97827).jpg,"Our Lady of Lourdes Chapel, Shamian",https://commons.wikimedia.org/wiki/File:Our_Lady_of_Lourdes_Chapel_(97827).jpg,https://upload.wikimedia.org/wikipedia/commons/3/36/Our_Lady_of_Lourdes_Chapel_%2897827%29.jpg?utm_source=commons.wikimedia.org&utm_campaign=imageinfo&utm_content=original,https://thumb.wikimedia.org/wikipedia/commons/thumb/3/36/Our_Lady_of_Lourdes_Chapel_%2897827%29.jpg/1280px-Our_Lady_of_Lourdes_Chapel_%2897827%29.jpg?utm_source=commons.wikimedia.org&utm_campaign=imageinfo&utm_content=thumbnail,4000,3000,CC BY-SA 4.0,https://creativecommons.org/licenses/by-sa/4.0,Rc1959,Own work,2025-12-26,"Our Lady of Lourdes Chapel (chapel in Shamian Island, Guangzhou)",23.1100155,113.2423708,true,
"File:Our Lady of Lourdes Chapel, Shamian 20260518.jpg","Our Lady of Lourdes Chapel, Shamian","https://commons.wikimedia.org/wiki/File:Our_Lady_of_Lourdes_Chapel,_Shamian_20260518.jpg",https://upload.wikimedia.org/wikipedia/commons/6/6e/Our_Lady_of_Lourdes_Chapel%2C_Shamian_20260518.jpg?utm_source=commons.wikimedia.org&utm_campaign=imageinfo&utm_content=original,https://thumb.wikimedia.org/wikipedia/commons/thumb/6/6e/Our_Lady_of_Lourdes_Chapel%2C_Shamian_20260518.jpg/1280px-Our_Lady_of_Lourdes_Chapel%2C_Shamian_20260518.jpg?utm_source=commons.wikimedia.org&utm_campaign=imageinfo&utm_content=thumbnail,5712,4284,CC BY-SA 4.0,https://creativecommons.org/licenses/by-sa/4.0,JULIANISME,Own work,2026-05-18 14:21:14,​广州沙面露德圣母堂外景（摄于2026年5月18日）,23.109792,113.242181,true,
"File:Our Lady of Lourdes Chapel, Shamian Island.jpg","Our Lady of Lourdes Chapel, Shamian","https://commons.wikimedia.org/wiki/File:Our_Lady_of_Lourdes_Chapel,_Shamian_Island.jpg",https://upload.wikimedia.org/wikipedia/commons/6/6d/Our_Lady_of_Lourdes_Chapel%2C_Shamian_Island.jpg?utm_source=commons.wikimedia.org&utm_campaign=imageinfo&utm_content=original,https://thumb.wikimedia.org/wikipedia/commons/thumb/6/6d/Our_Lady_of_Lourdes_Chapel%2C_Shamian_Island.jpg/1280px-Our_Lady_of_Lourdes_Chapel%2C_Shamian_Island.jpg?utm_source=commons.wikimedia.org&utm_campaign=imageinfo&utm_content=thumbnail,4000,3000,CC BY-SA 4.0,https://creativecommons.org/licenses/by-sa/4.0,钉钉,Own work,2021-12-28,"Our Lady of Lourdes Chapel, Shamian Island",,,true,
File:Our Lady of Lourdes Chapel.jpg,"Our Lady of Lourdes Chapel, Shamian",https://commons.wikimedia.org/wiki/File:Our_Lady_of_Lourdes_Chapel.jpg,https://upload.wikimedia.org/wikipedia/commons/f/f2/Our_Lady_of_Lourdes_Chapel.jpg?utm_source=commons.wikimedia.org&utm_campaign=imageinfo&utm_content=original,https://thumb.wikimedia.org/wikipedia/commons/thumb/f/f2/Our_Lady_of_Lourdes_Chapel.jpg/1280px-Our_Lady_of_Lourdes_Chapel.jpg?utm_source=commons.wikimedia.org&utm_campaign=imageinfo&utm_content=thumbnail,3072,2304,CC BY 2.0,https://creativecommons.org/licenses/by/2.0,"Anthony Hartman from Meizhou, China",Flickr,2005-01-21 13:31:04,This church is on Shamian Island in Guangzhou.Our Lady of Lourdes Chapel,,,true,
File:Shameen English Church Canton.jpg,Christ Church Shamian,https://commons.wikimedia.org/wiki/File:Shameen_English_Church_Canton.jpg,https://upload.wikimedia.org/wikipedia/commons/b/b8/Shameen_English_Church_Canton.jpg?utm_source=commons.wikimedia.org&utm_campaign=imageinfo&utm_content=original,https://upload.wikimedia.org/wikipedia/commons/b/b8/Shameen_English_Church_Canton.jpg?utm_source=commons.wikimedia.org&utm_campaign=imageinfo&utm_content=thumbnail_unscaled,850,1127,Public domain,,Unknown authorUnknown author,Internet,"before 1900date QS:P,+1900-00-00T00:00:00Z/7,P1326,+1900-00-00T00:00:00Z/9",​廣東省城（廣州）沙面島上的英格蘭聖公會教堂（現為沙面堂）,,,false,
File:Shamen Chapel.jpg,"Our Lady of Lourdes Chapel, Shamian",https://commons.wikimedia.org/wiki/File:Shamen_Chapel.jpg,https://upload.wikimedia.org/wikipedia/commons/e/ec/Shamen_Chapel.jpg?utm_source=commons.wikimedia.org&utm_campaign=imageinfo&utm_content=original,https://thumb.wikimedia.org/wikipedia/commons/thumb/e/ec/Shamen_Chapel.jpg/1280px-Shamen_Chapel.jpg?utm_source=commons.wikimedia.org&utm_campaign=imageinfo&utm_content=thumbnail,4080,3072,CC BY-SA 4.0,https://creativecommons.org/licenses/by-sa/4.0,Allervous,Own work,2023-10-22 10:57:16,​廣州沙面的天主教堂,,,true,
File:Shamian Church of Our Lady of Lourdes Chapel 20221223-A.jpg,"Our Lady of Lourdes Chapel, Shamian",https://commons.wikimedia.org/wiki/File:Shamian_Church_of_Our_Lady_of_Lourdes_Chapel_20221223-A.jpg,https://upload.wikimedia.org/wikipedia/commons/3/37/Shamian_Church_of_Our_Lady_of_Lourdes_Chapel_20221223-A.jpg?utm_source=commons.wikimedia.org&utm_campaign=imageinfo&utm_content=original,https://thumb.wikimedia.org/wikipedia/commons/thumb/3/37/Shamian_Church_of_Our_Lady_of_Lourdes_Chapel_20221223-A.jpg/1280px-Shamian_Church_of_Our_Lady_of_Lourdes_Chapel_20221223-A.jpg?utm_source=commons.wikimedia.org&utm_campaign=imageinfo&utm_content=thumbnail,2797,3731,CC BY 2.5,https://creativecommons.org/licenses/by/2.5,善行者无疆,https://citygroup2008.lofter.com/post/1d2d357d_2b7a4eb5a (archive),2022-12-23,​沙面路德圣母堂,,,true,
File:Shamian Church of Our Lady of Lourdes Chapel 20221223-B.jpg,"Our Lady of Lourdes Chapel, Shamian",https://commons.wikimedia.org/wiki/File:Shamian_Church_of_Our_Lady_of_Lourdes_Chapel_20221223-B.jpg,https://upload.wikimedia.org/wikipedia/commons/9/97/Shamian_Church_of_Our_Lady_of_Lourdes_Chapel_20221223-B.jpg?utm_source=commons.wikimedia.org&utm_campaign=imageinfo&utm_content=original,https://thumb.wikimedia.org/wikipedia/commons/thumb/9/97/Shamian_Church_of_Our_Lady_of_Lourdes_Chapel_20221223-B.jpg/1280px-Shamian_Church_of_Our_Lady_of_Lourdes_Chapel_20221223-B.jpg?utm_source=commons.wikimedia.org&utm_campaign=imageinfo&utm_content=thumbnail,3945,2959,CC BY 2.5,https://creativecommons.org/licenses/by/2.5,善行者无疆,https://citygroup2008.lofter.com/post/1d2d357d_2b7a4eb5a (archive),2022-12-23,​沙面路德圣母堂,,,true,
File:Shamian Church of Our Lady of Lourdes Chapel 20221223-C.jpg,"Our Lady of Lourdes Chapel, Shamian",https://commons.wikimedia.org/wiki/File:Shamian_Church_of_Our_Lady_of_Lourdes_Chapel_20221223-C.jpg,https://upload.wikimedia.org/wikipedia/commons/4/4a/Shamian_Church_of_Our_Lady_of_Lourdes_Chapel_20221223-C.jpg?utm_source=commons.wikimedia.org&utm_campaign=imageinfo&utm_content=original,https://thumb.wikimedia.org/wikipedia/commons/thumb/4/4a/Shamian_Church_of_Our_Lady_of_Lourdes_Chapel_20221223-C.jpg/1280px-Shamian_Church_of_Our_Lady_of_Lourdes_Chapel_20221223-C.jpg?utm_source=commons.wikimedia.org&utm_campaign=imageinfo&utm_content=thumbnail,2962,3950,CC BY 2.5,https://creativecommons.org/licenses/by/2.5,善行者无疆,https://citygroup2008.lofter.com/post/1d2d357d_2b7a4eb5a (archive),2022-12-23,​沙面路德圣母堂,,,true,
File:Shamian Church of Our Lady of Lourdes Chapel 20221223-D.jpg,"Our Lady of Lourdes Chapel, Shamian",https://commons.wikimedia.org/wiki/File:Shamian_Church_of_Our_Lady_of_Lourdes_Chapel_20221223-D.jpg,https://upload.wikimedia.org/wikipedia/commons/9/92/Shamian_Church_of_Our_Lady_of_Lourdes_Chapel_20221223-D.jpg?utm_source=commons.wikimedia.org&utm_campaign=imageinfo&utm_content=original,https://thumb.wikimedia.org/wikipedia/commons/thumb/9/92/Shamian_Church_of_Our_Lady_of_Lourdes_Chapel_20221223-D.jpg/1280px-Shamian_Church_of_Our_Lady_of_Lourdes_Chapel_20221223-D.jpg?utm_source=commons.wikimedia.org&utm_campaign=imageinfo&utm_content=thumbnail,3963,2972,CC BY 2.5,https://creativecommons.org/licenses/by/2.5,善行者无疆,https://citygroup2008.lofter.com/post/1d2d357d_2b7a4eb5a (archive),2022-12-23,​沙面路德圣母堂,,,true,
File:Shamian Island 03148-Guangzhou (32204707544).jpg,"Our Lady of Lourdes Chapel, Shamian",https://commons.wikimedia.org/wiki/File:Shamian_Island_03148-Guangzhou_(32204707544).jpg,https://upload.wikimedia.org/wikipedia/commons/a/a6/Shamian_Island_03148-Guangzhou_%2832204707544%29.jpg?utm_source=commons.wikimedia.org&utm_campaign=imageinfo&utm_content=original,https://thumb.wikimedia.org/wikipedia/commons/thumb/a/a6/Shamian_Island_03148-Guangzhou_%2832204707544%29.jpg/1280px-Shamian_Island_03148-Guangzhou_%2832204707544%29.jpg?utm_source=commons.wikimedia.org&utm_campaign=imageinfo&utm_content=thumbnail,3000,2003,CC BY 2.0,https://creativecommons.org/licenses/by/2.0,xiquinhosilva,03148-Guangzhou,2016-12-11 13:18,03148-Guangzhou,23.107166,113.246511,true,
File:Shamian Island 03153-Guangzhou (33008142556).jpg,"Our Lady of Lourdes Chapel, Shamian",https://commons.wikimedia.org/wiki/File:Shamian_Island_03153-Guangzhou_(33008142556).jpg,https://upload.wikimedia.org/wikipedia/commons/2/28/Shamian_Island_03153-Guangzhou_%2833008142556%29.jpg?utm_source=commons.wikimedia.org&utm_campaign=imageinfo&utm_content=original,https://thumb.wikimedia.org/wikipedia/commons/thumb/2/28/Shamian_Island_03153-Guangzhou_%2833008142556%29.jpg/1280px-Shamian_Island_03153-Guangzhou_%2833008142556%29.jpg?utm_source=commons.wikimedia.org&utm_campaign=imageinfo&utm_content=thumbnail,2003,3000,CC BY 2.0,https://creativecommons.org/licenses/by/2.0,xiquinhosilva,03153-Guangzhou,2016-12-11 13:20,03153-Guangzhou,23.107188,113.247413,true,
"File:Shamian Island, Guangzhou (5929144006).jpg","Our Lady of Lourdes Chapel, Shamian","https://commons.wikimedia.org/wiki/File:Shamian_Island,_Guangzhou_(5929144006).jpg",https://upload.wikimedia.org/wikipedia/commons/3/31/Shamian_Island%2C_Guangzhou_%285929144006%29.jpg?utm_source=commons.wikimedia.org&utm_campaign=imageinfo&utm_content=original,https://thumb.wikimedia.org/wikipedia/commons/thumb/3/31/Shamian_Island%2C_Guangzhou_%285929144006%29.jpg/1280px-Shamian_Island%2C_Guangzhou_%285929144006%29.jpg?utm_source=commons.wikimedia.org&utm_campaign=imageinfo&utm_content=thumbnail,2448,3264,CC BY 2.0,https://creativecommons.org/licenses/by/2.0,Eduardo M. C.,"Shamian Island, Guangzhou",2011-07-01 16:31,"Shamian Island, Guangzhou",,,true,
File:Shamian island.jpg,"Our Lady of Lourdes Chapel, Shamian",https://commons.wikimedia.org/wiki/File:Shamian_island.jpg,https://upload.wikimedia.org/wikipedia/commons/c/c3/Shamian_island.jpg?utm_source=commons.wikimedia.org&utm_campaign=imageinfo&utm_content=original,https://thumb.wikimedia.org/wikipedia/commons/thumb/c/c3/Shamian_island.jpg/1280px-Shamian_island.jpg?utm_source=commons.wikimedia.org&utm_campaign=imageinfo&utm_content=thumbnail,4000,3000,CC BY-SA 4.0,https://creativecommons.org/licenses/by-sa/4.0,Rc1959,Own work,2025-12-26,Shamian island,23.1099602,113.2424599,true,
File:ShamianTang.JPG,Christ Church Shamian,https://commons.wikimedia.org/wiki/File:ShamianTang.JPG,https://upload.wikimedia.org/wikipedia/commons/7/7b/ShamianTang.JPG?utm_source=commons.wikimedia.org&utm_campaign=imageinfo&utm_content=original,https://upload.wikimedia.org/wikipedia/commons/7/7b/ShamianTang.JPG?utm_source=commons.wikimedia.org&utm_campaign=imageinfo&utm_content=thumbnail_unscaled,1224,1632,CC BY-SA 3.0,http://creativecommons.org/licenses/by-sa/3.0/,,,,,,,true,
File:Shamiantang.JPG,Christ Church Shamian,https://commons.wikimedia.org/wiki/File:Shamiantang.JPG,https://upload.wikimedia.org/wikipedia/commons/c/cc/Shamiantang.JPG?utm_source=commons.wikimedia.org&utm_campaign=imageinfo&utm_content=original,https://upload.wikimedia.org/wikipedia/commons/c/cc/Shamiantang.JPG?utm_source=commons.wikimedia.org&utm_campaign=imageinfo&utm_content=thumbnail_unscaled,1280,960,CC BY-SA 4.0,https://creativecommons.org/licenses/by-sa/4.0,Chintunglee,自己拍摄,2008-07,​基督教沙面堂,,,true,
File:Standard Oil Co. Canton warehouse-2.jpg,Buildings in Shamian,https://commons.wikimedia.org/wiki/File:Standard_Oil_Co._Canton_warehouse-2.jpg,https://upload.wikimedia.org/wikipedia/commons/4/4e/Standard_Oil_Co._Canton_warehouse-2.jpg?utm_source=commons.wikimedia.org&utm_campaign=imageinfo&utm_content=original,https://thumb.wikimedia.org/wikipedia/commons/thumb/4/4e/Standard_Oil_Co._Canton_warehouse-2.jpg/1280px-Standard_Oil_Co._Canton_warehouse-2.jpg?utm_source=commons.wikimedia.org&utm_campaign=imageinfo&utm_content=thumbnail,5184,3456,CC BY-SA 4.0,https://creativecommons.org/licenses/by-sa/4.0,康腾文,QQ文件发送,2016-10-30 12:44:18,​美孚仓正立面图,23.08546,113.249203,true,
File:Standard Oil Co. Canton warehouse.jpg,Buildings in Shamian,https://commons.wikimedia.org/wiki/File:Standard_Oil_Co._Canton_warehouse.jpg,https://upload.wikimedia.org/wikipedia/commons/c/c8/Standard_Oil_Co._Canton_warehouse.jpg?utm_source=commons.wikimedia.org&utm_campaign=imageinfo&utm_content=original,https://thumb.wikimedia.org/wikipedia/commons/thumb/c/c8/Standard_Oil_Co._Canton_warehouse.jpg/1280px-Standard_Oil_Co._Canton_warehouse.jpg?utm_source=commons.wikimedia.org&utm_campaign=imageinfo&utm_content=thumbnail,4608,3456,CC BY-SA 4.0,https://creativecommons.org/licenses/by-sa/4.0,古海岸遗址,Own work,2017-07-21 16:00:20,​美孚仓旧址。位于广东省广州市荔湾区沙涌南侧。,,,true,
File:Victoria Hotel Shameen Canton c1900.jpg,"Victoria Hotel, Shamian",https://commons.wikimedia.org/wiki/File:Victoria_Hotel_Shameen_Canton_c1900.jpg,https://upload.wikimedia.org/wikipedia/commons/b/bd/Victoria_Hotel_Shameen_Canton_c1900.jpg?utm_source=commons.wikimedia.org&utm_campaign=imageinfo&utm_content=original,https://upload.wikimedia.org/wikipedia/commons/b/bd/Victoria_Hotel_Shameen_Canton_c1900.jpg?utm_source=commons.wikimedia.org&utm_campaign=imageinfo&utm_content=thumbnail_unscaled,818,900,Public domain,,Unknown authorUnknown author,https://grangerartondemand.com/featured/image.html?catalogid=0117559,"circa 1900date QS:P,+1900-00-00T00:00:00Z/9,P1480,Q5727902","KWANGTUNG CANTON, c1900. The Victoria Hotel (Late Shameen Hotel) with three Cantonese men standing in front with their rickshaws in Shameen, Canton, Kwangtung. Stereograph, 1900.",,,false,
File:Victoria Hotel Shameen Canton.tif,"Victoria Hotel, Shamian",https://commons.wikimedia.org/wiki/File:Victoria_Hotel_Shameen_Canton.tif,https://upload.wikimedia.org/wikipedia/commons/1/18/Victoria_Hotel_Shameen_Canton.tif?utm_source=commons.wikimedia.org&utm_campaign=imageinfo&utm_content=original,https://thumb.wikimedia.org/wikipedia/commons/thumb/1/18/Victoria_Hotel_Shameen_Canton.tif/lossy-page1-1280px-Victoria_Hotel_Shameen_Canton.tif.jpg?utm_source=commons.wikimedia.org&utm_campaign=imageinfo&utm_content=thumbnail,1315,1536,Public domain,,R. Y. Young,https://www.loc.gov/pictures/resource/cph.3b10250/,1900,"View at the Victoria Hotel, Shameen, Canton, China.",,,false,
File:中法實業銀行廣州分行沙面原址.jpg,Buildings in Shamian,https://commons.wikimedia.org/wiki/File:%E4%B8%AD%E6%B3%95%E5%AF%A6%E6%A5%AD%E9%8A%80%E8%A1%8C%E5%BB%A3%E5%B7%9E%E5%88%86%E8%A1%8C%E6%B2%99%E9%9D%A2%E5%8E%9F%E5%9D%80.jpg,https://upload.wikimedia.org/wikipedia/commons/8/88/%E4%B8%AD%E6%B3%95%E5%AF%A6%E6%A5%AD%E9%8A%80%E8%A1%8C%E5%BB%A3%E5%B7%9E%E5%88%86%E8%A1%8C%E6%B2%99%E9%9D%A2%E5%8E%9F%E5%9D%80.jpg?utm_source=commons.wikimedia.org&utm_campaign=imageinfo&utm_content=original,https://thumb.wikimedia.org/wikipedia/commons/thumb/8/88/%E4%B8%AD%E6%B3%95%E5%AF%A6%E6%A5%AD%E9%8A%80%E8%A1%8C%E5%BB%A3%E5%B7%9E%E5%88%86%E8%A1%8C%E6%B2%99%E9%9D%A2%E5%8E%9F%E5%9D%80.jpg/1280px-%E4%B8%AD%E6%B3%95%E5%AF%A6%E6%A5%AD%E9%8A%80%E8%A1%8C%E5%BB%A3%E5%B7%9E%E5%88%86%E8%A1%8C%E6%B2%99%E9%9D%A2%E5%8E%9F%E5%9D%80.jpg?utm_source=commons.wikimedia.org&utm_campaign=imageinfo&utm_content=thumbnail,3024,4032,CC BY-SA 4.0,https://creativecommons.org/licenses/by-sa/4.0,PÑēüḾôňïę1357,Own work,2025-12-09 16:41:08,​中法實業銀行廣州分行沙面原址,,,true,
File:台灣銀行 廣州.jpg,"Bank of Taiwan Building, Guangzhou",https://commons.wikimedia.org/wiki/File:%E5%8F%B0%E7%81%A3%E9%8A%80%E8%A1%8C_%E5%BB%A3%E5%B7%9E.jpg,https://upload.wikimedia.org/wikipedia/commons/5/52/%E5%8F%B0%E7%81%A3%E9%8A%80%E8%A1%8C_%E5%BB%A3%E5%B7%9E.jpg?utm_source=commons.wikimedia.org&utm_campaign=imageinfo&utm_content=original,https://thumb.wikimedia.org/wikipedia/commons/thumb/5/52/%E5%8F%B0%E7%81%A3%E9%8A%80%E8%A1%8C_%E5%BB%A3%E5%B7%9E.jpg/1280px-%E5%8F%B0%E7%81%A3%E9%8A%80%E8%A1%8C_%E5%BB%A3%E5%B7%9E.jpg?utm_source=commons.wikimedia.org&utm_campaign=imageinfo&utm_content=thumbnail,3264,2448,CC BY-SA 4.0,https://creativecommons.org/licenses/by-sa/4.0,Mnb,Own work,Taken on 1 January 2013 12:46:28,​位於廣州沙面島上的台灣銀行,,,true,
File:屈臣氏沙面快闪店.jpg,Buildings in Shamian,https://commons.wikimedia.org/wiki/File:%E5%B1%88%E8%87%A3%E6%B0%8F%E6%B2%99%E9%9D%A2%E5%BF%AB%E9%97%AA%E5%BA%97.jpg,https://upload.wikimedia.org/wikipedia/commons/3/38/%E5%B1%88%E8%87%A3%E6%B0%8F%E6%B2%99%E9%9D%A2%E5%BF%AB%E9%97%AA%E5%BA%97.jpg?utm_source=commons.wikimedia.org&utm_campaign=imageinfo&utm_content=original,https://thumb.wikimedia.org/wikipedia/commons/thumb/3/38/%E5%B1%88%E8%87%A3%E6%B0%8F%E6%B2%99%E9%9D%A2%E5%BF%AB%E9%97%AA%E5%BA%97.jpg/1280px-%E5%B1%88%E8%87%A3%E6%B0%8F%E6%B2%99%E9%9D%A2%E5%BF%AB%E9%97%AA%E5%BA%97.jpg?utm_source=commons.wikimedia.org&utm_campaign=imageinfo&utm_content=thumbnail,3000,4000,CC BY-SA 4.0,https://creativecommons.org/licenses/by-sa/4.0,Lhzss8,Own work,1 May 2026 (according to Exif data),​屈臣氏为庆祝创业186周年在广州沙面重开的仿古限定快闪店,23.11079797,113.23803597,true,
File:广州沙面建筑群 01.jpg,Christ Church Shamian,https://commons.wikimedia.org/wiki/File:%E5%B9%BF%E5%B7%9E%E6%B2%99%E9%9D%A2%E5%BB%BA%E7%AD%91%E7%BE%A4_01.jpg,https://upload.wikimedia.org/wikipedia/commons/3/36/%E5%B9%BF%E5%B7%9E%E6%B2%99%E9%9D%A2%E5%BB%BA%E7%AD%91%E7%BE%A4_01.jpg?utm_source=commons.wikimedia.org&utm_campaign=imageinfo&utm_content=original,https://thumb.wikimedia.org/wikipedia/commons/thumb/3/36/%E5%B9%BF%E5%B7%9E%E6%B2%99%E9%9D%A2%E5%BB%BA%E7%AD%91%E7%BE%A4_01.jpg/1280px-%E5%B9%BF%E5%B7%9E%E6%B2%99%E9%9D%A2%E5%BB%BA%E7%AD%91%E7%BE%A4_01.jpg?utm_source=commons.wikimedia.org&utm_campaign=imageinfo&utm_content=thumbnail,2368,3568,CC BY-SA 4.0,https://creativecommons.org/licenses/by-sa/4.0,DragonSamYU,Own work,2014-03-16 14:12:12,This is a photo of a (or part of a) Major National Historical and Cultural Site in China identified by the ID CNGD-020-003,,,true,
File:广州沙面建筑群 05.jpg,Former HSBC Building (Shamian),https://commons.wikimedia.org/wiki/File:%E5%B9%BF%E5%B7%9E%E6%B2%99%E9%9D%A2%E5%BB%BA%E7%AD%91%E7%BE%A4_05.jpg,https://upload.wikimedia.org/wikipedia/commons/2/24/%E5%B9%BF%E5%B7%9E%E6%B2%99%E9%9D%A2%E5%BB%BA%E7%AD%91%E7%BE%A4_05.jpg?utm_source=commons.wikimedia.org&utm_campaign=imageinfo&utm_content=original,https://thumb.wikimedia.org/wikipedia/commons/thumb/2/24/%E5%B9%BF%E5%B7%9E%E6%B2%99%E9%9D%A2%E5%BB%BA%E7%AD%91%E7%BE%A4_05.jpg/1280px-%E5%B9%BF%E5%B7%9E%E6%B2%99%E9%9D%A2%E5%BB%BA%E7%AD%91%E7%BE%A4_05.jpg?utm_source=commons.wikimedia.org&utm_campaign=imageinfo&utm_content=thumbnail,3264,4912,CC BY-SA 4.0,https://creativecommons.org/licenses/by-sa/4.0,DragonSamYU,Own work,2014-03-16 14:32:11,This is a photo of a (or part of a) Major National Historical and Cultural Site in China identified by the ID CNGD-020-003,,,true,
File:沙面1.jpg,Buildings in Shamian,https://commons.wikimedia.org/wiki/File:%E6%B2%99%E9%9D%A21.jpg,https://upload.wikimedia.org/wikipedia/commons/b/ba/%E6%B2%99%E9%9D%A21.jpg?utm_source=commons.wikimedia.org&utm_campaign=imageinfo&utm_content=original,https://thumb.wikimedia.org/wikipedia/commons/thumb/b/ba/%E6%B2%99%E9%9D%A21.jpg/1280px-%E6%B2%99%E9%9D%A21.jpg?utm_source=commons.wikimedia.org&utm_campaign=imageinfo&utm_content=thumbnail,4000,3000,CC BY-SA 3.0,https://creativecommons.org/licenses/by-sa/3.0,User:veronicakkk,Own work,7 July 2019 (according to Exif data),​历史建筑,23.110827,113.239528,true,
File:沙面13.jpg,Former HSBC Building (Shamian),https://commons.wikimedia.org/wiki/File:%E6%B2%99%E9%9D%A213.jpg,https://upload.wikimedia.org/wikipedia/commons/7/72/%E6%B2%99%E9%9D%A213.jpg?utm_source=commons.wikimedia.org&utm_campaign=imageinfo&utm_content=original,https://thumb.wikimedia.org/wikipedia/commons/thumb/7/72/%E6%B2%99%E9%9D%A213.jpg/1280px-%E6%B2%99%E9%9D%A213.jpg?utm_source=commons.wikimedia.org&utm_campaign=imageinfo&utm_content=thumbnail,4000,3000,CC BY-SA 3.0,https://creativecommons.org/licenses/by-sa/3.0,User:veronicakkk,Own work,7 July 2019 (according to Exif data),​历史建筑,23.10944297,113.237966,true,
File:沙面17.jpg,Former HSBC Building (Shamian),https://commons.wikimedia.org/wiki/File:%E6%B2%99%E9%9D%A217.jpg,https://upload.wikimedia.org/wikipedia/commons/0/04/%E6%B2%99%E9%9D%A217.jpg?utm_source=commons.wikimedia.org&utm_campaign=imageinfo&utm_content=original,https://thumb.wikimedia.org/wikipedia/commons/thumb/0/04/%E6%B2%99%E9%9D%A217.jpg/1280px-%E6%B2%99%E9%9D%A217.jpg?utm_source=commons.wikimedia.org&utm_campaign=imageinfo&utm_content=thumbnail,4000,3000,CC BY-SA 3.0,https://creativecommons.org/licenses/by-sa/3.0,User:veronicakkk,Own work,7 July 2019 (according to Exif data),​历史建筑,23.10992397,113.237503,true,
File:沙面26.jpg,"Our Lady of Lourdes Chapel, Shamian",https://commons.wikimedia.org/wiki/File:%E6%B2%99%E9%9D%A226.jpg,https://upload.wikimedia.org/wikipedia/commons/1/1a/%E6%B2%99%E9%9D%A226.jpg?utm_source=commons.wikimedia.org&utm_campaign=imageinfo&utm_content=original,https://thumb.wikimedia.org/wikipedia/commons/thumb/1/1a/%E6%B2%99%E9%9D%A226.jpg/1280px-%E6%B2%99%E9%9D%A226.jpg?utm_source=commons.wikimedia.org&utm_campaign=imageinfo&utm_content=thumbnail,4000,3000,CC BY-SA 3.0,https://creativecommons.org/licenses/by-sa/3.0,User:veronicakkk,Own work,7 July 2019 (according to Exif data),​历史建筑,23.109774,113.242142,true,
File:沙面一街3号.jpg,"Banque de l'Indochine Building, Guangzhou",https://commons.wikimedia.org/wiki/File:%E6%B2%99%E9%9D%A2%E4%B8%80%E8%A1%973%E5%8F%B7.jpg,https://upload.wikimedia.org/wikipedia/commons/e/ec/%E6%B2%99%E9%9D%A2%E4%B8%80%E8%A1%973%E5%8F%B7.jpg?utm_source=commons.wikimedia.org&utm_campaign=imageinfo&utm_content=original,https://thumb.wikimedia.org/wikipedia/commons/thumb/e/ec/%E6%B2%99%E9%9D%A2%E4%B8%80%E8%A1%973%E5%8F%B7.jpg/1280px-%E6%B2%99%E9%9D%A2%E4%B8%80%E8%A1%973%E5%8F%B7.jpg?utm_source=commons.wikimedia.org&utm_campaign=imageinfo&utm_content=thumbnail,4624,3468,CC BY-SA 4.0,https://creativecommons.org/licenses/by-sa/4.0,Inclavatura,Own work,2023-04-25,​沙面一街3号,,,true,
File:沙面南街60号.jpg,Christ Church Shamian,https://commons.wikimedia.org/wiki/File:%E6%B2%99%E9%9D%A2%E5%8D%97%E8%A1%9760%E5%8F%B7.jpg,https://upload.wikimedia.org/wikipedia/commons/6/6f/%E6%B2%99%E9%9D%A2%E5%8D%97%E8%A1%9760%E5%8F%B7.jpg?utm_source=commons.wikimedia.org&utm_campaign=imageinfo&utm_content=original,https://thumb.wikimedia.org/wikipedia/commons/thumb/6/6f/%E6%B2%99%E9%9D%A2%E5%8D%97%E8%A1%9760%E5%8F%B7.jpg/1280px-%E6%B2%99%E9%9D%A2%E5%8D%97%E8%A1%9760%E5%8F%B7.jpg?utm_source=commons.wikimedia.org&utm_campaign=imageinfo&utm_content=thumbnail,4000,3000,CC BY-SA 4.0,https://creativecommons.org/licenses/by-sa/4.0,Inclavatura,Own work,2023-04-24,​沙面南街60号,,,true,
File:沙面大街14号.jpg,"Our Lady of Lourdes Chapel, Shamian",https://commons.wikimedia.org/wiki/File:%E6%B2%99%E9%9D%A2%E5%A4%A7%E8%A1%9714%E5%8F%B7.jpg,https://upload.wikimedia.org/wikipedia/commons/8/86/%E6%B2%99%E9%9D%A2%E5%A4%A7%E8%A1%9714%E5%8F%B7.jpg?utm_source=commons.wikimedia.org&utm_campaign=imageinfo&utm_content=original,https://thumb.wikimedia.org/wikipedia/commons/thumb/8/86/%E6%B2%99%E9%9D%A2%E5%A4%A7%E8%A1%9714%E5%8F%B7.jpg/1280px-%E6%B2%99%E9%9D%A2%E5%A4%A7%E8%A1%9714%E5%8F%B7.jpg?utm_source=commons.wikimedia.org&utm_campaign=imageinfo&utm_content=thumbnail,4624,3468,CC BY-SA 4.0,https://creativecommons.org/licenses/by-sa/4.0,Inclavatura,Own work,2023-04-25,​沙面大街14号,,,true,
File:沙面大街54号.jpg,Former HSBC Building (Shamian),https://commons.wikimedia.org/wiki/File:%E6%B2%99%E9%9D%A2%E5%A4%A7%E8%A1%9754%E5%8F%B7.jpg,https://upload.wikimedia.org/wikipedia/commons/d/d1/%E6%B2%99%E9%9D%A2%E5%A4%A7%E8%A1%9754%E5%8F%B7.jpg?utm_source=commons.wikimedia.org&utm_campaign=imageinfo&utm_content=original,https://thumb.wikimedia.org/wikipedia/commons/thumb/d/d1/%E6%B2%99%E9%9D%A2%E5%A4%A7%E8%A1%9754%E5%8F%B7.jpg/1280px-%E6%B2%99%E9%9D%A2%E5%A4%A7%E8%A1%9754%E5%8F%B7.jpg?utm_source=commons.wikimedia.org&utm_campaign=imageinfo&utm_content=thumbnail,4000,3000,CC BY-SA 4.0,https://creativecommons.org/licenses/by-sa/4.0,Inclavatura,Own work,2023-04-25,​沙面大街54号,,,true,
File:花城大道 Huacheng Ave - panoramio.jpg,"Huacheng Avenue, Guangzhou",https://commons.wikimedia.org/wiki/File:%E8%8A%B1%E5%9F%8E%E5%A4%A7%E9%81%93_Huacheng_Ave_-_panoramio.jpg,https://upload.wikimedia.org/wikipedia/commons/a/ae/%E8%8A%B1%E5%9F%8E%E5%A4%A7%E9%81%93_Huacheng_Ave_-_panoramio.jpg?utm_source=commons.wikimedia.org&utm_campaign=imageinfo&utm_content=original,https://thumb.wikimedia.org/wikipedia/commons/thumb/a/ae/%E8%8A%B1%E5%9F%8E%E5%A4%A7%E9%81%93_Huacheng_Ave_-_panoramio.jpg/1280px-%E8%8A%B1%E5%9F%8E%E5%A4%A7%E9%81%93_Huacheng_Ave_-_panoramio.jpg?utm_source=commons.wikimedia.org&utm_campaign=imageinfo&utm_content=thumbnail,3648,2432,CC BY 3.0,https://creativecommons.org/licenses/by/3.0,Bohao Zhao,https://web.archive.org/web/20161020131420/http://www.panoramio.com/photo/60883656,Taken on 20 October 2011,花城大道 Huacheng Ave,23.121886,113.31724,true,
File:GD 廣東 Guangdong 廣州 Guangzhou 天河區 TianHe 花城大道 HuaCheng Avenue 珠江新城 ZhuJiang New Town September 2024 R12S 03.jpg,"2024 in Huacheng Avenue, Guangzhou",https://commons.wikimedia.org/wiki/File:GD_%E5%BB%A3%E6%9D%B1_Guangdong_%E5%BB%A3%E5%B7%9E_Guangzhou_%E5%A4%A9%E6%B2%B3%E5%8D%80_TianHe_%E8%8A%B1%E5%9F%8E%E5%A4%A7%E9%81%93_HuaCheng_Avenue_%E7%8F%A0%E6%B1%9F%E6%96%B0%E5%9F%8E_ZhuJiang_New_Town_September_2024_R12S_03.jpg,https://upload.wikimedia.org/wikipedia/commons/a/ad/GD_%E5%BB%A3%E6%9D%B1_Guangdong_%E5%BB%A3%E5%B7%9E_Guangzhou_%E5%A4%A9%E6%B2%B3%E5%8D%80_TianHe_%E8%8A%B1%E5%9F%8E%E5%A4%A7%E9%81%93_HuaCheng_Avenue_%E7%8F%A0%E6%B1%9F%E6%96%B0%E5%9F%8E_ZhuJiang_New_Town_September_2024_R12S_03.jpg?utm_source=commons.wikimedia.org&utm_campaign=imageinfo&utm_content=original,https://thumb.wikimedia.org/wikipedia/commons/thumb/a/ad/GD_%E5%BB%A3%E6%9D%B1_Guangdong_%E5%BB%A3%E5%B7%9E_Guangzhou_%E5%A4%A9%E6%B2%B3%E5%8D%80_TianHe_%E8%8A%B1%E5%9F%8E%E5%A4%A7%E9%81%93_HuaCheng_Avenue_%E7%8F%A0%E6%B1%9F%E6%96%B0%E5%9F%8E_ZhuJiang_New_Town_September_2024_R12S_03.jpg/1280px-GD_%E5%BB%A3%E6%9D%B1_Guangdong_%E5%BB%A3%E5%B7%9E_Guangzhou_%E5%A4%A9%E6%B2%B3%E5%8D%80_TianHe_%E8%8A%B1%E5%9F%8E%E5%A4%A7%E9%81%93_HuaCheng_Avenue_%E7%8F%A0%E6%B1%9F%E6%96%B0%E5%9F%8E_ZhuJiang_New_Town_September_2024_R12S_03.jpg?utm_source=commons.wikimedia.org&utm_campaign=imageinfo&utm_content=thumbnail,4000,3000,CC0,http://creativecommons.org/publicdomain/zero/1.0/deed.en,Ghaud Lnegauk,Own work,2024-09-20 17:24:32,GD 廣東 Guangdong 廣州 Guangzhou 天河區 TianHe 花城大道 HuaCheng Avenue 珠江新城 ZhuJiang New Town in September 2024,23.123162,113.317672,false,
File:GD 廣東 Guangdong 廣州 Guangzhou 天河區 TianHe 花城大道 HuaCheng Avenue 珠江新城 ZhuJiang New Town September 2024 R12S 04.jpg,"2024 in Huacheng Avenue, Guangzhou",https://commons.wikimedia.org/wiki/File:GD_%E5%BB%A3%E6%9D%B1_Guangdong_%E5%BB%A3%E5%B7%9E_Guangzhou_%E5%A4%A9%E6%B2%B3%E5%8D%80_TianHe_%E8%8A%B1%E5%9F%8E%E5%A4%A7%E9%81%93_HuaCheng_Avenue_%E7%8F%A0%E6%B1%9F%E6%96%B0%E5%9F%8E_ZhuJiang_New_Town_September_2024_R12S_04.jpg,https://upload.wikimedia.org/wikipedia/commons/1/12/GD_%E5%BB%A3%E6%9D%B1_Guangdong_%E5%BB%A3%E5%B7%9E_Guangzhou_%E5%A4%A9%E6%B2%B3%E5%8D%80_TianHe_%E8%8A%B1%E5%9F%8E%E5%A4%A7%E9%81%93_HuaCheng_Avenue_%E7%8F%A0%E6%B1%9F%E6%96%B0%E5%9F%8E_ZhuJiang_New_Town_September_2024_R12S_04.jpg?utm_source=commons.wikimedia.org&utm_campaign=imageinfo&utm_content=original,https://thumb.wikimedia.org/wikipedia/commons/thumb/1/12/GD_%E5%BB%A3%E6%9D%B1_Guangdong_%E5%BB%A3%E5%B7%9E_Guangzhou_%E5%A4%A9%E6%B2%B3%E5%8D%80_TianHe_%E8%8A%B1%E5%9F%8E%E5%A4%A7%E9%81%93_HuaCheng_Avenue_%E7%8F%A0%E6%B1%9F%E6%96%B0%E5%9F%8E_ZhuJiang_New_Town_September_2024_R12S_04.jpg/1280px-GD_%E5%BB%A3%E6%9D%B1_Guangdong_%E5%BB%A3%E5%B7%9E_Guangzhou_%E5%A4%A9%E6%B2%B3%E5%8D%80_TianHe_%E8%8A%B1%E5%9F%8E%E5%A4%A7%E9%81%93_HuaCheng_Avenue_%E7%8F%A0%E6%B1%9F%E6%96%B0%E5%9F%8E_ZhuJiang_New_Town_September_2024_R12S_04.jpg?utm_source=commons.wikimedia.org&utm_campaign=imageinfo&utm_content=thumbnail,4000,3000,CC0,http://creativecommons.org/publicdomain/zero/1.0/deed.en,Ghaud Lnegauk,Own work,2024-09-20 17:24:35,GD 廣東 Guangdong 廣州 Guangzhou 天河區 TianHe 花城大道 HuaCheng Avenue 珠江新城 ZhuJiang New Town in September 2024,23.123162,113.317672,false,
File:GD 廣東 Guangdong 廣州 Guangzhou 天河區 TianHe 花城大道 HuaCheng Avenue 珠江新城 ZhuJiang New Town September 2024 R12S 06.jpg,"2024 in Huacheng Avenue, Guangzhou",https://commons.wikimedia.org/wiki/File:GD_%E5%BB%A3%E6%9D%B1_Guangdong_%E5%BB%A3%E5%B7%9E_Guangzhou_%E5%A4%A9%E6%B2%B3%E5%8D%80_TianHe_%E8%8A%B1%E5%9F%8E%E5%A4%A7%E9%81%93_HuaCheng_Avenue_%E7%8F%A0%E6%B1%9F%E6%96%B0%E5%9F%8E_ZhuJiang_New_Town_September_2024_R12S_06.jpg,https://upload.wikimedia.org/wikipedia/commons/c/cd/GD_%E5%BB%A3%E6%9D%B1_Guangdong_%E5%BB%A3%E5%B7%9E_Guangzhou_%E5%A4%A9%E6%B2%B3%E5%8D%80_TianHe_%E8%8A%B1%E5%9F%8E%E5%A4%A7%E9%81%93_HuaCheng_Avenue_%E7%8F%A0%E6%B1%9F%E6%96%B0%E5%9F%8E_ZhuJiang_New_Town_September_2024_R12S_06.jpg?utm_source=commons.wikimedia.org&utm_campaign=imageinfo&utm_content=original,https://thumb.wikimedia.org/wikipedia/commons/thumb/c/cd/GD_%E5%BB%A3%E6%9D%B1_Guangdong_%E5%BB%A3%E5%B7%9E_Guangzhou_%E5%A4%A9%E6%B2%B3%E5%8D%80_TianHe_%E8%8A%B1%E5%9F%8E%E5%A4%A7%E9%81%93_HuaCheng_Avenue_%E7%8F%A0%E6%B1%9F%E6%96%B0%E5%9F%8E_ZhuJiang_New_Town_September_2024_R12S_06.jpg/1280px-GD_%E5%BB%A3%E6%9D%B1_Guangdong_%E5%BB%A3%E5%B7%9E_Guangzhou_%E5%A4%A9%E6%B2%B3%E5%8D%80_TianHe_%E8%8A%B1%E5%9F%8E%E5%A4%A7%E9%81%93_HuaCheng_Avenue_%E7%8F%A0%E6%B1%9F%E6%96%B0%E5%9F%8E_ZhuJiang_New_Town_September_2024_R12S_06.jpg?utm_source=commons.wikimedia.org&utm_campaign=imageinfo&utm_content=thumbnail,4000,3000,CC0,http://creativecommons.org/publicdomain/zero/1.0/deed.en,Ghaud Lnegauk,Own work,2024-09-20 17:25:34,GD 廣東 Guangdong 廣州 Guangzhou 天河區 TianHe 花城大道 HuaCheng Avenue 珠江新城 ZhuJiang New Town in September 2024,23.12497,113.319355,false,
File:GD 廣東 Guangdong 廣州 Guangzhou 天河區 TianHe 花城大道 HuaCheng Avenue 珠江新城 ZhuJiang New Town September 2024 R12S 08.jpg,"2024 in Huacheng Avenue, Guangzhou",https://commons.wikimedia.org/wiki/File:GD_%E5%BB%A3%E6%9D%B1_Guangdong_%E5%BB%A3%E5%B7%9E_Guangzhou_%E5%A4%A9%E6%B2%B3%E5%8D%80_TianHe_%E8%8A%B1%E5%9F%8E%E5%A4%A7%E9%81%93_HuaCheng_Avenue_%E7%8F%A0%E6%B1%9F%E6%96%B0%E5%9F%8E_ZhuJiang_New_Town_September_2024_R12S_08.jpg,https://upload.wikimedia.org/wikipedia/commons/3/34/GD_%E5%BB%A3%E6%9D%B1_Guangdong_%E5%BB%A3%E5%B7%9E_Guangzhou_%E5%A4%A9%E6%B2%B3%E5%8D%80_TianHe_%E8%8A%B1%E5%9F%8E%E5%A4%A7%E9%81%93_HuaCheng_Avenue_%E7%8F%A0%E6%B1%9F%E6%96%B0%E5%9F%8E_ZhuJiang_New_Town_September_2024_R12S_08.jpg?utm_source=commons.wikimedia.org&utm_campaign=imageinfo&utm_content=original,https://thumb.wikimedia.org/wikipedia/commons/thumb/3/34/GD_%E5%BB%A3%E6%9D%B1_Guangdong_%E5%BB%A3%E5%B7%9E_Guangzhou_%E5%A4%A9%E6%B2%B3%E5%8D%80_TianHe_%E8%8A%B1%E5%9F%8E%E5%A4%A7%E9%81%93_HuaCheng_Avenue_%E7%8F%A0%E6%B1%9F%E6%96%B0%E5%9F%8E_ZhuJiang_New_Town_September_2024_R12S_08.jpg/1280px-GD_%E5%BB%A3%E6%9D%B1_Guangdong_%E5%BB%A3%E5%B7%9E_Guangzhou_%E5%A4%A9%E6%B2%B3%E5%8D%80_TianHe_%E8%8A%B1%E5%9F%8E%E5%A4%A7%E9%81%93_HuaCheng_Avenue_%E7%8F%A0%E6%B1%9F%E6%96%B0%E5%9F%8E_ZhuJiang_New_Town_September_2024_R12S_08.jpg?utm_source=commons.wikimedia.org&utm_campaign=imageinfo&utm_content=thumbnail,3000,4000,CC0,http://creativecommons.org/publicdomain/zero/1.0/deed.en,Ghaud Lnegauk,Own work,2024-09-20 17:32:05,GD 廣東 Guangdong 廣州 Guangzhou 天河區 TianHe 花城大道 HuaCheng Avenue 珠江新城 ZhuJiang New Town in September 2024,23.121485,113.316175,false,
File:GD 廣東 Guangdong 廣州 Guangzhou 天河區 TianHe 花城大道 HuaCheng Avenue 珠江新城 ZhuJiang New Town blue sign September 2024 R12S 01.jpg,"2024 in Huacheng Avenue, Guangzhou",https://commons.wikimedia.org/wiki/File:GD_%E5%BB%A3%E6%9D%B1_Guangdong_%E5%BB%A3%E5%B7%9E_Guangzhou_%E5%A4%A9%E6%B2%B3%E5%8D%80_TianHe_%E8%8A%B1%E5%9F%8E%E5%A4%A7%E9%81%93_HuaCheng_Avenue_%E7%8F%A0%E6%B1%9F%E6%96%B0%E5%9F%8E_ZhuJiang_New_Town_blue_sign_September_2024_R12S_01.jpg,https://upload.wikimedia.org/wikipedia/commons/7/7a/GD_%E5%BB%A3%E6%9D%B1_Guangdong_%E5%BB%A3%E5%B7%9E_Guangzhou_%E5%A4%A9%E6%B2%B3%E5%8D%80_TianHe_%E8%8A%B1%E5%9F%8E%E5%A4%A7%E9%81%93_HuaCheng_Avenue_%E7%8F%A0%E6%B1%9F%E6%96%B0%E5%9F%8E_ZhuJiang_New_Town_blue_sign_September_2024_R12S_01.jpg?utm_source=commons.wikimedia.org&utm_campaign=imageinfo&utm_content=original,https://thumb.wikimedia.org/wikipedia/commons/thumb/7/7a/GD_%E5%BB%A3%E6%9D%B1_Guangdong_%E5%BB%A3%E5%B7%9E_Guangzhou_%E5%A4%A9%E6%B2%B3%E5%8D%80_TianHe_%E8%8A%B1%E5%9F%8E%E5%A4%A7%E9%81%93_HuaCheng_Avenue_%E7%8F%A0%E6%B1%9F%E6%96%B0%E5%9F%8E_ZhuJiang_New_Town_blue_sign_September_2024_R12S_01.jpg/1280px-GD_%E5%BB%A3%E6%9D%B1_Guangdong_%E5%BB%A3%E5%B7%9E_Guangzhou_%E5%A4%A9%E6%B2%B3%E5%8D%80_TianHe_%E8%8A%B1%E5%9F%8E%E5%A4%A7%E9%81%93_HuaCheng_Avenue_%E7%8F%A0%E6%B1%9F%E6%96%B0%E5%9F%8E_ZhuJiang_New_Town_blue_sign_September_2024_R12S_01.jpg?utm_source=commons.wikimedia.org&utm_campaign=imageinfo&utm_content=thumbnail,4000,3000,CC0,http://creativecommons.org/publicdomain/zero/1.0/deed.en,Ghaud Lnegauk,Own work,2024-09-20 17:24:20,GD 廣東 Guangdong 廣州 Guangzhou 天河區 TianHe 花城大道 HuaCheng Avenue 珠江新城 ZhuJiang New Town in September 2024,,,false,
File:GD 廣東 Guangdong 廣州 Guangzhou 天河區 TianHe 花城大道 HuaCheng Avenue 珠江新城 ZhuJiang New Town blue sign September 2024 R12S 06.jpg,"2024 in Huacheng Avenue, Guangzhou",https://commons.wikimedia.org/wiki/File:GD_%E5%BB%A3%E6%9D%B1_Guangdong_%E5%BB%A3%E5%B7%9E_Guangzhou_%E5%A4%A9%E6%B2%B3%E5%8D%80_TianHe_%E8%8A%B1%E5%9F%8E%E5%A4%A7%E9%81%93_HuaCheng_Avenue_%E7%8F%A0%E6%B1%9F%E6%96%B0%E5%9F%8E_ZhuJiang_New_Town_blue_sign_September_2024_R12S_06.jpg,https://upload.wikimedia.org/wikipedia/commons/b/b3/GD_%E5%BB%A3%E6%9D%B1_Guangdong_%E5%BB%A3%E5%B7%9E_Guangzhou_%E5%A4%A9%E6%B2%B3%E5%8D%80_TianHe_%E8%8A%B1%E5%9F%8E%E5%A4%A7%E9%81%93_HuaCheng_Avenue_%E7%8F%A0%E6%B1%9F%E6%96%B0%E5%9F%8E_ZhuJiang_New_Town_blue_sign_September_2024_R12S_06.jpg?utm_source=commons.wikimedia.org&utm_campaign=imageinfo&utm_content=original,https://thumb.wikimedia.org/wikipedia/commons/thumb/b/b3/GD_%E5%BB%A3%E6%9D%B1_Guangdong_%E5%BB%A3%E5%B7%9E_Guangzhou_%E5%A4%A9%E6%B2%B3%E5%8D%80_TianHe_%E8%8A%B1%E5%9F%8E%E5%A4%A7%E9%81%93_HuaCheng_Avenue_%E7%8F%A0%E6%B1%9F%E6%96%B0%E5%9F%8E_ZhuJiang_New_Town_blue_sign_September_2024_R12S_06.jpg/1280px-GD_%E5%BB%A3%E6%9D%B1_Guangdong_%E5%BB%A3%E5%B7%9E_Guangzhou_%E5%A4%A9%E6%B2%B3%E5%8D%80_TianHe_%E8%8A%B1%E5%9F%8E%E5%A4%A7%E9%81%93_HuaCheng_Avenue_%E7%8F%A0%E6%B1%9F%E6%96%B0%E5%9F%8E_ZhuJiang_New_Town_blue_sign_September_2024_R12S_06.jpg?utm_source=commons.wikimedia.org&utm_campaign=imageinfo&utm_content=thumbnail,3000,4000,CC0,http://creativecommons.org/publicdomain/zero/1.0/deed.en,Ghaud Lnegauk,Own work,2024-09-20 17:24:53,GD 廣東 Guangdong 廣州 Guangzhou 天河區 TianHe 花城大道 HuaCheng Avenue 珠江新城 ZhuJiang New Town in September 2024,23.123162,113.317672,false,
File:GD 廣東 Guangdong 廣州 Guangzhou 天河區 TianHe 花城大道 HuaCheng Avenue 珠江新城 ZhuJiang New Town green car September 2024 R12S.jpg,"2024 in Huacheng Avenue, Guangzhou",https://commons.wikimedia.org/wiki/File:GD_%E5%BB%A3%E6%9D%B1_Guangdong_%E5%BB%A3%E5%B7%9E_Guangzhou_%E5%A4%A9%E6%B2%B3%E5%8D%80_TianHe_%E8%8A%B1%E5%9F%8E%E5%A4%A7%E9%81%93_HuaCheng_Avenue_%E7%8F%A0%E6%B1%9F%E6%96%B0%E5%9F%8E_ZhuJiang_New_Town_green_car_September_2024_R12S.jpg,https://upload.wikimedia.org/wikipedia/commons/1/1d/GD_%E5%BB%A3%E6%9D%B1_Guangdong_%E5%BB%A3%E5%B7%9E_Guangzhou_%E5%A4%A9%E6%B2%B3%E5%8D%80_TianHe_%E8%8A%B1%E5%9F%8E%E5%A4%A7%E9%81%93_HuaCheng_Avenue_%E7%8F%A0%E6%B1%9F%E6%96%B0%E5%9F%8E_ZhuJiang_New_Town_green_car_September_2024_R12S.jpg?utm_source=commons.wikimedia.org&utm_campaign=imageinfo&utm_content=original,https://thumb.wikimedia.org/wikipedia/commons/thumb/1/1d/GD_%E5%BB%A3%E6%9D%B1_Guangdong_%E5%BB%A3%E5%B7%9E_Guangzhou_%E5%A4%A9%E6%B2%B3%E5%8D%80_TianHe_%E8%8A%B1%E5%9F%8E%E5%A4%A7%E9%81%93_HuaCheng_Avenue_%E7%8F%A0%E6%B1%9F%E6%96%B0%E5%9F%8E_ZhuJiang_New_Town_green_car_September_2024_R12S.jpg/1280px-GD_%E5%BB%A3%E6%9D%B1_Guangdong_%E5%BB%A3%E5%B7%9E_Guangzhou_%E5%A4%A9%E6%B2%B3%E5%8D%80_TianHe_%E8%8A%B1%E5%9F%8E%E5%A4%A7%E9%81%93_HuaCheng_Avenue_%E7%8F%A0%E6%B1%9F%E6%96%B0%E5%9F%8E_ZhuJiang_New_Town_green_car_September_2024_R12S.jpg?utm_source=commons.wikimedia.org&utm_campaign=imageinfo&utm_content=thumbnail,4000,3000,CC0,http://creativecommons.org/publicdomain/zero/1.0/deed.en,Ghaud Lnegauk,Own work,2024-09-20 17:24:25,GD 廣東 Guangdong 廣州 Guangzhou 天河區 TianHe 花城大道 HuaCheng Avenue 珠江新城 ZhuJiang New Town in September 2024,23.123162,113.317672,false,
File:GD 廣東 Guangdong 廣州 Guangzhou 花城大道 HuaCheng Avenue 華穗路 HuaSui Road blue sign September 2024 R12S.jpg,"2024 in Huacheng Avenue, Guangzhou",https://commons.wikimedia.org/wiki/File:GD_%E5%BB%A3%E6%9D%B1_Guangdong_%E5%BB%A3%E5%B7%9E_Guangzhou_%E8%8A%B1%E5%9F%8E%E5%A4%A7%E9%81%93_HuaCheng_Avenue_%E8%8F%AF%E7%A9%97%E8%B7%AF_HuaSui_Road_blue_sign_September_2024_R12S.jpg,https://upload.wikimedia.org/wikipedia/commons/7/74/GD_%E5%BB%A3%E6%9D%B1_Guangdong_%E5%BB%A3%E5%B7%9E_Guangzhou_%E8%8A%B1%E5%9F%8E%E5%A4%A7%E9%81%93_HuaCheng_Avenue_%E8%8F%AF%E7%A9%97%E8%B7%AF_HuaSui_Road_blue_sign_September_2024_R12S.jpg?utm_source=commons.wikimedia.org&utm_campaign=imageinfo&utm_content=original,https://thumb.wikimedia.org/wikipedia/commons/thumb/7/74/GD_%E5%BB%A3%E6%9D%B1_Guangdong_%E5%BB%A3%E5%B7%9E_Guangzhou_%E8%8A%B1%E5%9F%8E%E5%A4%A7%E9%81%93_HuaCheng_Avenue_%E8%8F%AF%E7%A9%97%E8%B7%AF_HuaSui_Road_blue_sign_September_2024_R12S.jpg/1280px-GD_%E5%BB%A3%E6%9D%B1_Guangdong_%E5%BB%A3%E5%B7%9E_Guangzhou_%E8%8A%B1%E5%9F%8E%E5%A4%A7%E9%81%93_HuaCheng_Avenue_%E8%8F%AF%E7%A9%97%E8%B7%AF_HuaSui_Road_blue_sign_September_2024_R12S.jpg?utm_source=commons.wikimedia.org&utm_campaign=imageinfo&utm_content=thumbnail,4000,3000,CC0,http://creativecommons.org/publicdomain/zero/1.0/deed.en,Ghaud Lnegauk,Own work,2024-09-20 14:47:40,GD 廣東 Guangdong 廣州 Guangzhou 花城大道 HuaCheng Avenue 華穗路 HuaSui Road blue sign in September 2024,23.12183,113.313887,false,
File:GD 廣東 Guangdong 廣州 Guangzhou 花城大道 HuaCheng Avenue 華穗路 HuaSui Road directory sign September 2024 R12S.jpg,"2024 in Huacheng Avenue, Guangzhou",https://commons.wikimedia.org/wiki/File:GD_%E5%BB%A3%E6%9D%B1_Guangdong_%E5%BB%A3%E5%B7%9E_Guangzhou_%E8%8A%B1%E5%9F%8E%E5%A4%A7%E9%81%93_HuaCheng_Avenue_%E8%8F%AF%E7%A9%97%E8%B7%AF_HuaSui_Road_directory_sign_September_2024_R12S.jpg,https://upload.wikimedia.org/wikipedia/commons/c/c0/GD_%E5%BB%A3%E6%9D%B1_Guangdong_%E5%BB%A3%E5%B7%9E_Guangzhou_%E8%8A%B1%E5%9F%8E%E5%A4%A7%E9%81%93_HuaCheng_Avenue_%E8%8F%AF%E7%A9%97%E8%B7%AF_HuaSui_Road_directory_sign_September_2024_R12S.jpg?utm_source=commons.wikimedia.org&utm_campaign=imageinfo&utm_content=original,https://thumb.wikimedia.org/wikipedia/commons/thumb/c/c0/GD_%E5%BB%A3%E6%9D%B1_Guangdong_%E5%BB%A3%E5%B7%9E_Guangzhou_%E8%8A%B1%E5%9F%8E%E5%A4%A7%E9%81%93_HuaCheng_Avenue_%E8%8F%AF%E7%A9%97%E8%B7%AF_HuaSui_Road_directory_sign_September_2024_R12S.jpg/1280px-GD_%E5%BB%A3%E6%9D%B1_Guangdong_%E5%BB%A3%E5%B7%9E_Guangzhou_%E8%8A%B1%E5%9F%8E%E5%A4%A7%E9%81%93_HuaCheng_Avenue_%E8%8F%AF%E7%A9%97%E8%B7%AF_HuaSui_Road_directory_sign_September_2024_R12S.jpg?utm_source=commons.wikimedia.org&utm_campaign=imageinfo&utm_content=thumbnail,3000,4000,CC0,http://creativecommons.org/publicdomain/zero/1.0/deed.en,Ghaud Lnegauk,Own work,2024-09-20 14:56:47,GD 廣東 Guangdong 廣州 Guangzhou 花城大道 HuaCheng Avenue 華穗路 HuaSui Road directory sign in September 2024,23.12246,113.313297,false,
