{
  "type": "FeatureCollection",
  "features": [
    {
      "type": "Feature",
      "geometry": {
        "type": "Polygon",
        "coordinates": [
          [
            [
              113.235544,
              23.108921
            ],
            [
              113.2356377,
              23.1092074
            ],
            [
              113.2357016,
              23.1091897
            ],
            [
              113.2357449,
              23.1093221
            ],
            [
              113.235718,
              23.1093295
            ],
            [
              113.2357291,
              23.1093636
            ],
            [
              113.2355339,
              23.1094176
            ],
            [
              113.2353859,
              23.1089647
            ],
            [
              113.235544,
              23.108921
            ]
          ]
        ]
      },
      "properties": {
        "id": "w338885560",
        "building": "yes",
        "name": "原美国领事馆大楼",
        "name:zh": "原美国领事馆大楼"
      }
    },
    {
      "type": "Feature",
      "geometry": {
        "type": "Polygon",
        "coordinates": [
          [
            [
              113.2403213,
              23.1096294
            ],
            [
              113.240303,
              23.1091081
            ],
            [
              113.2401487,
              23.1091127
            ],
            [
              113.2401607,
              23.1094536
            ],
            [
              113.2399753,
              23.1094591
            ],
            [
              113.2399714,
              23.1093484
            ],
            [
              113.239774,
              23.1093543
            ],
            [
              113.2397779,
              23.109465
            ],
            [
              113.2396548,
              23.1094686
            ],
            [
              113.2396474,
              23.1092585
            ],
            [
              113.2394854,
              23.1092633
            ],
            [
              113.2394928,
              23.1094734
            ],
            [
              113.2394991,
              23.1096537
            ],
            [
              113.2403213,
              23.1096294
            ]
          ]
        ]
      },
      "properties": {
        "id": "w352610257",
        "building": "yes",
        "building:levels": "5"
      }
    },
    {
      "type": "Feature",
      "geometry": {
        "type": "Polygon",
        "coordinates": [
          [
            [
              113.2421082,
              23.1095894
            ],
            [
              113.2420954,
              23.1092236
            ],
            [
              113.2418512,
              23.1092308
            ],
            [
              113.241864,
              23.1095966
            ],
            [
              113.2421082,
              23.1095894
            ]
          ]
        ]
      },
      "properties": {
        "id": "w352610258",
        "addr:housenumber": "3",
        "addr:street": "沙面一街",
        "building": "yes",
        "building:colour": "lightgrey",
        "building:levels": "4",
        "building:material": "concrete",
        "name": "东风汇理银行旧址"
      }
    },
    {
      "type": "Feature",
      "geometry": {
        "type": "Polygon",
        "coordinates": [
          [
            [
              113.2418881,
              23.110649
            ],
            [
              113.2421546,
              23.1106411
            ],
            [
              113.2421413,
              23.1102608
            ],
            [
              113.2418748,
              23.1102687
            ],
            [
              113.2418881,
              23.110649
            ]
          ]
        ]
      },
      "properties": {
        "id": "w352610259",
        "building": "yes"
      }
    },
    {
      "type": "Feature",
      "geometry": {
        "type": "Polygon",
        "coordinates": [
          [
            [
              113.2415831,
              23.1095984
            ],
            [
              113.2416485,
              23.1095968
            ],
            [
              113.2418105,
              23.1095922
            ],
            [
              113.2417976,
              23.1092106
            ],
            [
              113.2416356,
              23.1092152
            ],
            [
              113.2415718,
              23.1092168
            ],
            [
              113.2415831,
              23.1095984
            ]
          ]
        ]
      },
      "properties": {
        "id": "w352610260",
        "addr:housenumber": "29",
        "addr:street": "沙面大街",
        "building": "yes",
        "building:colour": "white",
        "building:levels": "2"
      }
    },
    {
      "type": "Feature",
      "geometry": {
        "type": "Polygon",
        "coordinates": [
          [
            [
              113.2422158,
              23.1090398
            ],
            [
              113.24248,
              23.109032
            ],
            [
              113.2424726,
              23.1088202
            ],
            [
              113.2422084,
              23.1088281
            ],
            [
              113.2422158,
              23.1090398
            ]
          ]
        ]
      },
      "properties": {
        "id": "w352610261",
        "building": "yes"
      }
    },
    {
      "type": "Feature",
      "geometry": {
        "type": "Polygon",
        "coordinates": [
          [
            [
              113.241062,
              23.109597
            ],
            [
              113.2412683,
              23.1095909
            ],
            [
              113.2412573,
              23.109276
            ],
            [
              113.2410509,
              23.1092821
            ],
            [
              113.241062,
              23.109597
            ]
          ]
        ]
      },
      "properties": {
        "id": "w352610262",
        "building": "commercial",
        "building:levels": "4",
        "name": "广东悦海宾馆",
        "name:en": "Guangdong Yuehai Hotel",
        "tourism": "hotel"
      }
    },
    {
      "type": "Feature",
      "geometry": {
        "type": "Polygon",
        "coordinates": [
          [
            [
              113.2394928,
              23.1092338
            ],
            [
              113.2396974,
              23.1092244
            ],
            [
              113.2396817,
              23.1089354
            ],
            [
              113.2394771,
              23.1089448
            ],
            [
              113.2394928,
              23.1092338
            ]
          ]
        ]
      },
      "properties": {
        "id": "w352610263",
        "building": "yes"
      }
    },
    {
      "type": "Feature",
      "geometry": {
        "type": "Polygon",
        "coordinates": [
          [
            [
              113.2413296,
              23.1096087
            ],
            [
              113.2415472,
              23.1096022
            ],
            [
              113.2415394,
              23.1093791
            ],
            [
              113.2413218,
              23.1093856
            ],
            [
              113.2413296,
              23.1096087
            ]
          ]
        ]
      },
      "properties": {
        "id": "w352610264",
        "building": "commercial",
        "building:levels": "4",
        "name": "广东侨胞宾馆",
        "name:en": "Guangdong Qiaobao Hotel",
        "tourism": "hotel"
      }
    },
    {
      "type": "Feature",
      "geometry": {
        "type": "Polygon",
        "coordinates": [
          [
            [
              113.239159,
              23.1094245
            ],
            [
              113.2391616,
              23.1096363
            ],
            [
              113.2393603,
              23.1096322
            ],
            [
              113.2393952,
              23.1096036
            ],
            [
              113.2393892,
              23.1094222
            ],
            [
              113.239159,
              23.1094245
            ]
          ]
        ]
      },
      "properties": {
        "id": "w352610265",
        "addr:housenumber": "49",
        "addr:street": "沙面大街",
        "building": "yes",
        "building:colour": "lightyellow",
        "building:levels": "3",
        "name": "渣打银行旧址"
      }
    },
    {
      "type": "Feature",
      "geometry": {
        "type": "Polygon",
        "coordinates": [
          [
            [
              113.2421,
              23.1092061
            ],
            [
              113.2420951,
              23.1090654
            ],
            [
              113.241836,
              23.1090731
            ],
            [
              113.2418409,
              23.1092138
            ],
            [
              113.2421,
              23.1092061
            ]
          ]
        ]
      },
      "properties": {
        "id": "w352610266",
        "building": "yes"
      }
    },
    {
      "type": "Feature",
      "geometry": {
        "type": "Polygon",
        "coordinates": [
          [
            [
              113.2423329,
              23.1090985
            ],
            [
              113.2423358,
              23.1091803
            ],
            [
              113.2424762,
              23.1091762
            ],
            [
              113.2424733,
              23.1090944
            ],
            [
              113.2423329,
              23.1090985
            ]
          ]
        ]
      },
      "properties": {
        "id": "w352610267",
        "building": "yes"
      }
    },
    {
      "type": "Feature",
      "geometry": {
        "type": "Polygon",
        "coordinates": [
          [
            [
              113.2390208,
              23.1092354
            ],
            [
              113.2390148,
              23.1089202
            ],
            [
              113.2387734,
              23.1089242
            ],
            [
              113.2387795,
              23.1092394
            ],
            [
              113.2390208,
              23.1092354
            ]
          ]
        ]
      },
      "properties": {
        "id": "w352610268",
        "building": "yes",
        "building:levels": "5"
      }
    },
    {
      "type": "Feature",
      "geometry": {
        "type": "Polygon",
        "coordinates": [
          [
            [
              113.2433371,
              23.1090548
            ],
            [
              113.2435251,
              23.1090492
            ],
            [
              113.2435179,
              23.1088452
            ],
            [
              113.2433299,
              23.1088507
            ],
            [
              113.2433371,
              23.1090548
            ]
          ]
        ]
      },
      "properties": {
        "id": "w352610269",
        "building": "yes"
      }
    },
    {
      "type": "Feature",
      "geometry": {
        "type": "Polygon",
        "coordinates": [
          [
            [
              113.2395606,
              23.1107125
            ],
            [
              113.2397304,
              23.1107075
            ],
            [
              113.2397243,
              23.1105337
            ],
            [
              113.2395546,
              23.1105387
            ],
            [
              113.2395606,
              23.1107125
            ]
          ]
        ]
      },
      "properties": {
        "id": "w352610271",
        "building": "yes"
      }
    },
    {
      "type": "Feature",
      "geometry": {
        "type": "Polygon",
        "coordinates": [
          [
            [
              113.2436554,
              23.1091779
            ],
            [
              113.243668,
              23.1095388
            ],
            [
              113.2438362,
              23.1095338
            ],
            [
              113.2438236,
              23.1091729
            ],
            [
              113.2436554,
              23.1091779
            ]
          ]
        ]
      },
      "properties": {
        "id": "w352610272",
        "building": "retail",
        "building:colour": "#F6F0D0",
        "building:levels": "2",
        "name": "旧摩罗叉公寓",
        "name:zh": "旧摩罗叉公寓"
      }
    },
    {
      "type": "Feature",
      "geometry": {
        "type": "Polygon",
        "coordinates": [
          [
            [
              113.2378937,
              23.1092657
            ],
            [
              113.2378778,
              23.1089966
            ],
            [
              113.2376425,
              23.1090084
            ],
            [
              113.2376584,
              23.1092775
            ],
            [
              113.2378937,
              23.1092657
            ]
          ]
        ]
      },
      "properties": {
        "id": "w352610273",
        "addr:housenumber": "59",
        "addr:street": "沙面大街",
        "building": "yes",
        "old_name": "德国领事馆"
      }
    },
    {
      "type": "Feature",
      "geometry": {
        "type": "Polygon",
        "coordinates": [
          [
            [
              113.2384128,
              23.1107311
            ],
            [
              113.2385977,
              23.1107256
            ],
            [
              113.2385828,
              23.1102986
            ],
            [
              113.2383978,
              23.1103041
            ],
            [
              113.2384128,
              23.1107311
            ]
          ]
        ]
      },
      "properties": {
        "id": "w352610274",
        "building": "yes"
      }
    },
    {
      "type": "Feature",
      "geometry": {
        "type": "Polygon",
        "coordinates": [
          [
            [
              113.2418686,
              23.1090348
            ],
            [
              113.2420946,
              23.1090281
            ],
            [
              113.2420892,
              23.1088735
            ],
            [
              113.2418631,
              23.1088802
            ],
            [
              113.2418686,
              23.1090348
            ]
          ]
        ]
      },
      "properties": {
        "id": "w352610275",
        "building": "yes"
      }
    },
    {
      "type": "Feature",
      "geometry": {
        "type": "Polygon",
        "coordinates": [
          [
            [
              113.2365488,
              23.1107914
            ],
            [
              113.2368104,
              23.110779
            ],
            [
              113.236802,
              23.110629
            ],
            [
              113.2365404,
              23.1106414
            ],
            [
              113.2365488,
              23.1107914
            ]
          ]
        ]
      },
      "properties": {
        "id": "w352610276",
        "building": "yes"
      }
    },
    {
      "type": "Feature",
      "geometry": {
        "type": "Polygon",
        "coordinates": [
          [
            [
              113.2430477,
              23.1090498
            ],
            [
              113.2432806,
              23.1090429
            ],
            [
              113.2432738,
              23.1088485
            ],
            [
              113.2430409,
              23.1088554
            ],
            [
              113.2430477,
              23.1090498
            ]
          ]
        ]
      },
      "properties": {
        "id": "w352610277",
        "building": "yes"
      }
    },
    {
      "type": "Feature",
      "geometry": {
        "type": "Polygon",
        "coordinates": [
          [
            [
              113.2369384,
              23.1102849
            ],
            [
              113.2371104,
              23.1102821
            ],
            [
              113.2371059,
              23.1100454
            ],
            [
              113.2369339,
              23.1100482
            ],
            [
              113.2369384,
              23.1102849
            ]
          ]
        ]
      },
      "properties": {
        "id": "w352610278",
        "addr:housenumber": "62",
        "addr:street": "沙面大街",
        "building": "yes",
        "building:colour": "#CABC91",
        "building:levels": "3",
        "name": "洛士利洋行旧址"
      }
    },
    {
      "type": "Feature",
      "geometry": {
        "type": "Polygon",
        "coordinates": [
          [
            [
              113.24278,
              23.1090914
            ],
            [
              113.2430087,
              23.1090846
            ],
            [
              113.2430007,
              23.1088552
            ],
            [
              113.242772,
              23.1088619
            ],
            [
              113.24278,
              23.1090914
            ]
          ]
        ]
      },
      "properties": {
        "id": "w352610279",
        "building": "yes",
        "description:en": "Former site of French consulate & Bank of Indochina",
        "description:ru": "Французское посольство и Индокитайский банк"
      }
    },
    {
      "type": "Feature",
      "geometry": {
        "type": "Polygon",
        "coordinates": [
          [
            [
              113.2429007,
              23.1106417
            ],
            [
              113.2430346,
              23.1106378
            ],
            [
              113.2430209,
              23.1102489
            ],
            [
              113.2428871,
              23.1102528
            ],
            [
              113.2429007,
              23.1106417
            ]
          ]
        ]
      },
      "properties": {
        "id": "w352610281",
        "building": "yes"
      }
    },
    {
      "type": "Feature",
      "geometry": {
        "type": "Polygon",
        "coordinates": [
          [
            [
              113.2380655,
              23.1107378
            ],
            [
              113.238312,
              23.1107305
            ],
            [
              113.2382862,
              23.1099926
            ],
            [
              113.2380397,
              23.1099999
            ],
            [
              113.2380655,
              23.1107378
            ]
          ]
        ]
      },
      "properties": {
        "id": "w352610282",
        "building": "yes"
      }
    },
    {
      "type": "Feature",
      "geometry": {
        "type": "Polygon",
        "coordinates": [
          [
            [
              113.2430926,
              23.1101642
            ],
            [
              113.2435451,
              23.1101508
            ],
            [
              113.243535,
              23.1098631
            ],
            [
              113.2430825,
              23.1098765
            ],
            [
              113.2430926,
              23.1101642
            ]
          ]
        ]
      },
      "properties": {
        "id": "w352610283",
        "addr:housenumber": "6",
        "addr:street": "沙面大街",
        "building": "dormitory",
        "building:levels": "3",
        "building:material": "brick",
        "name": "海关宿舍",
        "name:zh": "海关宿舍"
      }
    },
    {
      "type": "Feature",
      "geometry": {
        "type": "Polygon",
        "coordinates": [
          [
            [
              113.2410671,
              23.110689
            ],
            [
              113.2414653,
              23.1106772
            ],
            [
              113.241461,
              23.1105549
            ],
            [
              113.2410628,
              23.1105667
            ],
            [
              113.2410671,
              23.110689
            ]
          ]
        ]
      },
      "properties": {
        "id": "w352610284",
        "building": "yes",
        "name": "沙面广州医药集团有限公司",
        "office": "company"
      }
    },
    {
      "type": "Feature",
      "geometry": {
        "type": "Polygon",
        "coordinates": [
          [
            [
              113.2390554,
              23.1096455
            ],
            [
              113.2390328,
              23.1093068
            ],
            [
              113.2388665,
              23.1093162
            ],
            [
              113.2388789,
              23.1095017
            ],
            [
              113.2388812,
              23.1095359
            ],
            [
              113.2388892,
              23.1096549
            ],
            [
              113.2390554,
              23.1096455
            ]
          ]
        ]
      },
      "properties": {
        "id": "w352610286",
        "addr:housenumber": "51",
        "addr:street": "沙面大街",
        "building": "yes",
        "building:colour": "#F6F0D0",
        "building:levels": "4"
      }
    },
    {
      "type": "Feature",
      "geometry": {
        "type": "Polygon",
        "coordinates": [
          [
            [
              113.2367616,
              23.1103481
            ],
            [
              113.2369279,
              23.1103438
            ],
            [
              113.2369207,
              23.1101149
            ],
            [
              113.2369187,
              23.1100549
            ],
            [
              113.2367524,
              23.1100595
            ],
            [
              113.2367544,
              23.1101193
            ],
            [
              113.2367616,
              23.1103481
            ]
          ]
        ]
      },
      "properties": {
        "id": "w352610287",
        "addr:housenumber": "64",
        "addr:street": "沙面大街",
        "building": "yes",
        "building:colour": "#F6F0D0",
        "building:levels": "2",
        "description:en": "former Swiss consulate"
      }
    },
    {
      "type": "Feature",
      "geometry": {
        "type": "Polygon",
        "coordinates": [
          [
            [
              113.237925,
              23.1103238
            ],
            [
              113.2379132,
              23.1100043
            ],
            [
              113.2376853,
              23.1100114
            ],
            [
              113.2376971,
              23.1103309
            ],
            [
              113.237925,
              23.1103238
            ]
          ]
        ]
      },
      "properties": {
        "id": "w352610288",
        "addr:housenumber": "56",
        "addr:street": "沙面大街",
        "building": "yes",
        "building:colour": "#6EBE9F",
        "building:levels": "3",
        "description:en": "former US Consulate, Asian Oil Company (UK)",
        "description:ru": "Консульство США и Азиатская нефтяная компания (Великобритания)"
      }
    },
    {
      "type": "Feature",
      "geometry": {
        "type": "Polygon",
        "coordinates": [
          [
            [
              113.2418089,
              23.109098
            ],
            [
              113.2418011,
              23.108877
            ],
            [
              113.2416967,
              23.1088801
            ],
            [
              113.2417045,
              23.1091011
            ],
            [
              113.2418089,
              23.109098
            ]
          ]
        ]
      },
      "properties": {
        "id": "w352610289",
        "building": "yes"
      }
    },
    {
      "type": "Feature",
      "geometry": {
        "type": "Polygon",
        "coordinates": [
          [
            [
              113.2368532,
              23.1107843
            ],
            [
              113.2371059,
              23.1107723
            ],
            [
              113.2370859,
              23.110415
            ],
            [
              113.2368331,
              23.110427
            ],
            [
              113.2368532,
              23.1107843
            ]
          ]
        ]
      },
      "properties": {
        "id": "w352610291",
        "building": "yes"
      }
    },
    {
      "type": "Feature",
      "geometry": {
        "type": "Polygon",
        "coordinates": [
          [
            [
              113.2379147,
              23.1107511
            ],
            [
              113.237897,
              23.1104345
            ],
            [
              113.2376489,
              23.1104462
            ],
            [
              113.2376666,
              23.1107629
            ],
            [
              113.2379147,
              23.1107511
            ]
          ]
        ]
      },
      "properties": {
        "id": "w352610292",
        "building": "yes"
      }
    },
    {
      "type": "Feature",
      "geometry": {
        "type": "Polygon",
        "coordinates": [
          [
            [
              113.2422767,
              23.1095808
            ],
            [
              113.2424225,
              23.1095765
            ],
            [
              113.2424097,
              23.1092091
            ],
            [
              113.2422638,
              23.1092134
            ],
            [
              113.2422767,
              23.1095808
            ]
          ]
        ]
      },
      "properties": {
        "id": "w352610293",
        "building": "yes"
      }
    },
    {
      "type": "Feature",
      "geometry": {
        "type": "Polygon",
        "coordinates": [
          [
            [
              113.2421311,
              23.1099456
            ],
            [
              113.2418683,
              23.1099534
            ],
            [
              113.2418779,
              23.1102279
            ],
            [
              113.2421407,
              23.1102201
            ],
            [
              113.2421311,
              23.1099456
            ]
          ]
        ]
      },
      "properties": {
        "id": "w352610294",
        "building": "yes",
        "building:levels": "2"
      }
    },
    {
      "type": "Feature",
      "geometry": {
        "type": "Polygon",
        "coordinates": [
          [
            [
              113.2414917,
              23.1106678
            ],
            [
              113.24161,
              23.1106643
            ],
            [
              113.2416042,
              23.1104984
            ],
            [
              113.2414859,
              23.1105019
            ],
            [
              113.2414917,
              23.1106678
            ]
          ]
        ]
      },
      "properties": {
        "id": "w352610295",
        "building": "yes",
        "name": "阅江楼艺术馆茶肆"
      }
    },
    {
      "type": "Feature",
      "geometry": {
        "type": "Polygon",
        "coordinates": [
          [
            [
              113.2393445,
              23.1091538
            ],
            [
              113.2393328,
              23.108885
            ],
            [
              113.239077,
              23.1088944
            ],
            [
              113.2390887,
              23.1091632
            ],
            [
              113.2393445,
              23.1091538
            ]
          ]
        ]
      },
      "properties": {
        "id": "w352610296",
        "building": "commercial",
        "building:levels": "5"
      }
    },
    {
      "type": "Feature",
      "geometry": {
        "type": "Polygon",
        "coordinates": [
          [
            [
              113.2407576,
              23.109955
            ],
            [
              113.2405142,
              23.1099622
            ],
            [
              113.2405198,
              23.1101197
            ],
            [
              113.2407631,
              23.1101125
            ],
            [
              113.2407576,
              23.109955
            ]
          ]
        ]
      },
      "properties": {
        "id": "w352610299",
        "addr:housenumber": "38",
        "addr:street": "沙面大街",
        "building": "yes",
        "building:colour": "yellow",
        "building:levels": "2",
        "roof:shape": "hipped"
      }
    },
    {
      "type": "Feature",
      "geometry": {
        "type": "Polygon",
        "coordinates": [
          [
            [
              113.2365961,
              23.110226
            ],
            [
              113.2366988,
              23.1102226
            ],
            [
              113.2366926,
              23.1100621
            ],
            [
              113.2365899,
              23.1100655
            ],
            [
              113.2365961,
              23.110226
            ]
          ]
        ]
      },
      "properties": {
        "id": "w352610300",
        "addr:housenumber": "4",
        "addr:street": "沙面五街",
        "building": "yes",
        "building:colour": "#6EBE9F",
        "building:levels": "3",
        "description:en": "old residence of Reiss Bradley, 1910s",
        "start_date": "1912"
      }
    },
    {
      "type": "Feature",
      "geometry": {
        "type": "Polygon",
        "coordinates": [
          [
            [
              113.241085,
              23.1101714
            ],
            [
              113.2413177,
              23.1101646
            ],
            [
              113.2413101,
              23.1099456
            ],
            [
              113.2410773,
              23.1099525
            ],
            [
              113.241085,
              23.1101714
            ]
          ]
        ]
      },
      "properties": {
        "id": "w352610301",
        "building": "yes"
      }
    },
    {
      "type": "Feature",
      "geometry": {
        "type": "Polygon",
        "coordinates": [
          [
            [
              113.2425401,
              23.1095055
            ],
            [
              113.2427645,
              23.1094989
            ],
            [
              113.2427575,
              23.1092985
            ],
            [
              113.2425331,
              23.1093051
            ],
            [
              113.2425401,
              23.1095055
            ]
          ]
        ]
      },
      "properties": {
        "id": "w352610302",
        "building": "yes"
      }
    },
    {
      "type": "Feature",
      "geometry": {
        "type": "Polygon",
        "coordinates": [
          [
            [
              113.235293,
              23.110829
            ],
            [
              113.2355846,
              23.1108152
            ],
            [
              113.2355743,
              23.1106314
            ],
            [
              113.2352827,
              23.1106452
            ],
            [
              113.235293,
              23.110829
            ]
          ]
        ]
      },
      "properties": {
        "id": "w352610303",
        "building": "yes"
      }
    },
    {
      "type": "Feature",
      "geometry": {
        "type": "Polygon",
        "coordinates": [
          [
            [
              113.2430568,
              23.1095431
            ],
            [
              113.243293,
              23.1095362
            ],
            [
              113.2432895,
              23.1094373
            ],
            [
              113.2430533,
              23.1094443
            ],
            [
              113.2430568,
              23.1095431
            ]
          ]
        ]
      },
      "properties": {
        "id": "w352610304",
        "building": "yes",
        "building:levels": "4"
      }
    },
    {
      "type": "Feature",
      "geometry": {
        "type": "Polygon",
        "coordinates": [
          [
            [
              113.2428028,
              23.1095457
            ],
            [
              113.243002,
              23.1095398
            ],
            [
              113.2429972,
              23.1094022
            ],
            [
              113.242798,
              23.1094081
            ],
            [
              113.2428028,
              23.1095457
            ]
          ]
        ]
      },
      "properties": {
        "id": "w352610306",
        "building": "yes",
        "building:levels": "4"
      }
    },
    {
      "type": "Feature",
      "geometry": {
        "type": "Polygon",
        "coordinates": [
          [
            [
              113.2425043,
              23.1092021
            ],
            [
              113.2427646,
              23.1091943
            ],
            [
              113.2427626,
              23.1091385
            ],
            [
              113.2425024,
              23.1091462
            ],
            [
              113.2425043,
              23.1092021
            ]
          ]
        ]
      },
      "properties": {
        "id": "w352610307",
        "building": "yes"
      }
    },
    {
      "type": "Feature",
      "geometry": {
        "type": "Polygon",
        "coordinates": [
          [
            [
              113.2413278,
              23.1091379
            ],
            [
              113.2415086,
              23.1091326
            ],
            [
              113.2415014,
              23.1089284
            ],
            [
              113.2413207,
              23.1089337
            ],
            [
              113.2413278,
              23.1091379
            ]
          ]
        ]
      },
      "properties": {
        "id": "w352610308",
        "building": "yes",
        "club": "yes",
        "name": "旧泰国人俱乐部",
        "name:zh": "旧泰国人俱乐部"
      }
    },
    {
      "type": "Feature",
      "geometry": {
        "type": "Polygon",
        "coordinates": [
          [
            [
              113.2387189,
              23.1100755
            ],
            [
              113.2387267,
              23.1102978
            ],
            [
              113.2390444,
              23.1102884
            ],
            [
              113.2390366,
              23.1100661
            ],
            [
              113.2387189,
              23.1100755
            ]
          ]
        ]
      },
      "properties": {
        "id": "w352610309",
        "addr:housenumber": "48",
        "addr:street": "沙面大街",
        "building": "yes",
        "building:levels": "3",
        "name": "旗昌洋行旧址"
      }
    },
    {
      "type": "Feature",
      "geometry": {
        "type": "Polygon",
        "coordinates": [
          [
            [
              113.243223,
              23.1094044
            ],
            [
              113.2433136,
              23.1094017
            ],
            [
              113.2433074,
              23.1092232
            ],
            [
              113.2432168,
              23.1092259
            ],
            [
              113.243223,
              23.1094044
            ]
          ]
        ]
      },
      "properties": {
        "id": "w352610310",
        "building": "yes"
      }
    },
    {
      "type": "Feature",
      "geometry": {
        "type": "Polygon",
        "coordinates": [
          [
            [
              113.2416322,
              23.1106558
            ],
            [
              113.2418557,
              23.1106492
            ],
            [
              113.241847,
              23.1104018
            ],
            [
              113.2416235,
              23.1104084
            ],
            [
              113.2416322,
              23.1106558
            ]
          ]
        ]
      },
      "properties": {
        "id": "w352610311",
        "building": "yes"
      }
    },
    {
      "type": "Feature",
      "geometry": {
        "type": "Polygon",
        "coordinates": [
          [
            [
              113.2391795,
              23.1103683
            ],
            [
              113.2394239,
              23.1103658
            ],
            [
              113.2394189,
              23.1099663
            ],
            [
              113.2391746,
              23.1099689
            ],
            [
              113.2391795,
              23.1103683
            ]
          ]
        ]
      },
      "properties": {
        "id": "w352610312",
        "addr:housenumber": "46",
        "addr:street": "沙面大街",
        "building": "yes",
        "building:colour": "lightyellow",
        "building:levels": "4",
        "name": "万宝楼",
        "old_name": "万国宝通银行"
      }
    },
    {
      "type": "Feature",
      "geometry": {
        "type": "Polygon",
        "coordinates": [
          [
            [
              113.2428087,
              23.1093338
            ],
            [
              113.2430035,
              23.109328
            ],
            [
              113.2429979,
              23.1091691
            ],
            [
              113.2428031,
              23.1091749
            ],
            [
              113.2428087,
              23.1093338
            ]
          ]
        ]
      },
      "properties": {
        "id": "w352610313",
        "building": "yes"
      }
    },
    {
      "type": "Feature",
      "geometry": {
        "type": "Polygon",
        "coordinates": [
          [
            [
              113.239581,
              23.1099491
            ],
            [
              113.2395934,
              23.1103027
            ],
            [
              113.2398573,
              23.1102949
            ],
            [
              113.2398449,
              23.1099413
            ],
            [
              113.239581,
              23.1099491
            ]
          ]
        ]
      },
      "properties": {
        "id": "w352610314",
        "building": "yes",
        "building:levels": "3"
      }
    },
    {
      "type": "Feature",
      "geometry": {
        "type": "Polygon",
        "coordinates": [
          [
            [
              113.2383549,
              23.1102188
            ],
            [
              113.2386093,
              23.1102113
            ],
            [
              113.2386045,
              23.1100724
            ],
            [
              113.23835,
              23.11008
            ],
            [
              113.2383549,
              23.1102188
            ]
          ]
        ]
      },
      "properties": {
        "id": "w352610315",
        "addr:housenumber": "50;52",
        "addr:street": "沙面大街",
        "amenity": "cafe",
        "branch": "广州沙面店",
        "brand": "星巴克",
        "brand:en": "Starbucks",
        "brand:website": "https://www.starbucks.com.cn",
        "brand:wikidata": "Q37158",
        "brand:zh": "星巴克",
        "building": "retail",
        "building:colour": "cyan",
        "building:levels": "2",
        "cuisine": "coffee_shop",
        "name": "星巴克",
        "name:en": "Starbucks",
        "name:zh": "星巴克",
        "opening_hours": "06:30-23:00",
        "outdoor_seating": "yes",
        "phone": "+86 020 8121 4086",
        "roof:colour": "brown",
        "roof:shape": "hipped",
        "takeaway": "yes"
      }
    },
    {
      "type": "Feature",
      "geometry": {
        "type": "Polygon",
        "coordinates": [
          [
            [
              113.2386298,
              23.1107178
            ],
            [
              113.2388445,
              23.1107115
            ],
            [
              113.2388359,
              23.1104683
            ],
            [
              113.2386213,
              23.1104747
            ],
            [
              113.2386298,
              23.1107178
            ]
          ]
        ]
      },
      "properties": {
        "id": "w352610316",
        "building": "yes"
      }
    },
    {
      "type": "Feature",
      "geometry": {
        "type": "Polygon",
        "coordinates": [
          [
            [
              113.2416696,
              23.1086605
            ],
            [
              113.2420314,
              23.1086498
            ],
            [
              113.2420187,
              23.1082846
            ],
            [
              113.2416568,
              23.1082953
            ],
            [
              113.2416696,
              23.1086605
            ]
          ]
        ]
      },
      "properties": {
        "id": "w352610317",
        "building": "yes"
      }
    },
    {
      "type": "Feature",
      "geometry": {
        "type": "Polygon",
        "coordinates": [
          [
            [
              113.2425529,
              23.11027
            ],
            [
              113.2425658,
              23.1106396
            ],
            [
              113.2428138,
              23.1106323
            ],
            [
              113.2428008,
              23.1102627
            ],
            [
              113.2425529,
              23.11027
            ]
          ]
        ]
      },
      "properties": {
        "id": "w352610318",
        "building": "yes"
      }
    },
    {
      "type": "Feature",
      "geometry": {
        "type": "Polygon",
        "coordinates": [
          [
            [
              113.2389011,
              23.1106979
            ],
            [
              113.2390932,
              23.1106922
            ],
            [
              113.2390855,
              23.1104716
            ],
            [
              113.2388933,
              23.1104773
            ],
            [
              113.2389011,
              23.1106979
            ]
          ]
        ]
      },
      "properties": {
        "id": "w352610319",
        "building": "yes"
      }
    },
    {
      "type": "Feature",
      "geometry": {
        "type": "Polygon",
        "coordinates": [
          [
            [
              113.2416194,
              23.1101007
            ],
            [
              113.2418442,
              23.110094
            ],
            [
              113.2418368,
              23.1098819
            ],
            [
              113.2416119,
              23.1098886
            ],
            [
              113.2416194,
              23.1101007
            ]
          ]
        ]
      },
      "properties": {
        "id": "w352610320",
        "building": "yes",
        "building:colour": "#F6F0D0",
        "building:levels": "3",
        "historic": "building",
        "name": "英国医院&招商局"
      }
    },
    {
      "type": "Feature",
      "geometry": {
        "type": "Polygon",
        "coordinates": [
          [
            [
              113.2425376,
              23.1101195
            ],
            [
              113.2427924,
              23.1101119
            ],
            [
              113.2427856,
              23.1099195
            ],
            [
              113.2425308,
              23.1099271
            ],
            [
              113.2425376,
              23.1101195
            ]
          ]
        ]
      },
      "properties": {
        "id": "w352610321",
        "building": "yes",
        "building:colour": "yellow",
        "building:levels": "3"
      }
    },
    {
      "type": "Feature",
      "geometry": {
        "type": "Polygon",
        "coordinates": [
          [
            [
              113.2413559,
              23.1101806
            ],
            [
              113.2415727,
              23.1101742
            ],
            [
              113.2415631,
              23.1098984
            ],
            [
              113.2413463,
              23.1099048
            ],
            [
              113.2413559,
              23.1101806
            ]
          ]
        ]
      },
      "properties": {
        "id": "w352610322",
        "addr:housenumber": "26",
        "addr:street": "沙面大街",
        "building": "yes",
        "building:colour": "yellow",
        "building:levels": "3",
        "historic": "building",
        "name": "台湾银行广州支行(日)旧址",
        "start_date": "1911"
      }
    },
    {
      "type": "Feature",
      "geometry": {
        "type": "Polygon",
        "coordinates": [
          [
            [
              113.2371447,
              23.1107772
            ],
            [
              113.2373939,
              23.1107654
            ],
            [
              113.2373749,
              23.1104267
            ],
            [
              113.2371258,
              23.1104386
            ],
            [
              113.2371447,
              23.1107772
            ]
          ]
        ]
      },
      "properties": {
        "id": "w352610323",
        "building": "yes"
      }
    },
    {
      "type": "Feature",
      "geometry": {
        "type": "Polygon",
        "coordinates": [
          [
            [
              113.2422971,
              23.1106441
            ],
            [
              113.2425321,
              23.1106371
            ],
            [
              113.2425197,
              23.1102818
            ],
            [
              113.2422847,
              23.1102888
            ],
            [
              113.2422971,
              23.1106441
            ]
          ]
        ]
      },
      "properties": {
        "id": "w352610324",
        "building": "yes"
      }
    },
    {
      "type": "Feature",
      "geometry": {
        "type": "Polygon",
        "coordinates": [
          [
            [
              113.242516,
              23.1091063
            ],
            [
              113.2427434,
              23.1090996
            ],
            [
              113.2427348,
              23.1088552
            ],
            [
              113.2425075,
              23.1088619
            ],
            [
              113.242516,
              23.1091063
            ]
          ]
        ]
      },
      "properties": {
        "id": "w352610325",
        "building": "yes",
        "name": "广东外事博物馆",
        "name:en": "Guangdong Foreign Affairs Museum",
        "tourism": "museum"
      }
    },
    {
      "type": "Feature",
      "geometry": {
        "type": "Polygon",
        "coordinates": [
          [
            [
              113.241572,
              23.1091013
            ],
            [
              113.2416719,
              23.1090984
            ],
            [
              113.2416642,
              23.1088768
            ],
            [
              113.2415642,
              23.1088797
            ],
            [
              113.241572,
              23.1091013
            ]
          ]
        ]
      },
      "properties": {
        "id": "w352610326",
        "building": "yes",
        "building:levels": "2"
      }
    },
    {
      "type": "Feature",
      "geometry": {
        "type": "Polygon",
        "coordinates": [
          [
            [
              113.2370643,
              23.1096884
            ],
            [
              113.2370552,
              23.1092585
            ],
            [
              113.2367731,
              23.1092635
            ],
            [
              113.2365952,
              23.1094337
            ],
            [
              113.2366008,
              23.1096967
            ],
            [
              113.2370643,
              23.1096884
            ]
          ]
        ]
      },
      "properties": {
        "id": "w352610327",
        "addr:housenumber": "67",
        "addr:street": "沙面大街",
        "building": "yes",
        "building:colour": "lightgrey",
        "building:levels": "8",
        "government": "customs",
        "name": "广州海关",
        "office": "government"
      }
    },
    {
      "type": "Feature",
      "geometry": {
        "type": "Polygon",
        "coordinates": [
          [
            [
              113.2412649,
              23.1091922
            ],
            [
              113.2412591,
              23.1090248
            ],
            [
              113.241127,
              23.1090287
            ],
            [
              113.2411216,
              23.1088751
            ],
            [
              113.2410091,
              23.1088785
            ],
            [
              113.2410204,
              23.1091995
            ],
            [
              113.2412649,
              23.1091922
            ]
          ]
        ]
      },
      "properties": {
        "id": "w352610328",
        "building": "residential",
        "building:levels": "5"
      }
    },
    {
      "type": "Feature",
      "geometry": {
        "type": "Polygon",
        "coordinates": [
          [
            [
              113.238457,
              23.1095223
            ],
            [
              113.2382615,
              23.109532
            ],
            [
              113.23827,
              23.1096762
            ],
            [
              113.2388305,
              23.1096483
            ],
            [
              113.2388241,
              23.1095392
            ],
            [
              113.238822,
              23.1095041
            ],
            [
              113.2388148,
              23.1093805
            ],
            [
              113.2384497,
              23.1093987
            ],
            [
              113.238457,
              23.1095223
            ]
          ]
        ]
      },
      "properties": {
        "id": "w352610329",
        "addr:housenumber": "53",
        "addr:street": "沙面大街",
        "building": "yes",
        "building:colour": "#F6F0D0",
        "building:levels": "4"
      }
    },
    {
      "type": "Feature",
      "geometry": {
        "type": "Polygon",
        "coordinates": [
          [
            [
              113.2400889,
              23.110144
            ],
            [
              113.2403535,
              23.1101362
            ],
            [
              113.2403477,
              23.1099702
            ],
            [
              113.2400831,
              23.109978
            ],
            [
              113.2399059,
              23.1099833
            ],
            [
              113.2399117,
              23.1101492
            ],
            [
              113.2399155,
              23.1102567
            ],
            [
              113.2400926,
              23.1102514
            ],
            [
              113.2400889,
              23.110144
            ]
          ]
        ]
      },
      "properties": {
        "id": "w352610330",
        "building": "school",
        "building:colour": "#fabdbc",
        "building:levels": "5"
      }
    },
    {
      "type": "Feature",
      "geometry": {
        "type": "Polygon",
        "coordinates": [
          [
            [
              113.2447969,
              23.1099302
            ],
            [
              113.2449752,
              23.1099521
            ],
            [
              113.2450177,
              23.1096585
            ],
            [
              113.2448393,
              23.1096367
            ],
            [
              113.2447969,
              23.1099302
            ]
          ]
        ]
      },
      "properties": {
        "id": "w355434644",
        "amenity": "fire_station",
        "building": "yes"
      }
    },
    {
      "type": "Feature",
      "geometry": {
        "type": "Polygon",
        "coordinates": [
          [
            [
              113.2423337,
              23.1101645
            ],
            [
              113.2424195,
              23.1101607
            ],
            [
              113.2424079,
              23.1099395
            ],
            [
              113.2423843,
              23.1099407
            ],
            [
              113.2423831,
              23.1099067
            ],
            [
              113.2423461,
              23.1099078
            ],
            [
              113.2423473,
              23.1099418
            ],
            [
              113.2423221,
              23.1099431
            ],
            [
              113.2423337,
              23.1101645
            ]
          ]
        ]
      },
      "properties": {
        "id": "w392765468",
        "addr:housenumber": "14",
        "addr:street": "沙面大街",
        "amenity": "place_of_worship",
        "building": "yes",
        "building:colour": "white",
        "building:levels": "1",
        "denomination": "roman_catholic",
        "name": "天主教路德堂",
        "name:en": "Church of Our Lady of Lourdes",
        "name:fr": "Église Notre-Dame-de-Lourdes",
        "name:zh": "天主教路德堂",
        "religion": "christian",
        "roof:shape": "gabled",
        "wikidata": "Q2956703",
        "wikimedia_commons": "Category:Our Lady of Lourdes Chapel, Shamian Island",
        "wikipedia": "en:Our Lady of Lourdes Chapel, Shamian Island"
      }
    },
    {
      "type": "Feature",
      "geometry": {
        "type": "Polygon",
        "coordinates": [
          [
            [
              113.2436764,
              23.1091021
            ],
            [
              113.2437727,
              23.1091001
            ],
            [
              113.2438338,
              23.1090396
            ],
            [
              113.2438103,
              23.109018
            ],
            [
              113.2438267,
              23.1090028
            ],
            [
              113.2436468,
              23.1088607
            ],
            [
              113.2436329,
              23.1088766
            ],
            [
              113.2436083,
              23.10886
            ],
            [
              113.2435591,
              23.1089165
            ],
            [
              113.2435599,
              23.1090477
            ],
            [
              113.2436173,
              23.1090862
            ],
            [
              113.2436329,
              23.1090711
            ],
            [
              113.2436764,
              23.1091021
            ]
          ]
        ]
      },
      "properties": {
        "id": "w509641341",
        "building": "yes",
        "description:en": "French post house",
        "description:fr": "Poste Francaise"
      }
    },
    {
      "type": "Feature",
      "geometry": {
        "type": "Polygon",
        "coordinates": [
          [
            [
              113.2422047,
              23.1087555
            ],
            [
              113.242201,
              23.1086684
            ],
            [
              113.242256,
              23.1086665
            ],
            [
              113.2422597,
              23.1087535
            ],
            [
              113.2422047,
              23.1087555
            ]
          ]
        ]
      },
      "properties": {
        "id": "w509641343",
        "building": "yes"
      }
    },
    {
      "type": "Feature",
      "geometry": {
        "type": "Polygon",
        "coordinates": [
          [
            [
              113.2416632,
              23.1087827
            ],
            [
              113.2420809,
              23.1087738
            ],
            [
              113.2420789,
              23.1086941
            ],
            [
              113.2416612,
              23.1087029
            ],
            [
              113.2416632,
              23.1087827
            ]
          ]
        ]
      },
      "properties": {
        "id": "w509641346",
        "building": "yes"
      }
    },
    {
      "type": "Feature",
      "geometry": {
        "type": "Polygon",
        "coordinates": [
          [
            [
              113.2409345,
              23.108786
            ],
            [
              113.2412633,
              23.1087793
            ],
            [
              113.2412613,
              23.1087
            ],
            [
              113.2409326,
              23.1087068
            ],
            [
              113.2409345,
              23.108786
            ]
          ]
        ]
      },
      "properties": {
        "id": "w509641349",
        "building": "yes",
        "building:levels": "2"
      }
    },
    {
      "type": "Feature",
      "geometry": {
        "type": "Polygon",
        "coordinates": [
          [
            [
              113.2362204,
              23.1097356
            ],
            [
              113.2362157,
              23.1095263
            ],
            [
              113.2362589,
              23.1095252
            ],
            [
              113.2362576,
              23.1094922
            ],
            [
              113.2362942,
              23.1094909
            ],
            [
              113.2362955,
              23.109524
            ],
            [
              113.2363427,
              23.1095239
            ],
            [
              113.2363474,
              23.1097331
            ],
            [
              113.2362204,
              23.1097356
            ]
          ]
        ]
      },
      "properties": {
        "id": "w509641361",
        "addr:housenumber": "60",
        "addr:street": "沙面南街",
        "amenity": "place_of_worship",
        "building": "yes",
        "building:colour": "#CABC91",
        "building:levels": "1",
        "name": "基督教沙面会堂",
        "name:en": "Shamian Christian Church",
        "name:zh": "基督教沙面堂",
        "religion": "christian",
        "roof:colour": "grey",
        "roof:shape": "gabled",
        "wikidata": "Q11140825",
        "wikimedia_commons": "Category:Christ Church Shamian",
        "wikipedia": "en:Shamian Christian Church"
      }
    },
    {
      "type": "Feature",
      "geometry": {
        "type": "Polygon",
        "coordinates": [
          [
            [
              113.2349238,
              23.1102738
            ],
            [
              113.2348381,
              23.1101962
            ],
            [
              113.2350801,
              23.1099704
            ],
            [
              113.2351657,
              23.110048
            ],
            [
              113.2349238,
              23.1102738
            ]
          ]
        ]
      },
      "properties": {
        "id": "w509641362",
        "building": "yes"
      }
    },
    {
      "type": "Feature",
      "geometry": {
        "type": "Polygon",
        "coordinates": [
          [
            [
              113.2431987,
              23.110638
            ],
            [
              113.2433666,
              23.1106309
            ],
            [
              113.243362,
              23.1105317
            ],
            [
              113.2431941,
              23.1105388
            ],
            [
              113.2431987,
              23.110638
            ]
          ]
        ]
      },
      "properties": {
        "id": "w515400661",
        "building": "yes"
      }
    },
    {
      "type": "Feature",
      "geometry": {
        "type": "Polygon",
        "coordinates": [
          [
            [
              113.2430975,
              23.1105736
            ],
            [
              113.243149,
              23.1105722
            ],
            [
              113.2431452,
              23.1104518
            ],
            [
              113.2430936,
              23.1104518
            ],
            [
              113.2430975,
              23.1105736
            ]
          ]
        ]
      },
      "properties": {
        "id": "w515400662",
        "building": "yes"
      }
    },
    {
      "type": "Feature",
      "geometry": {
        "type": "Polygon",
        "coordinates": [
          [
            [
              113.2434786,
              23.11056
            ],
            [
              113.2436129,
              23.1105557
            ],
            [
              113.243607,
              23.1104086
            ],
            [
              113.2434739,
              23.1104151
            ],
            [
              113.2434786,
              23.11056
            ]
          ]
        ]
      },
      "properties": {
        "id": "w515400663",
        "building": "yes"
      }
    },
    {
      "type": "Feature",
      "geometry": {
        "type": "Polygon",
        "coordinates": [
          [
            [
              113.2433438,
              23.1104783
            ],
            [
              113.2433422,
              23.110411
            ],
            [
              113.2433684,
              23.1104103
            ],
            [
              113.2433684,
              23.1103508
            ],
            [
              113.2434686,
              23.1103487
            ],
            [
              113.2434708,
              23.1105348
            ],
            [
              113.2433697,
              23.1105362
            ],
            [
              113.2433677,
              23.1104782
            ],
            [
              113.2433438,
              23.1104783
            ]
          ]
        ]
      },
      "properties": {
        "id": "w515400664",
        "building": "yes"
      }
    },
    {
      "type": "Feature",
      "geometry": {
        "type": "Polygon",
        "coordinates": [
          [
            [
              113.2432857,
              23.1102363
            ],
            [
              113.2435422,
              23.1102299
            ],
            [
              113.2435438,
              23.1101938
            ],
            [
              113.2432865,
              23.1102002
            ],
            [
              113.2432857,
              23.1102363
            ]
          ]
        ]
      },
      "properties": {
        "id": "w515400665",
        "building": "yes"
      }
    },
    {
      "type": "Feature",
      "geometry": {
        "type": "Polygon",
        "coordinates": [
          [
            [
              113.2409086,
              23.1106749
            ],
            [
              113.2410542,
              23.1106759
            ],
            [
              113.2410565,
              23.1103924
            ],
            [
              113.2409109,
              23.1103914
            ],
            [
              113.2409086,
              23.1106749
            ]
          ]
        ]
      },
      "properties": {
        "id": "w515401364",
        "building": "yes"
      }
    },
    {
      "type": "Feature",
      "geometry": {
        "type": "Polygon",
        "coordinates": [
          [
            [
              113.2450384,
              23.1068715
            ],
            [
              113.2452476,
              23.1061472
            ],
            [
              113.2457464,
              23.106267
            ],
            [
              113.2455281,
              23.1069997
            ],
            [
              113.2450384,
              23.1068715
            ]
          ]
        ]
      },
      "properties": {
        "id": "w527295764",
        "building": "hotel",
        "building:levels": "6",
        "name": "南美酒店",
        "name:zh": "南美酒店"
      }
    },
    {
      "type": "Feature",
      "geometry": {
        "type": "Polygon",
        "coordinates": [
          [
            [
              113.2359046,
              23.110839
            ],
            [
              113.2359034,
              23.1104831
            ],
            [
              113.236124,
              23.1104824
            ],
            [
              113.2361252,
              23.1108382
            ],
            [
              113.2359046,
              23.110839
            ]
          ]
        ]
      },
      "properties": {
        "id": "w791257922",
        "building": "yes"
      }
    },
    {
      "type": "Feature",
      "geometry": {
        "type": "Polygon",
        "coordinates": [
          [
            [
              113.2367399,
              23.1088755
            ],
            [
              113.2366586,
              23.1089003
            ],
            [
              113.2365158,
              23.1085665
            ],
            [
              113.2363981,
              23.1085945
            ],
            [
              113.2363425,
              23.1084393
            ],
            [
              113.2368882,
              23.1082617
            ],
            [
              113.2378047,
              23.1079662
            ],
            [
              113.2382972,
              23.1079086
            ],
            [
              113.2386047,
              23.1079109
            ],
            [
              113.2386921,
              23.1084077
            ],
            [
              113.2383582,
              23.108448
            ],
            [
              113.2383593,
              23.1084598
            ],
            [
              113.2383788,
              23.108674
            ],
            [
              113.2377309,
              23.1086746
            ],
            [
              113.2370829,
              23.1089174
            ],
            [
              113.2368861,
              23.1089405
            ],
            [
              113.236771,
              23.1089541
            ],
            [
              113.2367399,
              23.1088755
            ]
          ]
        ]
      },
      "properties": {
        "id": "w791257923",
        "building": "commercial",
        "building:levels": "3"
      }
    },
    {
      "type": "Feature",
      "geometry": {
        "type": "Polygon",
        "coordinates": [
          [
            [
              113.2361723,
              23.1108272
            ],
            [
              113.2361711,
              23.1104713
            ],
            [
              113.2363917,
              23.1104706
            ],
            [
              113.2363929,
              23.1108264
            ],
            [
              113.2361723,
              23.1108272
            ]
          ]
        ]
      },
      "properties": {
        "id": "w791257924",
        "building": "yes"
      }
    },
    {
      "type": "Feature",
      "geometry": {
        "type": "Polygon",
        "coordinates": [
          [
            [
              113.2337524,
              23.1111423
            ],
            [
              113.2334841,
              23.1105758
            ],
            [
              113.2340512,
              23.1103486
            ],
            [
              113.2342782,
              23.1108278
            ],
            [
              113.2339407,
              23.110963
            ],
            [
              113.2339821,
              23.1110503
            ],
            [
              113.2337524,
              23.1111423
            ]
          ]
        ]
      },
      "properties": {
        "id": "w932443717",
        "building": "residential",
        "building:levels": "14",
        "name": "隧兴广场"
      }
    },
    {
      "type": "Feature",
      "geometry": {
        "type": "Polygon",
        "coordinates": [
          [
            [
              113.2334029,
              23.1105224
            ],
            [
              113.2332581,
              23.1102175
            ],
            [
              113.2338596,
              23.1099759
            ],
            [
              113.2340044,
              23.1102808
            ],
            [
              113.2334029,
              23.1105224
            ]
          ]
        ]
      },
      "properties": {
        "id": "w932444079",
        "amenity": "marketplace",
        "building": "retail",
        "building:levels": "1"
      }
    },
    {
      "type": "Feature",
      "geometry": {
        "type": "Polygon",
        "coordinates": [
          [
            [
              113.243526,
              23.1065212
            ],
            [
              113.24311,
              23.1063575
            ],
            [
              113.2431866,
              23.1061928
            ],
            [
              113.2436027,
              23.1063565
            ],
            [
              113.243526,
              23.1065212
            ]
          ]
        ]
      },
      "properties": {
        "id": "w932717800",
        "building": "office",
        "building:levels": "15",
        "name": "海星大厦"
      }
    },
    {
      "type": "Feature",
      "geometry": {
        "type": "Polygon",
        "coordinates": [
          [
            [
              113.2440083,
              23.1065938
            ],
            [
              113.2440571,
              23.106449
            ],
            [
              113.2442237,
              23.1065045
            ],
            [
              113.2441523,
              23.1066855
            ],
            [
              113.2440787,
              23.106707
            ],
            [
              113.2439875,
              23.1067259
            ],
            [
              113.2438624,
              23.1066876
            ],
            [
              113.243903,
              23.1065681
            ],
            [
              113.2440083,
              23.1065938
            ]
          ]
        ]
      },
      "properties": {
        "id": "w932725418",
        "building": "residential",
        "building:levels": "20"
      }
    },
    {
      "type": "Feature",
      "geometry": {
        "type": "Polygon",
        "coordinates": [
          [
            [
              113.2451969,
              23.1110268
            ],
            [
              113.2452174,
              23.11077
            ],
            [
              113.2459048,
              23.1107902
            ],
            [
              113.2458882,
              23.1110482
            ],
            [
              113.2451969,
              23.1110268
            ]
          ]
        ]
      },
      "properties": {
        "id": "w934154748",
        "building": "wholesale",
        "building:levels": "7",
        "name": "广州南太日用品批发市场",
        "name:zh": "广州南太日用品批发市场"
      }
    },
    {
      "type": "Feature",
      "geometry": {
        "type": "Polygon",
        "coordinates": [
          [
            [
              113.2447574,
              23.1109173
            ],
            [
              113.2449333,
              23.1109204
            ],
            [
              113.2449884,
              23.1108645
            ],
            [
              113.2450322,
              23.1106036
            ],
            [
              113.2450384,
              23.1103171
            ],
            [
              113.2446952,
              23.1103025
            ],
            [
              113.2446929,
              23.1106753
            ],
            [
              113.2447662,
              23.1106798
            ],
            [
              113.2447574,
              23.1109173
            ]
          ]
        ]
      },
      "properties": {
        "id": "w934154749",
        "building": "wholesale",
        "building:levels": "7",
        "name": "广州岭南国际电子数码广场",
        "name:zh": "广州岭南国际电子数码广场"
      }
    },
    {
      "type": "Feature",
      "geometry": {
        "type": "Polygon",
        "coordinates": [
          [
            [
              113.2452769,
              23.1107343
            ],
            [
              113.2453236,
              23.1102889
            ],
            [
              113.2455158,
              23.1103069
            ],
            [
              113.2454727,
              23.1107498
            ],
            [
              113.2452769,
              23.1107343
            ]
          ]
        ]
      },
      "properties": {
        "id": "w934154750",
        "building": "wholesale",
        "building:levels": "10"
      }
    },
    {
      "type": "Feature",
      "geometry": {
        "type": "Polygon",
        "coordinates": [
          [
            [
              113.2380283,
              23.1090769
            ],
            [
              113.2380241,
              23.1089313
            ],
            [
              113.2384249,
              23.1089216
            ],
            [
              113.2384291,
              23.1090671
            ],
            [
              113.2381144,
              23.1090748
            ],
            [
              113.2380283,
              23.1090769
            ]
          ]
        ]
      },
      "properties": {
        "id": "w942147730",
        "building": "commercial",
        "building:levels": "5",
        "tourism": "hotel"
      }
    },
    {
      "type": "Feature",
      "geometry": {
        "type": "Polygon",
        "coordinates": [
          [
            [
              113.2380269,
              23.1092686
            ],
            [
              113.2383881,
              23.1092615
            ],
            [
              113.2383851,
              23.1091281
            ],
            [
              113.2381063,
              23.1091335
            ],
            [
              113.2380238,
              23.1091352
            ],
            [
              113.2380269,
              23.1092686
            ]
          ]
        ]
      },
      "properties": {
        "id": "w942148037",
        "building": "apartments",
        "building:levels": "7"
      }
    },
    {
      "type": "Feature",
      "geometry": {
        "type": "Polygon",
        "coordinates": [
          [
            [
              113.2380238,
              23.1091352
            ],
            [
              113.2380283,
              23.1090769
            ],
            [
              113.2381144,
              23.1090748
            ],
            [
              113.2381063,
              23.1091335
            ],
            [
              113.2380238,
              23.1091352
            ]
          ]
        ]
      },
      "properties": {
        "id": "w942148038",
        "building": "retail"
      }
    },
    {
      "type": "Feature",
      "geometry": {
        "type": "Polygon",
        "coordinates": [
          [
            [
              113.2384543,
              23.1093081
            ],
            [
              113.2386876,
              23.1093032
            ],
            [
              113.2386858,
              23.1092323
            ],
            [
              113.2387596,
              23.1092308
            ],
            [
              113.2387521,
              23.1089217
            ],
            [
              113.2384449,
              23.1089281
            ],
            [
              113.2384543,
              23.1093081
            ]
          ]
        ]
      },
      "properties": {
        "id": "w942148230",
        "building": "commercial",
        "building:levels": "4"
      }
    },
    {
      "type": "Feature",
      "geometry": {
        "type": "Polygon",
        "coordinates": [
          [
            [
              113.2404983,
              23.1087687
            ],
            [
              113.2408938,
              23.1087585
            ],
            [
              113.2408915,
              23.1086831
            ],
            [
              113.240496,
              23.1086933
            ],
            [
              113.2404983,
              23.1087687
            ]
          ]
        ]
      },
      "properties": {
        "id": "w942148904",
        "building": "yes",
        "building:levels": "2"
      }
    },
    {
      "type": "Feature",
      "geometry": {
        "type": "Polygon",
        "coordinates": [
          [
            [
              113.2407763,
              23.1089519
            ],
            [
              113.2407741,
              23.1088779
            ],
            [
              113.2409833,
              23.1088725
            ],
            [
              113.2409855,
              23.1089465
            ],
            [
              113.2407763,
              23.1089519
            ]
          ]
        ]
      },
      "properties": {
        "id": "w942149624",
        "building": "residential",
        "building:levels": "5"
      }
    },
    {
      "type": "Feature",
      "geometry": {
        "type": "Polygon",
        "coordinates": [
          [
            [
              113.240513,
              23.1090017
            ],
            [
              113.2405065,
              23.1088785
            ],
            [
              113.2407332,
              23.1088684
            ],
            [
              113.2407397,
              23.1089917
            ],
            [
              113.240513,
              23.1090017
            ]
          ]
        ]
      },
      "properties": {
        "id": "w942149625",
        "building": "yes",
        "building:levels": "3"
      }
    },
    {
      "type": "Feature",
      "geometry": {
        "type": "Polygon",
        "coordinates": [
          [
            [
              113.2357017,
              23.1104367
            ],
            [
              113.235844,
              23.1104367
            ],
            [
              113.235844,
              23.1101137
            ],
            [
              113.2357017,
              23.1101137
            ],
            [
              113.2357017,
              23.1104367
            ]
          ]
        ]
      },
      "properties": {
        "id": "w942151828",
        "building": "yes",
        "building:levels": "3"
      }
    },
    {
      "type": "Feature",
      "geometry": {
        "type": "Polygon",
        "coordinates": [
          [
            [
              113.2361655,
              23.1103459
            ],
            [
              113.2364165,
              23.1103331
            ],
            [
              113.2363991,
              23.1100454
            ],
            [
              113.2361482,
              23.1100582
            ],
            [
              113.2361655,
              23.1103459
            ]
          ]
        ]
      },
      "properties": {
        "id": "w942151829",
        "building": "yes"
      }
    },
    {
      "type": "Feature",
      "geometry": {
        "type": "Polygon",
        "coordinates": [
          [
            [
              113.2356763,
              23.1102801
            ],
            [
              113.2353546,
              23.1102801
            ],
            [
              113.2353546,
              23.1101517
            ],
            [
              113.2356763,
              23.1101517
            ],
            [
              113.2356763,
              23.1102801
            ]
          ]
        ]
      },
      "properties": {
        "id": "w942152076",
        "building": "yes"
      }
    },
    {
      "type": "Feature",
      "geometry": {
        "type": "Polygon",
        "coordinates": [
          [
            [
              113.2374438,
              23.110756
            ],
            [
              113.2376343,
              23.110745
            ],
            [
              113.2376114,
              23.1104102
            ],
            [
              113.2374209,
              23.1104212
            ],
            [
              113.2374438,
              23.110756
            ]
          ]
        ]
      },
      "properties": {
        "id": "w942152101",
        "building": "yes"
      }
    },
    {
      "type": "Feature",
      "geometry": {
        "type": "Polygon",
        "coordinates": [
          [
            [
              113.2435351,
              23.1065602
            ],
            [
              113.2438163,
              23.1066762
            ],
            [
              113.243882,
              23.1065414
            ],
            [
              113.2436008,
              23.1064255
            ],
            [
              113.2435351,
              23.1065602
            ]
          ]
        ]
      },
      "properties": {
        "id": "w946720116",
        "building": "office",
        "building:levels": "12"
      }
    },
    {
      "type": "Feature",
      "geometry": {
        "type": "Polygon",
        "coordinates": [
          [
            [
              113.2436825,
              23.1059492
            ],
            [
              113.2441117,
              23.1060973
            ],
            [
              113.2439481,
              23.1065117
            ],
            [
              113.243822,
              23.1064772
            ],
            [
              113.2438946,
              23.1063187
            ],
            [
              113.2437362,
              23.1062724
            ],
            [
              113.2437603,
              23.106233
            ],
            [
              113.2435779,
              23.1061713
            ],
            [
              113.2436825,
              23.1059492
            ]
          ]
        ]
      },
      "properties": {
        "id": "w946720117",
        "building": "residential",
        "building:levels": "5"
      }
    },
    {
      "type": "Feature",
      "geometry": {
        "type": "Polygon",
        "coordinates": [
          [
            [
              113.2449483,
              23.1068278
            ],
            [
              113.2447223,
              23.106764
            ],
            [
              113.2449482,
              23.1060871
            ],
            [
              113.2451835,
              23.1061544
            ],
            [
              113.2451487,
              23.1062585
            ],
            [
              113.2450176,
              23.1062206
            ],
            [
              113.2450089,
              23.1062468
            ],
            [
              113.2451444,
              23.106285
            ],
            [
              113.2451112,
              23.1063846
            ],
            [
              113.2449532,
              23.10634
            ],
            [
              113.2449302,
              23.1064089
            ],
            [
              113.2450698,
              23.1064483
            ],
            [
              113.2450507,
              23.1065055
            ],
            [
              113.2448891,
              23.1064599
            ],
            [
              113.2448582,
              23.1065525
            ],
            [
              113.2450284,
              23.1066005
            ],
            [
              113.2450068,
              23.1066652
            ],
            [
              113.2448432,
              23.106619
            ],
            [
              113.2448226,
              23.1066807
            ],
            [
              113.2449824,
              23.1067258
            ],
            [
              113.2449483,
              23.1068278
            ]
          ]
        ]
      },
      "properties": {
        "id": "w946728429",
        "building": "commercial",
        "building:levels": "12",
        "name": "海鸣坊"
      }
    },
    {
      "type": "Feature",
      "geometry": {
        "type": "Polygon",
        "coordinates": [
          [
            [
              113.2376114,
              23.1094699
            ],
            [
              113.2376927,
              23.1094685
            ],
            [
              113.2376903,
              23.1093526
            ],
            [
              113.237609,
              23.109354
            ],
            [
              113.2376114,
              23.1094699
            ]
          ]
        ]
      },
      "properties": {
        "id": "w956516986",
        "building": "yes"
      }
    },
    {
      "type": "Feature",
      "geometry": {
        "type": "Polygon",
        "coordinates": [
          [
            [
              113.2372078,
              23.1096684
            ],
            [
              113.2373366,
              23.109666
            ],
            [
              113.2373312,
              23.1095401
            ],
            [
              113.2372802,
              23.1094933
            ],
            [
              113.2371032,
              23.1094957
            ],
            [
              113.2371166,
              23.1096413
            ],
            [
              113.2372105,
              23.1096388
            ],
            [
              113.2372078,
              23.1096684
            ]
          ]
        ]
      },
      "properties": {
        "id": "w956516987",
        "building": "yes"
      }
    },
    {
      "type": "Feature",
      "geometry": {
        "type": "Polygon",
        "coordinates": [
          [
            [
              113.237363,
              23.1097302
            ],
            [
              113.2375884,
              23.1097247
            ],
            [
              113.2375836,
              23.1095596
            ],
            [
              113.2373583,
              23.1095651
            ],
            [
              113.237363,
              23.1097302
            ]
          ]
        ]
      },
      "properties": {
        "id": "w956516988",
        "building": "yes"
      }
    },
    {
      "type": "Feature",
      "geometry": {
        "type": "Polygon",
        "coordinates": [
          [
            [
              113.2376062,
              23.1094868
            ],
            [
              113.2378806,
              23.109481
            ],
            [
              113.237885,
              23.1096546
            ],
            [
              113.2376105,
              23.1096605
            ],
            [
              113.2376062,
              23.1094868
            ]
          ]
        ]
      },
      "properties": {
        "id": "w956516989",
        "building": "yes",
        "building:colour": "#F6F0D0",
        "building:levels": "4"
      }
    },
    {
      "type": "Feature",
      "geometry": {
        "type": "Polygon",
        "coordinates": [
          [
            [
              113.2373164,
              23.1095243
            ],
            [
              113.2373069,
              23.1093506
            ],
            [
              113.2375725,
              23.1093383
            ],
            [
              113.237582,
              23.1095121
            ],
            [
              113.2373164,
              23.1095243
            ]
          ]
        ]
      },
      "properties": {
        "id": "w956516990",
        "building": "yes"
      }
    },
    {
      "type": "Feature",
      "geometry": {
        "type": "Polygon",
        "coordinates": [
          [
            [
              113.237306,
              23.1092107
            ],
            [
              113.2375609,
              23.1092038
            ],
            [
              113.2375551,
              23.1090239
            ],
            [
              113.2373002,
              23.1090309
            ],
            [
              113.237306,
              23.1092107
            ]
          ]
        ]
      },
      "properties": {
        "id": "w956516991",
        "building": "yes"
      }
    },
    {
      "type": "Feature",
      "geometry": {
        "type": "Polygon",
        "coordinates": [
          [
            [
              113.2351097,
              23.1105837
            ],
            [
              113.2352408,
              23.110579
            ],
            [
              113.235245,
              23.1106793
            ],
            [
              113.2352781,
              23.1106781
            ],
            [
              113.2352818,
              23.1107679
            ],
            [
              113.2352511,
              23.110769
            ],
            [
              113.2352498,
              23.1107384
            ],
            [
              113.2351848,
              23.1107407
            ],
            [
              113.2351829,
              23.1106958
            ],
            [
              113.2351145,
              23.1106982
            ],
            [
              113.2351097,
              23.1105837
            ]
          ]
        ]
      },
      "properties": {
        "id": "w956517222",
        "addr:street": "沙面北街",
        "building": "yes",
        "building:colour": "lightblue",
        "building:levels": "2"
      }
    },
    {
      "type": "Feature",
      "geometry": {
        "type": "Polygon",
        "coordinates": [
          [
            [
              113.2356667,
              23.110636
            ],
            [
              113.2358588,
              23.110625
            ],
            [
              113.235852,
              23.1105255
            ],
            [
              113.23566,
              23.1105365
            ],
            [
              113.2356667,
              23.110636
            ]
          ]
        ]
      },
      "properties": {
        "id": "w956517223",
        "building": "yes",
        "office": "government"
      }
    },
    {
      "type": "Feature",
      "geometry": {
        "type": "Polygon",
        "coordinates": [
          [
            [
              113.2355995,
              23.1107081
            ],
            [
              113.2358556,
              23.110705
            ],
            [
              113.2358577,
              23.1108468
            ],
            [
              113.2356015,
              23.1108498
            ],
            [
              113.2355995,
              23.1107081
            ]
          ]
        ]
      },
      "properties": {
        "id": "w956517224",
        "building": "yes",
        "office": "government"
      }
    },
    {
      "type": "Feature",
      "geometry": {
        "type": "Polygon",
        "coordinates": [
          [
            [
              113.2353964,
              23.1104622
            ],
            [
              113.2356707,
              23.1104502
            ],
            [
              113.235665,
              23.1103401
            ],
            [
              113.2353907,
              23.1103521
            ],
            [
              113.2353964,
              23.1104622
            ]
          ]
        ]
      },
      "properties": {
        "id": "w956517225",
        "building": "yes",
        "office": "government"
      }
    },
    {
      "type": "Feature",
      "geometry": {
        "type": "Polygon",
        "coordinates": [
          [
            [
              113.2350994,
              23.1104115
            ],
            [
              113.2350046,
              23.1104172
            ],
            [
              113.2350069,
              23.1104487
            ],
            [
              113.2349722,
              23.1104508
            ],
            [
              113.2349877,
              23.1106693
            ],
            [
              113.2350771,
              23.1106639
            ],
            [
              113.2350653,
              23.1104976
            ],
            [
              113.2351054,
              23.1104952
            ],
            [
              113.2350994,
              23.1104115
            ]
          ]
        ]
      },
      "properties": {
        "id": "w956517226",
        "building": "yes"
      }
    },
    {
      "type": "Feature",
      "geometry": {
        "type": "Polygon",
        "coordinates": [
          [
            [
              113.2354664,
              23.1106039
            ],
            [
              113.2354664,
              23.1105017
            ],
            [
              113.2356125,
              23.1105017
            ],
            [
              113.2356125,
              23.1106039
            ],
            [
              113.2354664,
              23.1106039
            ]
          ]
        ]
      },
      "properties": {
        "id": "w956517227",
        "building": "yes",
        "office": "government"
      }
    },
    {
      "type": "Feature",
      "geometry": {
        "type": "Polygon",
        "coordinates": [
          [
            [
              113.2363521,
              23.108843
            ],
            [
              113.2356951,
              23.1090379
            ],
            [
              113.2358211,
              23.1094425
            ],
            [
              113.2364595,
              23.1091687
            ],
            [
              113.2364488,
              23.1091317
            ],
            [
              113.2368779,
              23.1089837
            ],
            [
              113.2368861,
              23.1089405
            ],
            [
              113.236771,
              23.1089541
            ],
            [
              113.2367399,
              23.1088755
            ],
            [
              113.2366586,
              23.1089003
            ],
            [
              113.2365909,
              23.1089195
            ],
            [
              113.2365587,
              23.1088381
            ],
            [
              113.2363683,
              23.1088949
            ],
            [
              113.2363521,
              23.108843
            ]
          ]
        ]
      },
      "properties": {
        "id": "w982037784",
        "building": "commercial",
        "building:levels": "6"
      }
    },
    {
      "type": "Feature",
      "geometry": {
        "type": "Polygon",
        "coordinates": [
          [
            [
              113.2359062,
              23.1103244
            ],
            [
              113.2361455,
              23.1103146
            ],
            [
              113.2361334,
              23.110063
            ],
            [
              113.2358941,
              23.1100728
            ],
            [
              113.2359062,
              23.1103244
            ]
          ]
        ]
      },
      "properties": {
        "id": "w982037996",
        "building": "yes",
        "building:levels": "3",
        "building:material": "brick",
        "description:en": "former USSR consulate, 1916",
        "description:ru": "бывшее консульство СССР, 1916"
      }
    },
    {
      "type": "Feature",
      "geometry": {
        "type": "Polygon",
        "coordinates": [
          [
            [
              113.2349266,
              23.1098826
            ],
            [
              113.2350221,
              23.1098471
            ],
            [
              113.2348582,
              23.1094749
            ],
            [
              113.2347628,
              23.1095104
            ],
            [
              113.2349266,
              23.1098826
            ]
          ]
        ]
      },
      "properties": {
        "id": "w982037997",
        "amenity": "parking",
        "building": "yes",
        "parking": "multi-storey"
      }
    },
    {
      "type": "Feature",
      "geometry": {
        "type": "Polygon",
        "coordinates": [
          [
            [
              113.2348115,
              23.1099424
            ],
            [
              113.234901,
              23.1099117
            ],
            [
              113.2347548,
              23.1095504
            ],
            [
              113.2346653,
              23.1095811
            ],
            [
              113.2348115,
              23.1099424
            ]
          ]
        ]
      },
      "properties": {
        "id": "w982037998",
        "amenity": "parking",
        "building": "yes",
        "parking": "multi-storey"
      }
    },
    {
      "type": "Feature",
      "geometry": {
        "type": "Polygon",
        "coordinates": [
          [
            [
              113.2351499,
              23.1104699
            ],
            [
              113.2353722,
              23.1104609
            ],
            [
              113.2353686,
              23.1103868
            ],
            [
              113.2351463,
              23.1103959
            ],
            [
              113.2351499,
              23.1104699
            ]
          ]
        ]
      },
      "properties": {
        "id": "w982037999",
        "building": "yes"
      }
    },
    {
      "type": "Feature",
      "geometry": {
        "type": "Polygon",
        "coordinates": [
          [
            [
              113.2351515,
              23.1103818
            ],
            [
              113.23535,
              23.1103687
            ],
            [
              113.2353441,
              23.1102936
            ],
            [
              113.2351456,
              23.1103067
            ],
            [
              113.2351515,
              23.1103818
            ]
          ]
        ]
      },
      "properties": {
        "id": "w982038000",
        "building": "yes"
      }
    },
    {
      "type": "Feature",
      "geometry": {
        "type": "Polygon",
        "coordinates": [
          [
            [
              113.2350313,
              23.1098176
            ],
            [
              113.235123,
              23.1097851
            ],
            [
              113.2351102,
              23.1097547
            ],
            [
              113.235183,
              23.1097288
            ],
            [
              113.2350357,
              23.1093783
            ],
            [
              113.2348713,
              23.1094368
            ],
            [
              113.2350313,
              23.1098176
            ]
          ]
        ]
      },
      "properties": {
        "id": "w982038001",
        "amenity": "parking",
        "building": "yes",
        "parking": "multi-storey"
      }
    },
    {
      "type": "Feature",
      "geometry": {
        "type": "Polygon",
        "coordinates": [
          [
            [
              113.2351905,
              23.1096734
            ],
            [
              113.2353401,
              23.1096207
            ],
            [
              113.2352044,
              23.1092947
            ],
            [
              113.2350548,
              23.1093474
            ],
            [
              113.2351905,
              23.1096734
            ]
          ]
        ]
      },
      "properties": {
        "id": "w982038002",
        "amenity": "parking",
        "building": "yes",
        "parking": "multi-storey"
      }
    },
    {
      "type": "Feature",
      "geometry": {
        "type": "Polygon",
        "coordinates": [
          [
            [
              113.2434939,
              23.1097951
            ],
            [
              113.2434861,
              23.1096504
            ],
            [
              113.2438463,
              23.1096325
            ],
            [
              113.2438517,
              23.1097805
            ],
            [
              113.2434939,
              23.1097951
            ]
          ]
        ]
      },
      "properties": {
        "id": "w982039450",
        "building": "retail",
        "building:levels": "3"
      }
    },
    {
      "type": "Feature",
      "geometry": {
        "type": "Polygon",
        "coordinates": [
          [
            [
              113.2434939,
              23.1097951
            ],
            [
              113.2432727,
              23.1098052
            ],
            [
              113.2432649,
              23.1096605
            ],
            [
              113.2434861,
              23.1096504
            ],
            [
              113.2434939,
              23.1097951
            ]
          ]
        ]
      },
      "properties": {
        "id": "w982039502",
        "building": "retail",
        "building:levels": "2"
      }
    },
    {
      "type": "Feature",
      "geometry": {
        "type": "Polygon",
        "coordinates": [
          [
            [
              113.2428032,
              23.1099874
            ],
            [
              113.2430352,
              23.1099792
            ],
            [
              113.2430321,
              23.1099052
            ],
            [
              113.2428001,
              23.1099134
            ],
            [
              113.2428032,
              23.1099874
            ]
          ]
        ]
      },
      "properties": {
        "id": "w982039991",
        "addr:housenumber": "8",
        "addr:street": "沙面大街",
        "building": "yes",
        "building:colour": "white",
        "building:levels": "3"
      }
    },
    {
      "type": "Feature",
      "geometry": {
        "type": "Polygon",
        "coordinates": [
          [
            [
              113.2407508,
              23.1095828
            ],
            [
              113.2408948,
              23.1095749
            ],
            [
              113.2408992,
              23.109643
            ],
            [
              113.2409986,
              23.1096376
            ],
            [
              113.2409873,
              23.1094623
            ],
            [
              113.2407439,
              23.1094757
            ],
            [
              113.2407508,
              23.1095828
            ]
          ]
        ]
      },
      "properties": {
        "id": "w982042246",
        "building": "residential",
        "building:levels": "4"
      }
    },
    {
      "type": "Feature",
      "geometry": {
        "type": "Polygon",
        "coordinates": [
          [
            [
              113.2407319,
              23.1093815
            ],
            [
              113.2409932,
              23.1093815
            ],
            [
              113.2409932,
              23.1092667
            ],
            [
              113.2407319,
              23.1092668
            ],
            [
              113.2407319,
              23.1093815
            ]
          ]
        ]
      },
      "properties": {
        "id": "w982042347",
        "building": "residential",
        "building:levels": "4"
      }
    },
    {
      "type": "Feature",
      "geometry": {
        "type": "Polygon",
        "coordinates": [
          [
            [
              113.2407242,
              23.1095979
            ],
            [
              113.240692,
              23.1096424
            ],
            [
              113.2405016,
              23.1096522
            ],
            [
              113.2404855,
              23.1092797
            ],
            [
              113.2407135,
              23.1092674
            ],
            [
              113.2407242,
              23.1095979
            ]
          ]
        ]
      },
      "properties": {
        "id": "w982042348",
        "building": "retail",
        "building:colour": "yellow",
        "building:levels": "3"
      }
    },
    {
      "type": "Feature",
      "geometry": {
        "type": "Polygon",
        "coordinates": [
          [
            [
              113.2407957,
              23.1101674
            ],
            [
              113.2408754,
              23.1101656
            ],
            [
              113.2408698,
              23.1099562
            ],
            [
              113.2407901,
              23.109958
            ],
            [
              113.2407957,
              23.1101674
            ]
          ]
        ]
      },
      "properties": {
        "id": "w982371453",
        "addr:housenumber": "32",
        "addr:street": "沙面大街",
        "building": "yes",
        "building:colour": "orange",
        "building:levels": "2"
      }
    },
    {
      "type": "Feature",
      "geometry": {
        "type": "Polygon",
        "coordinates": [
          [
            [
              113.2374552,
              23.1102179
            ],
            [
              113.2375425,
              23.1102166
            ],
            [
              113.2375401,
              23.1100738
            ],
            [
              113.2374251,
              23.1100755
            ],
            [
              113.2374262,
              23.1101411
            ],
            [
              113.237385,
              23.1101416
            ],
            [
              113.2373835,
              23.1100555
            ],
            [
              113.2372023,
              23.110058
            ],
            [
              113.2372073,
              23.1103603
            ],
            [
              113.2372924,
              23.1103591
            ],
            [
              113.2372912,
              23.1102879
            ],
            [
              113.2374284,
              23.1102859
            ],
            [
              113.2374563,
              23.1102855
            ],
            [
              113.2374552,
              23.1102179
            ]
          ]
        ]
      },
      "properties": {
        "id": "w982457851",
        "addr:housenumber": "60",
        "addr:street": "沙面大街",
        "building": "yes",
        "building:colour": "#F6F0D0",
        "building:levels": "1",
        "name": "广州俱乐部旧址"
      }
    },
    {
      "type": "Feature",
      "geometry": {
        "type": "Polygon",
        "coordinates": [
          [
            [
              113.2375586,
              23.1102508
            ],
            [
              113.2376255,
              23.1102497
            ],
            [
              113.2376213,
              23.1100358
            ],
            [
              113.2375545,
              23.1100369
            ],
            [
              113.2375586,
              23.1102508
            ]
          ]
        ]
      },
      "properties": {
        "id": "w982457852",
        "addr:housenumber": "58",
        "addr:street": "沙面大街",
        "building": "yes",
        "building:levels": "2"
      }
    },
    {
      "type": "Feature",
      "geometry": {
        "type": "Polygon",
        "coordinates": [
          [
            [
              113.2416091,
              23.1103436
            ],
            [
              113.2418424,
              23.1103382
            ],
            [
              113.2418403,
              23.1102618
            ],
            [
              113.241607,
              23.1102672
            ],
            [
              113.2416091,
              23.1103436
            ]
          ]
        ]
      },
      "properties": {
        "id": "w982458079",
        "building": "yes"
      }
    },
    {
      "type": "Feature",
      "geometry": {
        "type": "Polygon",
        "coordinates": [
          [
            [
              113.2411106,
              23.1102943
            ],
            [
              113.2412982,
              23.1102872
            ],
            [
              113.2413052,
              23.1104438
            ],
            [
              113.2411176,
              23.110451
            ],
            [
              113.2411106,
              23.1102943
            ]
          ]
        ]
      },
      "properties": {
        "id": "w982458080",
        "building": "yes"
      }
    },
    {
      "type": "Feature",
      "geometry": {
        "type": "Polygon",
        "coordinates": [
          [
            [
              113.2407563,
              23.1106887
            ],
            [
              113.2408925,
              23.1106833
            ],
            [
              113.2408803,
              23.11042
            ],
            [
              113.240781,
              23.1104239
            ],
            [
              113.2407828,
              23.1104643
            ],
            [
              113.2407459,
              23.1104657
            ],
            [
              113.2407563,
              23.1106887
            ]
          ]
        ]
      },
      "properties": {
        "id": "w982458081",
        "building": "yes"
      }
    },
    {
      "type": "Feature",
      "geometry": {
        "type": "Polygon",
        "coordinates": [
          [
            [
              113.2405177,
              23.1103238
            ],
            [
              113.2407804,
              23.1103192
            ],
            [
              113.240781,
              23.1104239
            ],
            [
              113.2407828,
              23.1104643
            ],
            [
              113.2407459,
              23.1104657
            ],
            [
              113.2405207,
              23.1104694
            ],
            [
              113.2405177,
              23.1103238
            ]
          ]
        ]
      },
      "properties": {
        "id": "w982458082",
        "branch": "广州沙面岛上下九步行街店",
        "building": "yes",
        "name": "漫豪思酒店",
        "name:en": "Manhao Hotel",
        "tourism": "hotel"
      }
    },
    {
      "type": "Feature",
      "geometry": {
        "type": "Polygon",
        "coordinates": [
          [
            [
              113.2413045,
              23.1102359
            ],
            [
              113.2414089,
              23.1102298
            ],
            [
              113.241413,
              23.110289
            ],
            [
              113.2413086,
              23.1102951
            ],
            [
              113.2413045,
              23.1102359
            ]
          ]
        ]
      },
      "properties": {
        "id": "w982458083",
        "building": "yes"
      }
    },
    {
      "type": "Feature",
      "geometry": {
        "type": "Polygon",
        "coordinates": [
          [
            [
              113.2415794,
              23.1102633
            ],
            [
              113.2414473,
              23.1102761
            ],
            [
              113.2414399,
              23.1102109
            ],
            [
              113.2415719,
              23.1101981
            ],
            [
              113.2415794,
              23.1102633
            ]
          ]
        ]
      },
      "properties": {
        "id": "w982458084",
        "building": "yes"
      }
    },
    {
      "type": "Feature",
      "geometry": {
        "type": "Polygon",
        "coordinates": [
          [
            [
              113.2405311,
              23.1106569
            ],
            [
              113.2407457,
              23.1106521
            ],
            [
              113.2407415,
              23.1104955
            ],
            [
              113.2405269,
              23.1105003
            ],
            [
              113.2405311,
              23.1106569
            ]
          ]
        ]
      },
      "properties": {
        "id": "w982458085",
        "building": "kindergarten",
        "name": "沙面游泳幼儿园"
      }
    },
    {
      "type": "Feature",
      "geometry": {
        "type": "Polygon",
        "coordinates": [
          [
            [
              113.2412116,
              23.1105542
            ],
            [
              113.2414088,
              23.1105443
            ],
            [
              113.2414035,
              23.1104544
            ],
            [
              113.2412063,
              23.1104643
            ],
            [
              113.2412116,
              23.1105542
            ]
          ]
        ]
      },
      "properties": {
        "id": "w982458086",
        "building": "yes"
      }
    },
    {
      "type": "Feature",
      "geometry": {
        "type": "Polygon",
        "coordinates": [
          [
            [
              113.2413435,
              23.1104104
            ],
            [
              113.2415635,
              23.1104
            ],
            [
              113.2415587,
              23.1103138
            ],
            [
              113.2413387,
              23.1103242
            ],
            [
              113.2413435,
              23.1104104
            ]
          ]
        ]
      },
      "properties": {
        "id": "w982458087",
        "building": "yes"
      }
    },
    {
      "type": "Feature",
      "geometry": {
        "type": "Polygon",
        "coordinates": [
          [
            [
              113.2447047,
              23.1102901
            ],
            [
              113.2450372,
              23.1103102
            ],
            [
              113.2450452,
              23.1101982
            ],
            [
              113.2447127,
              23.1101781
            ],
            [
              113.2447047,
              23.1102901
            ]
          ]
        ]
      },
      "properties": {
        "id": "w1078864695",
        "building": "yes"
      }
    },
    {
      "type": "Feature",
      "geometry": {
        "type": "Polygon",
        "coordinates": [
          [
            [
              113.2395699,
              23.1087491
            ],
            [
              113.2397923,
              23.1087384
            ],
            [
              113.239786,
              23.1086276
            ],
            [
              113.2395637,
              23.1086382
            ],
            [
              113.2395699,
              23.1087491
            ]
          ]
        ]
      },
      "properties": {
        "id": "w1191446835",
        "building": "yes"
      }
    },
    {
      "type": "Feature",
      "geometry": {
        "type": "Polygon",
        "coordinates": [
          [
            [
              113.235236,
              23.1099691
            ],
            [
              113.2355641,
              23.1096733
            ],
            [
              113.235766,
              23.1095362
            ],
            [
              113.2357023,
              23.1094667
            ],
            [
              113.2356678,
              23.1094965
            ],
            [
              113.2356462,
              23.1094687
            ],
            [
              113.2354637,
              23.1095829
            ],
            [
              113.235155,
              23.109847
            ],
            [
              113.2351485,
              23.1098738
            ],
            [
              113.2351593,
              23.1098986
            ],
            [
              113.235236,
              23.1099691
            ]
          ]
        ]
      },
      "properties": {
        "id": "w1191446837",
        "building": "yes"
      }
    },
    {
      "type": "Feature",
      "geometry": {
        "type": "Polygon",
        "coordinates": [
          [
            [
              113.2357966,
              23.1097835
            ],
            [
              113.2359928,
              23.1097802
            ],
            [
              113.2359924,
              23.109759
            ],
            [
              113.2361285,
              23.1097567
            ],
            [
              113.2361256,
              23.1096104
            ],
            [
              113.23599,
              23.1096127
            ],
            [
              113.2359906,
              23.1096425
            ],
            [
              113.2357939,
              23.1096458
            ],
            [
              113.2357966,
              23.1097835
            ]
          ]
        ]
      },
      "properties": {
        "id": "w1191446839",
        "addr:housenumber": "69",
        "addr:street": "沙面大街",
        "building": "yes",
        "building:colour": "#F6F0D0",
        "building:levels": "1",
        "start_date": "1865"
      }
    },
    {
      "type": "Feature",
      "geometry": {
        "type": "Polygon",
        "coordinates": [
          [
            [
              113.2404662,
              23.109243
            ],
            [
              113.2407328,
              23.1092327
            ],
            [
              113.2407276,
              23.1091203
            ],
            [
              113.240461,
              23.1091307
            ],
            [
              113.2404662,
              23.109243
            ]
          ]
        ]
      },
      "properties": {
        "id": "w1311803375",
        "building": "yes"
      }
    },
    {
      "type": "Feature",
      "geometry": {
        "type": "Polygon",
        "coordinates": [
          [
            [
              113.2436259,
              23.1102018
            ],
            [
              113.2436224,
              23.109983
            ],
            [
              113.2437598,
              23.1099812
            ],
            [
              113.2437633,
              23.1101999
            ],
            [
              113.2436259,
              23.1102018
            ]
          ]
        ]
      },
      "properties": {
        "id": "w1311803376",
        "building": "yes",
        "building:colour": "yellow",
        "building:levels": "1",
        "roof:colour": "brown",
        "roof:shape": "hipped"
      }
    },
    {
      "type": "Feature",
      "geometry": {
        "type": "Polygon",
        "coordinates": [
          [
            [
              113.2345716,
              23.1108739
            ],
            [
              113.2345063,
              23.1107332
            ],
            [
              113.2345317,
              23.1107233
            ],
            [
              113.2345627,
              23.1107111
            ],
            [
              113.234628,
              23.1108518
            ],
            [
              113.2345992,
              23.1108631
            ],
            [
              113.2345716,
              23.1108739
            ]
          ]
        ]
      },
      "properties": {
        "id": "w1319844941",
        "building": "yes",
        "building:levels": "1",
        "building:material": "glass",
        "roof:colour": "blue",
        "roof:direction": "NNE",
        "roof:shape": "skillion"
      }
    },
    {
      "type": "Feature",
      "geometry": {
        "type": "Polygon",
        "coordinates": [
          [
            [
              113.2370877,
              23.1093036
            ],
            [
              113.2370721,
              23.1090918
            ],
            [
              113.2372742,
              23.1090793
            ],
            [
              113.2372897,
              23.1092911
            ],
            [
              113.2370877,
              23.1093036
            ]
          ]
        ]
      },
      "properties": {
        "id": "w1494392652",
        "building": "yes"
      }
    },
    {
      "type": "Feature",
      "geometry": {
        "type": "Polygon",
        "coordinates": [
          [
            [
              113.2380591,
              23.1096435
            ],
            [
              113.2380407,
              23.1093816
            ],
            [
              113.2382062,
              23.1093717
            ],
            [
              113.2382247,
              23.1096336
            ],
            [
              113.2380591,
              23.1096435
            ]
          ]
        ]
      },
      "properties": {
        "id": "w1494392653",
        "addr:housenumber": "8",
        "addr:street": "沙面四街",
        "building": "yes",
        "building:colour": "#CABC91",
        "building:levels": "3",
        "roof:shape": "hipped"
      }
    },
    {
      "type": "Feature",
      "geometry": {
        "type": "Polygon",
        "coordinates": [
          [
            [
              113.2398462,
              23.1106775
            ],
            [
              113.2400177,
              23.1106723
            ],
            [
              113.2402,
              23.1106667
            ],
            [
              113.2403702,
              23.1106615
            ],
            [
              113.240363,
              23.1104615
            ],
            [
              113.2403556,
              23.1102585
            ],
            [
              113.2401756,
              23.110264
            ],
            [
              113.2401779,
              23.1103289
            ],
            [
              113.239834,
              23.1103393
            ],
            [
              113.2398389,
              23.1104762
            ],
            [
              113.2398462,
              23.1106775
            ]
          ]
        ]
      },
      "properties": {
        "id": "w1518044190",
        "addr:housenumber": "53",
        "addr:street": "沙面北街",
        "building": "hotel",
        "building:colour": "lightgrey",
        "building:levels": "2",
        "fixme": "整个建筑首两层都应是灰色",
        "internet_access": "wlan",
        "name": "广东胜利宾馆",
        "name:en": "Guangdong Victory Hotel",
        "name:zh-Hant": "廣東勝利賓館",
        "old_name:1888-1895": "Shameen Hotel",
        "old_name:1895-1957": "Victoria Hotel",
        "old_name:zh:1895-1957": "域多厘新酒店",
        "phone": "+86 020 8121 6688",
        "rooms": "206",
        "tourism": "hotel"
      }
    },
    {
      "type": "Feature",
      "geometry": {
        "type": "Polygon",
        "coordinates": [
          [
            [
              113.2409899,
              23.1101671
            ],
            [
              113.2410642,
              23.1101659
            ],
            [
              113.24106,
              23.1099488
            ],
            [
              113.2409423,
              23.1099507
            ],
            [
              113.2409436,
              23.1100177
            ],
            [
              113.2409869,
              23.110017
            ],
            [
              113.2409899,
              23.1101671
            ]
          ]
        ]
      },
      "properties": {
        "id": "w1521332868",
        "addr:housenumber": "32",
        "addr:street": "沙面大街",
        "building": "yes",
        "building:colour": "orange",
        "building:levels": "1"
      }
    },
    {
      "type": "Feature",
      "geometry": {
        "type": "Polygon",
        "coordinates": [
          [
            [
              113.238822,
              23.1095041
            ],
            [
              113.2388789,
              23.1095017
            ],
            [
              113.2388812,
              23.1095359
            ],
            [
              113.2388241,
              23.1095392
            ],
            [
              113.238822,
              23.1095041
            ]
          ]
        ]
      },
      "properties": {
        "id": "w1530552889",
        "building": "yes",
        "building:colour": "#F6F0D0",
        "building:levels": "4",
        "building:min_level": "1"
      }
    },
    {
      "type": "Feature",
      "geometry": {
        "type": "Polygon",
        "coordinates": [
          [
            [
              113.2445848,
              23.1111721
            ],
            [
              113.2444991,
              23.1113706
            ],
            [
              113.24441779852955,
              23.111559057071528
            ],
            [
              113.2441213,
              23.1114516
            ],
            [
              113.2440558,
              23.1116041
            ],
            [
              113.24435195704285,
              23.11171167785075
            ],
            [
              113.2440664,
              23.1123736
            ],
            [
              113.2443404,
              23.1124736
            ],
            [
              113.2446262798649,
              23.1118113245089
            ],
            [
              113.2447311,
              23.1118494
            ],
            [
              113.2447965,
              23.111697
            ],
            [
              113.24469189670897,
              23.111659315105747
            ],
            [
              113.244859,
              23.1112722
            ],
            [
              113.2445848,
              23.1111721
            ]
          ]
        ]
      },
      "properties": {
        "id": "r19655434",
        "building": "train_station",
        "building:levels:underground": "4",
        "layer": "-3;-1",
        "name": "文化公园",
        "name:en": "Cultural Park",
        "name:zh": "文化公园",
        "opening_hours": "05:57-23:47",
        "operator": "广州地铁集团有限公司",
        "ref": "8-14;6-08",
        "start_date": "2019-12-28;2013-12-28",
        "type": "multipolygon",
        "wikidata": "Q11079571",
        "wikimedia_commons": "Category:Cultural Park Station",
        "wikipedia": "zh:文化公园站 (广州)"
      }
    },
    {
      "type": "Feature",
      "geometry": {
        "type": "Polygon",
        "coordinates": [
          [
            [
              113.2372924,
              23.1103591
            ],
            [
              113.2372912,
              23.1102879
            ],
            [
              113.2374284,
              23.1102859
            ],
            [
              113.2374262,
              23.1101411
            ],
            [
              113.237385,
              23.1101416
            ],
            [
              113.2373835,
              23.1100555
            ],
            [
              113.2372023,
              23.110058
            ],
            [
              113.2372073,
              23.1103603
            ],
            [
              113.2372924,
              23.1103591
            ]
          ]
        ]
      },
      "properties": {
        "id": "w352610305",
        "building:colour": "#F6F0D0",
        "building:levels": "2",
        "building:part": "yes"
      }
    },
    {
      "type": "Feature",
      "geometry": {
        "type": "Polygon",
        "coordinates": [
          [
            [
              113.2398462,
              23.1106775
            ],
            [
              113.2400177,
              23.1106723
            ],
            [
              113.2400107,
              23.1104715
            ],
            [
              113.2401929,
              23.1104661
            ],
            [
              113.2402,
              23.1106667
            ],
            [
              113.2403702,
              23.1106615
            ],
            [
              113.240363,
              23.1104615
            ],
            [
              113.2403556,
              23.1102585
            ],
            [
              113.2401756,
              23.110264
            ],
            [
              113.2401779,
              23.1103289
            ],
            [
              113.239834,
              23.1103393
            ],
            [
              113.2398389,
              23.1104762
            ],
            [
              113.2398462,
              23.1106775
            ]
          ]
        ]
      },
      "properties": {
        "id": "w352610331",
        "building:colour": "#fabdbc",
        "building:levels": "8",
        "building:part": "hotel"
      }
    },
    {
      "type": "Feature",
      "geometry": {
        "type": "Polygon",
        "coordinates": [
          [
            [
              113.2370565,
              23.1086976
            ],
            [
              113.2374401,
              23.1086411
            ],
            [
              113.2378212,
              23.1084694
            ],
            [
              113.2377726,
              23.1083071
            ],
            [
              113.237366,
              23.1083753
            ],
            [
              113.2370053,
              23.1085376
            ],
            [
              113.2370565,
              23.1086976
            ]
          ]
        ]
      },
      "properties": {
        "id": "w352610333",
        "building:part": "hotel",
        "height": "90",
        "heritage": "yes",
        "heritage:since": "2016",
        "name": "白天鹅宾馆",
        "name:en": "White Swan Hotel",
        "name:zh": "白天鹅宾馆",
        "start_date": "19830206",
        "wikidata": "Q986382",
        "wikimedia_commons": "Category:White Swan Hotel",
        "wikipedia": "en:White Swan Hotel"
      }
    },
    {
      "type": "Feature",
      "geometry": {
        "type": "Polygon",
        "coordinates": [
          [
            [
              113.2362589,
              23.1095252
            ],
            [
              113.2362576,
              23.1094922
            ],
            [
              113.2362942,
              23.1094909
            ],
            [
              113.2362955,
              23.109524
            ],
            [
              113.2362589,
              23.1095252
            ]
          ]
        ]
      },
      "properties": {
        "id": "w509641363",
        "building:colour": "#CABC91",
        "building:levels": "1",
        "building:part": "church"
      }
    },
    {
      "type": "Feature",
      "geometry": {
        "type": "Polygon",
        "coordinates": [
          [
            [
              113.2400107,
              23.1104715
            ],
            [
              113.2401929,
              23.1104661
            ],
            [
              113.240363,
              23.1104615
            ],
            [
              113.2403556,
              23.1102585
            ],
            [
              113.2401756,
              23.110264
            ],
            [
              113.2401779,
              23.1103289
            ],
            [
              113.239834,
              23.1103393
            ],
            [
              113.2398389,
              23.1104762
            ],
            [
              113.2400107,
              23.1104715
            ]
          ]
        ]
      },
      "properties": {
        "id": "w1518044191",
        "building:colour": "#fabdbc",
        "building:levels": "10",
        "building:part": "hotel"
      }
    },
    {
      "type": "Feature",
      "geometry": {
        "type": "Polygon",
        "coordinates": [
          [
            [
              113.2416485,
              23.1095968
            ],
            [
              113.2418105,
              23.1095922
            ],
            [
              113.2417976,
              23.1092106
            ],
            [
              113.2416356,
              23.1092152
            ],
            [
              113.2416485,
              23.1095968
            ]
          ]
        ]
      },
      "properties": {
        "id": "w1521332867",
        "building:colour": "white",
        "building:levels": "2",
        "building:part": "yes",
        "roof:shape": "gabled"
      }
    },
    {
      "type": "Feature",
      "geometry": {
        "type": "Polygon",
        "coordinates": [
          [
            [
              113.2351829,
              23.1106958
            ],
            [
              113.2352479,
              23.1106935
            ],
            [
              113.2352498,
              23.1107384
            ],
            [
              113.2351848,
              23.1107407
            ],
            [
              113.2351829,
              23.1106958
            ]
          ]
        ]
      },
      "properties": {
        "id": "w1521332869",
        "building:colour": "lightblue",
        "building:levels": "3",
        "building:part": "yes"
      }
    },
    {
      "type": "Feature",
      "geometry": {
        "type": "Polygon",
        "coordinates": [
          [
            [
              113.2423473,
              23.1099418
            ],
            [
              113.2423843,
              23.1099407
            ],
            [
              113.2423831,
              23.1099067
            ],
            [
              113.2423461,
              23.1099078
            ],
            [
              113.2423473,
              23.1099418
            ]
          ]
        ]
      },
      "properties": {
        "id": "w1521332870",
        "building:colour": "white",
        "building:levels": "3",
        "building:part": "yes",
        "roof:colour": "white",
        "roof:shape": "cone"
      }
    },
    {
      "type": "Feature",
      "geometry": {
        "type": "Polygon",
        "coordinates": [
          [
            [
              113.2367616,
              23.1103481
            ],
            [
              113.2369279,
              23.1103438
            ],
            [
              113.2369207,
              23.1101149
            ],
            [
              113.2367544,
              23.1101193
            ],
            [
              113.2367616,
              23.1103481
            ]
          ]
        ]
      },
      "properties": {
        "id": "w1521332871",
        "building:colour": "#F6F0D0",
        "building:levels": "3",
        "building:part": "yes"
      }
    },
    {
      "type": "Feature",
      "geometry": {
        "type": "Polygon",
        "coordinates": [
          [
            [
              113.2362718,
              23.1095202
            ],
            [
              113.2362832,
              23.1095199
            ],
            [
              113.2362906,
              23.1095137
            ],
            [
              113.2362899,
              23.1095021
            ],
            [
              113.2362819,
              23.1094955
            ],
            [
              113.23627,
              23.1094962
            ],
            [
              113.2362636,
              23.1095031
            ],
            [
              113.2362643,
              23.1095141
            ],
            [
              113.2362718,
              23.1095202
            ]
          ]
        ]
      },
      "properties": {
        "id": "w1530552890",
        "building:colour": "#CABC91",
        "building:levels": "3",
        "building:part": "church",
        "roof:shape": "dome"
      }
    },
    {
      "type": "Feature",
      "geometry": {
        "type": "Polygon",
        "coordinates": [
          [
            [
              113.2359906,
              23.1096425
            ],
            [
              113.2359924,
              23.109759
            ],
            [
              113.2361285,
              23.1097567
            ],
            [
              113.2361256,
              23.1096104
            ],
            [
              113.23599,
              23.1096127
            ],
            [
              113.2359906,
              23.1096425
            ]
          ]
        ]
      },
      "properties": {
        "id": "w1530552891",
        "amenity": "restaurant",
        "building:colour": "#F6F0D0",
        "building:levels": "2",
        "building:part": "yes",
        "name": "Seeker"
      }
    }
  ]
}