{"type": "FeatureCollection", "features": [{"type": "Feature", "id": "78e05137-918e-4a49-9dd3-2b841929e39e", "geometry": {"type": "Polygon", "coordinates": [[[113.2349645, 23.1090894], [113.2350228, 23.1090843], [113.2350269, 23.1091247], [113.2349686, 23.1091299], [113.2349645, 23.1090894]]]}, "properties": {"id": "78e05137-918e-4a49-9dd3-2b841929e39e", "names": null, "sources": [{"property": "", "dataset": "doi:10.5281/zenodo.8174931", "license": null, "record_id": null, "update_time": "2024-11-01T00:00:00.000Z", "confidence": null, "between": null, "provider": "zenodo", "resource": "east_asian_buildings", "version": "2024-11-01"}], "level": null, "height": null, "min_height": null, "is_underground": false, "num_floors": null, "num_floors_underground": null, "min_floor": null, "subtype": null, "class": null, "facade_color": null, "facade_material": null, "roof_material": null, "roof_shape": null, "roof_direction": null, "roof_orientation": null, "roof_color": null, "roof_height": null, "has_parts": false, "version": 1, "bbox": {"xmin": 113.2349624633789, "xmax": 113.23503875732422, "ymin": 23.109081268310547, "ymax": 23.109132766723633}}}, {"type": "Feature", "id": "20dad2f5-73f2-4975-a9f2-3304d96a73e4", "geometry": {"type": "Polygon", "coordinates": [[[113.235123, 23.1097851], [113.2350313, 23.1098176], [113.2348713, 23.1094368], [113.2350357, 23.1093783], [113.235183, 23.1097288], [113.2351102, 23.1097547], [113.235123, 23.1097851]]]}, "properties": {"id": "20dad2f5-73f2-4975-a9f2-3304d96a73e4", "names": null, "sources": [{"property": "", "dataset": "OpenStreetMap", "license": "ODbL-1.0", "record_id": "w982038001@2", "update_time": "2023-07-22T16:45:39.000Z", "confidence": null, "between": null, "provider": "osm", "resource": "planet", "version": "2026-09-06T00:00:00.000Z"}], "level": null, "height": null, "min_height": null, "is_underground": false, "num_floors": null, "num_floors_underground": null, "min_floor": null, "subtype": "transportation", "class": "parking", "facade_color": null, "facade_material": null, "roof_material": null, "roof_shape": null, "roof_direction": null, "roof_orientation": null, "roof_color": null, "roof_height": null, "has_parts": false, "version": 1, "bbox": {"xmin": 113.23487091064453, "xmax": 113.23518371582031, "ymin": 23.109375, "ymax": 23.109819412231445}}}, {"type": "Feature", "id": "8afa1482-a45d-44d8-a049-ad1cf6013510", "geometry": {"type": "Polygon", "coordinates": [[[113.234901, 23.1099117], [113.2348115, 23.1099424], [113.2346653, 23.1095811], [113.2347548, 23.1095504], [113.234901, 23.1099117]]]}, "properties": {"id": "8afa1482-a45d-44d8-a049-ad1cf6013510", "names": null, "sources": [{"property": "", "dataset": "OpenStreetMap", "license": "ODbL-1.0", "record_id": "w982037998@2", "update_time": "2023-07-22T16:45:39.000Z", "confidence": null, "between": null, "provider": "osm", "resource": "planet", "version": "2026-09-06T00:00:00.000Z"}], "level": null, "height": null, "min_height": null, "is_underground": false, "num_floors": null, "num_floors_underground": null, "min_floor": null, "subtype": "transportation", "class": "parking", "facade_color": null, "facade_material": null, "roof_material": null, "roof_shape": null, "roof_direction": null, "roof_orientation": null, "roof_color": null, "roof_height": null, "has_parts": false, "version": 1, "bbox": {"xmin": 113.23466491699219, "xmax": 113.23490142822266, "ymin": 23.109548568725586, "ymax": 23.10994529724121}}}, {"type": "Feature", "id": "2c04d1c2-0968-4d2b-ba3d-4bd7c22b4185", "geometry": {"type": "Polygon", "coordinates": [[[113.2350221, 23.1098471], [113.2349266, 23.1098826], [113.2347628, 23.1095104], [113.2348582, 23.1094749], [113.2350221, 23.1098471]]]}, "properties": {"id": "2c04d1c2-0968-4d2b-ba3d-4bd7c22b4185", "names": null, "sources": [{"property": "", "dataset": "OpenStreetMap", "license": "ODbL-1.0", "record_id": "w982037997@2", "update_time": "2023-07-22T16:45:39.000Z", "confidence": null, "between": null, "provider": "osm", "resource": "planet", "version": "2026-09-06T00:00:00.000Z"}], "level": null, "height": null, "min_height": null, "is_underground": false, "num_floors": null, "num_floors_underground": null, "min_floor": null, "subtype": "transportation", "class": "parking", "facade_color": null, "facade_material": null, "roof_material": null, "roof_shape": null, "roof_direction": null, "roof_orientation": null, "roof_color": null, "roof_height": null, "has_parts": false, "version": 1, "bbox": {"xmin": 113.23474884033203, "xmax": 113.23502349853516, "ymin": 23.109474182128906, "ymax": 23.109886169433594}}}, {"type": "Feature", "id": "e8475e9b-b0b1-4f62-948e-f313c3adc210", "geometry": {"type": "Polygon", "coordinates": [[[113.2353401, 23.1096207], [113.2351905, 23.1096734], [113.2350548, 23.1093474], [113.2352044, 23.1092947], [113.2353401, 23.1096207]]]}, "properties": {"id": "e8475e9b-b0b1-4f62-948e-f313c3adc210", "names": null, "sources": [{"property": "", "dataset": "OpenStreetMap", "license": "ODbL-1.0", "record_id": "w982038002@2", "update_time": "2023-07-22T16:45:39.000Z", "confidence": null, "between": null, "provider": "osm", "resource": "planet", "version": "2026-09-06T00:00:00.000Z"}], "level": null, "height": null, "min_height": null, "is_underground": false, "num_floors": null, "num_floors_underground": null, "min_floor": null, "subtype": "transportation", "class": "parking", "facade_color": null, "facade_material": null, "roof_material": null, "roof_shape": null, "roof_direction": null, "roof_orientation": null, "roof_color": null, "roof_height": null, "has_parts": false, "version": 1, "bbox": {"xmin": 113.23505401611328, "xmax": 113.2353515625, "ymin": 23.109291076660156, "ymax": 23.109676361083984}}}, {"type": "Feature", "id": "eac8aaa2-79f1-4f19-b7ad-068eb2c0377a", "geometry": {"type": "Polygon", "coordinates": [[[113.2355641, 23.1096733], [113.235236, 23.1099691], [113.2351593, 23.1098986], [113.2351485, 23.1098738], [113.235155, 23.109847], [113.2354637, 23.1095829], [113.2356462, 23.1094687], [113.2356678, 23.1094965], [113.2357023, 23.1094667], [113.235766, 23.1095362], [113.2355641, 23.1096733]]]}, "properties": {"id": "eac8aaa2-79f1-4f19-b7ad-068eb2c0377a", "names": null, "sources": [{"property": "", "dataset": "OpenStreetMap", "license": "ODbL-1.0", "record_id": "w1191446837@1", "update_time": "2023-07-22T16:45:39.000Z", "confidence": null, "between": null, "provider": "osm", "resource": "planet", "version": "2026-09-06T00:00:00.000Z"}], "level": null, "height": null, "min_height": null, "is_underground": false, "num_floors": null, "num_floors_underground": null, "min_floor": null, "subtype": null, "class": null, "facade_color": null, "facade_material": null, "roof_material": null, "roof_shape": null, "roof_direction": null, "roof_orientation": null, "roof_color": null, "roof_height": null, "has_parts": false, "version": 1, "bbox": {"xmin": 113.23514556884766, "xmax": 113.23577880859375, "ymin": 23.109466552734375, "ymax": 23.10997200012207}}}, {"type": "Feature", "id": "8fc2d7b7-a1c8-45c1-90e2-d4625d6d9381", "geometry": {"type": "Polygon", "coordinates": [[[113.2359928, 23.1097802], [113.2357966, 23.1097835], [113.2357939, 23.1096458], [113.2359906, 23.1096425], [113.23599, 23.1096127], [113.2361256, 23.1096104], [113.2361285, 23.1097567], [113.2359924, 23.109759], [113.2359928, 23.1097802]]]}, "properties": {"id": "8fc2d7b7-a1c8-45c1-90e2-d4625d6d9381", "names": null, "sources": [{"property": "", "dataset": "OpenStreetMap", "license": "ODbL-1.0", "record_id": "w1191446839@2", "update_time": "2026-06-18T09:43:47.000Z", "confidence": null, "between": null, "provider": "osm", "resource": "planet", "version": "2026-09-06T00:00:00.000Z"}], "level": null, "height": null, "min_height": null, "is_underground": false, "num_floors": 1, "num_floors_underground": null, "min_floor": null, "subtype": null, "class": null, "facade_color": "#F6F0D0", "facade_material": null, "roof_material": null, "roof_shape": null, "roof_direction": null, "roof_orientation": null, "roof_color": null, "roof_height": null, "has_parts": true, "version": 2, "bbox": {"xmin": 113.23577880859375, "xmax": 113.23612976074219, "ymin": 23.109609603881836, "ymax": 23.109786987304688}}}, {"type": "Feature", "id": "0fc8432a-ebd3-4350-ac51-1a5c7687fefe", "geometry": {"type": "Polygon", "coordinates": [[[113.2353859, 23.1089647], [113.235544, 23.108921], [113.2356377, 23.1092074], [113.2357016, 23.1091897], [113.2357449, 23.1093221], [113.235718, 23.1093295], [113.2357291, 23.1093636], [113.2355339, 23.1094176], [113.2353859, 23.1089647]]]}, "properties": {"id": "0fc8432a-ebd3-4350-ac51-1a5c7687fefe", "names": {"primary": "原美国领事馆大楼", "common": [["zh", "原美国领事馆大楼"]], "rules": null}, "sources": [{"property": "", "dataset": "OpenStreetMap", "license": "ODbL-1.0", "record_id": "w338885560@3", "update_time": "2018-08-03T06:41:48.000Z", "confidence": null, "between": null, "provider": "osm", "resource": "planet", "version": "2026-09-06T00:00:00.000Z"}], "level": null, "height": null, "min_height": null, "is_underground": false, "num_floors": null, "num_floors_underground": null, "min_floor": null, "subtype": null, "class": null, "facade_color": null, "facade_material": null, "roof_material": null, "roof_shape": null, "roof_direction": null, "roof_orientation": null, "roof_color": null, "roof_height": null, "has_parts": false, "version": 1, "bbox": {"xmin": 113.2353744506836, "xmax": 113.23574829101562, "ymin": 23.108919143676758, "ymax": 23.109420776367188}}}, {"type": "Feature", "id": "ca9a1811-e768-45e0-a47c-87f818f82305", "geometry": {"type": "Polygon", "coordinates": [[[113.2356951, 23.1090379], [113.2363521, 23.108843], [113.2363683, 23.1088949], [113.2365587, 23.1088381], [113.2365909, 23.1089195], [113.2366586, 23.1089003], [113.2367399, 23.1088755], [113.236771, 23.1089541], [113.2368861, 23.1089405], [113.2368779, 23.1089837], [113.2364488, 23.1091317], [113.2364595, 23.1091687], [113.2358211, 23.1094425], [113.2356951, 23.1090379]]]}, "properties": {"id": "ca9a1811-e768-45e0-a47c-87f818f82305", "names": null, "sources": [{"property": "", "dataset": "OpenStreetMap", "license": "ODbL-1.0", "record_id": "w982037784@1", "update_time": "2021-09-11T17:16:51.000Z", "confidence": null, "between": null, "provider": "osm", "resource": "planet", "version": "2026-09-06T00:00:00.000Z"}], "level": null, "height": null, "min_height": null, "is_underground": false, "num_floors": 6, "num_floors_underground": null, "min_floor": null, "subtype": "commercial", "class": "commercial", "facade_color": null, "facade_material": null, "roof_material": null, "roof_shape": null, "roof_direction": null, "roof_orientation": null, "roof_color": null, "roof_height": null, "has_parts": false, "version": 1, "bbox": {"xmin": 113.2356948852539, "xmax": 113.23690032958984, "ymin": 23.108835220336914, "ymax": 23.109445571899414}}}, {"type": "Feature", "id": "ead434b3-b39c-41f1-825b-2bafa44aa084", "geometry": {"type": "Polygon", "coordinates": [[[113.2363474, 23.1097331], [113.2362204, 23.1097356], [113.2362157, 23.1095263], [113.2362589, 23.1095252], [113.2362576, 23.1094922], [113.2362942, 23.1094909], [113.2362955, 23.109524], [113.2363427, 23.1095239], [113.2363474, 23.1097331]]]}, "properties": {"id": "ead434b3-b39c-41f1-825b-2bafa44aa084", "names": {"primary": "基督教沙面会堂", "common": [["en", "Shamian Christian Church"], ["zh", "基督教沙面堂"]], "rules": null}, "sources": [{"property": "", "dataset": "OpenStreetMap", "license": "ODbL-1.0", "record_id": "w509641361@6", "update_time": "2026-06-18T09:43:47.000Z", "confidence": null, "between": null, "provider": "osm", "resource": "planet", "version": "2026-09-06T00:00:00.000Z"}], "level": null, "height": null, "min_height": null, "is_underground": false, "num_floors": 1, "num_floors_underground": null, "min_floor": null, "subtype": "religious", "class": null, "facade_color": "#CABC91", "facade_material": null, "roof_material": null, "roof_shape": "gabled", "roof_direction": null, "roof_orientation": null, "roof_color": "#778899", "roof_height": null, "has_parts": true, "version": 2, "bbox": {"xmin": 113.23621368408203, "xmax": 113.2363510131836, "ymin": 23.109487533569336, "ymax": 23.109739303588867}}}, {"type": "Feature", "id": "fae485e5-c60c-4712-bafd-77ac35afb15a", "geometry": {"type": "Polygon", "coordinates": [[[113.2370552, 23.1092585], [113.2370643, 23.1096884], [113.2366008, 23.1096967], [113.2365952, 23.1094337], [113.2367731, 23.1092635], [113.2370552, 23.1092585]]]}, "properties": {"id": "fae485e5-c60c-4712-bafd-77ac35afb15a", "names": {"primary": "广州海关", "common": null, "rules": null}, "sources": [{"property": "", "dataset": "OpenStreetMap", "license": "ODbL-1.0", "record_id": "w352610327@6", "update_time": "2026-06-18T09:43:47.000Z", "confidence": null, "between": null, "provider": "osm", "resource": "planet", "version": "2026-09-06T00:00:00.000Z"}], "level": null, "height": null, "min_height": null, "is_underground": false, "num_floors": 8, "num_floors_underground": null, "min_floor": null, "subtype": null, "class": null, "facade_color": null, "facade_material": null, "roof_material": null, "roof_shape": null, "roof_direction": null, "roof_orientation": null, "roof_color": null, "roof_height": null, "has_parts": false, "version": 2, "bbox": {"xmin": 113.2365951538086, "xmax": 113.23707580566406, "ymin": 23.109254837036133, "ymax": 23.109697341918945}}}, {"type": "Feature", "id": "eac52fcd-f176-4c3b-a216-f3806f4bb6d4", "geometry": {"type": "Polygon", "coordinates": [[[113.2370795, 23.1094132], [113.2370896, 23.1093372], [113.2372129, 23.1093513], [113.2372028, 23.1094273], [113.2370795, 23.1094132]]]}, "properties": {"id": "eac52fcd-f176-4c3b-a216-f3806f4bb6d4", "names": null, "sources": [{"property": "", "dataset": "doi:10.5281/zenodo.8174931", "license": null, "record_id": null, "update_time": "2024-11-01T00:00:00.000Z", "confidence": null, "between": null, "provider": "zenodo", "resource": "east_asian_buildings", "version": "2024-11-01"}], "level": null, "height": null, "min_height": null, "is_underground": false, "num_floors": null, "num_floors_underground": null, "min_floor": null, "subtype": null, "class": null, "facade_color": null, "facade_material": null, "roof_material": null, "roof_shape": null, "roof_direction": null, "roof_orientation": null, "roof_color": null, "roof_height": null, "has_parts": false, "version": 1, "bbox": {"xmin": 113.23707580566406, "xmax": 113.23721313476562, "ymin": 23.109336853027344, "ymax": 23.10943031311035}}}, {"type": "Feature", "id": "2d1333b9-9435-49f4-a121-5772ccc12f81", "geometry": {"type": "Polygon", "coordinates": [[[113.2372897, 23.1092911], [113.2370877, 23.1093036], [113.2370721, 23.1090918], [113.2372742, 23.1090793], [113.2372897, 23.1092911]]]}, "properties": {"id": "2d1333b9-9435-49f4-a121-5772ccc12f81", "names": null, "sources": [{"property": "", "dataset": "OpenStreetMap", "license": "ODbL-1.0", "record_id": "w1494392652@1", "update_time": "2026-03-30T18:22:39.000Z", "confidence": null, "between": null, "provider": "osm", "resource": "planet", "version": "2026-09-06T00:00:00.000Z"}], "level": null, "height": null, "min_height": null, "is_underground": false, "num_floors": null, "num_floors_underground": null, "min_floor": null, "subtype": null, "class": null, "facade_color": null, "facade_material": null, "roof_material": null, "roof_shape": null, "roof_direction": null, "roof_orientation": null, "roof_color": null, "roof_height": null, "has_parts": false, "version": 1, "bbox": {"xmin": 113.237060546875, "xmax": 113.2373046875, "ymin": 23.10907745361328, "ymax": 23.109304428100586}}}, {"type": "Feature", "id": "f7d7376a-ba09-4ec9-8d2b-d69082e46f23", "geometry": {"type": "Polygon", "coordinates": [[[113.2363005, 23.1086109], [113.2363286, 23.1086935], [113.2361872, 23.1087357], [113.236134, 23.1087515], [113.2360927, 23.1085992], [113.2361218, 23.1085858], [113.236151, 23.1086283], [113.2361851, 23.1086178], [113.2361941, 23.1086446], [113.2363005, 23.1086109]]]}, "properties": {"id": "f7d7376a-ba09-4ec9-8d2b-d69082e46f23", "names": null, "sources": [{"property": "", "dataset": "doi:10.5281/zenodo.8174931", "license": null, "record_id": null, "update_time": "2024-11-01T00:00:00.000Z", "confidence": null, "between": null, "provider": "zenodo", "resource": "east_asian_buildings", "version": "2024-11-01"}], "level": null, "height": null, "min_height": null, "is_underground": false, "num_floors": null, "num_floors_underground": null, "min_floor": null, "subtype": null, "class": null, "facade_color": null, "facade_material": null, "roof_material": null, "roof_shape": null, "roof_direction": null, "roof_orientation": null, "roof_color": null, "roof_height": null, "has_parts": false, "version": 1, "bbox": {"xmin": 113.23609161376953, "xmax": 113.23634338378906, "ymin": 23.108585357666016, "ymax": 23.108755111694336}}}, {"type": "Feature", "id": "25d1cdd8-d1a8-417c-8d3b-54a86036a9b1", "geometry": {"type": "Polygon", "coordinates": [[[113.236771, 23.1089541], [113.2367399, 23.1088755], [113.2366586, 23.1089003], [113.2365158, 23.1085665], [113.2363981, 23.1085945], [113.2363425, 23.1084393], [113.2368882, 23.1082617], [113.2378047, 23.1079662], [113.2382972, 23.1079086], [113.2386047, 23.1079109], [113.2386921, 23.1084077], [113.2383582, 23.108448], [113.2383593, 23.1084598], [113.2383788, 23.108674], [113.2377309, 23.1086746], [113.2370829, 23.1089174], [113.2368861, 23.1089405], [113.236771, 23.1089541]]]}, "properties": {"id": "25d1cdd8-d1a8-417c-8d3b-54a86036a9b1", "names": null, "sources": [{"property": "", "dataset": "OpenStreetMap", "license": "ODbL-1.0", "record_id": "w791257923@3", "update_time": "2023-07-22T16:45:39.000Z", "confidence": null, "between": null, "provider": "osm", "resource": "planet", "version": "2026-09-06T00:00:00.000Z"}], "level": null, "height": null, "min_height": null, "is_underground": false, "num_floors": 3, "num_floors_underground": null, "min_floor": null, "subtype": "commercial", "class": "commercial", "facade_color": null, "facade_material": null, "roof_material": null, "roof_shape": null, "roof_direction": null, "roof_orientation": null, "roof_color": null, "roof_height": null, "has_parts": true, "version": 1, "bbox": {"xmin": 113.236328125, "xmax": 113.23869323730469, "ymin": 23.107908248901367, "ymax": 23.108957290649414}}}, {"type": "Feature", "id": "02648706-bd1a-4fda-8eb4-2157781822cb", "geometry": {"type": "Polygon", "coordinates": [[[113.2397923, 23.1087384], [113.2395699, 23.1087491], [113.2395637, 23.1086382], [113.239786, 23.1086276], [113.2397923, 23.1087384]]]}, "properties": {"id": "02648706-bd1a-4fda-8eb4-2157781822cb", "names": null, "sources": [{"property": "", "dataset": "OpenStreetMap", "license": "ODbL-1.0", "record_id": "w1191446835@1", "update_time": "2023-07-22T16:45:39.000Z", "confidence": null, "between": null, "provider": "osm", "resource": "planet", "version": "2026-09-06T00:00:00.000Z"}], "level": null, "height": null, "min_height": null, "is_underground": false, "num_floors": null, "num_floors_underground": null, "min_floor": null, "subtype": null, "class": null, "facade_color": null, "facade_material": null, "roof_material": null, "roof_shape": null, "roof_direction": null, "roof_orientation": null, "roof_color": null, "roof_height": null, "has_parts": false, "version": 1, "bbox": {"xmin": 113.23956298828125, "xmax": 113.23980712890625, "ymin": 23.108627319335938, "ymax": 23.108749389648438}}}, {"type": "Feature", "id": "24ee457f-1131-4b3e-a3d4-f36b024407a8", "geometry": {"type": "Polygon", "coordinates": [[[113.2386876, 23.1093032], [113.2384543, 23.1093081], [113.2384449, 23.1089281], [113.2387521, 23.1089217], [113.2387596, 23.1092308], [113.2386858, 23.1092323], [113.2386876, 23.1093032]]]}, "properties": {"id": "24ee457f-1131-4b3e-a3d4-f36b024407a8", "names": null, "sources": [{"property": "", "dataset": "OpenStreetMap", "license": "ODbL-1.0", "record_id": "w942148230@2", "update_time": "2023-07-22T16:45:39.000Z", "confidence": null, "between": null, "provider": "osm", "resource": "planet", "version": "2026-09-06T00:00:00.000Z"}], "level": null, "height": null, "min_height": null, "is_underground": false, "num_floors": 4, "num_floors_underground": null, "min_floor": null, "subtype": "commercial", "class": "commercial", "facade_color": null, "facade_material": null, "roof_material": null, "roof_shape": null, "roof_direction": null, "roof_orientation": null, "roof_color": null, "roof_height": null, "has_parts": false, "version": 1, "bbox": {"xmin": 113.23844146728516, "xmax": 113.23876190185547, "ymin": 23.10892105102539, "ymax": 23.10930824279785}}}, {"type": "Feature", "id": "1047a55d-91eb-4cb8-8799-2f8c64974593", "geometry": {"type": "Polygon", "coordinates": [[[113.2390148, 23.1089202], [113.2390208, 23.1092354], [113.2387795, 23.1092394], [113.2387734, 23.1089242], [113.2390148, 23.1089202]]]}, "properties": {"id": "1047a55d-91eb-4cb8-8799-2f8c64974593", "names": null, "sources": [{"property": "", "dataset": "OpenStreetMap", "license": "ODbL-1.0", "record_id": "w352610268@4", "update_time": "2023-07-22T16:45:39.000Z", "confidence": null, "between": null, "provider": "osm", "resource": "planet", "version": "2026-09-06T00:00:00.000Z"}], "level": null, "height": null, "min_height": null, "is_underground": false, "num_floors": 5, "num_floors_underground": null, "min_floor": null, "subtype": null, "class": null, "facade_color": null, "facade_material": null, "roof_material": null, "roof_shape": null, "roof_direction": null, "roof_orientation": null, "roof_color": null, "roof_height": null, "has_parts": false, "version": 1, "bbox": {"xmin": 113.23876190185547, "xmax": 113.23902130126953, "ymin": 23.108917236328125, "ymax": 23.10923957824707}}}, {"type": "Feature", "id": "e8aded3c-09c7-404d-8059-1b368d44d35d", "geometry": {"type": "Polygon", "coordinates": [[[113.2393328, 23.108885], [113.2393445, 23.1091538], [113.2390887, 23.1091632], [113.239077, 23.1088944], [113.2393328, 23.108885]]]}, "properties": {"id": "e8aded3c-09c7-404d-8059-1b368d44d35d", "names": null, "sources": [{"property": "", "dataset": "OpenStreetMap", "license": "ODbL-1.0", "record_id": "w352610296@2", "update_time": "2021-05-12T10:07:06.000Z", "confidence": null, "between": null, "provider": "osm", "resource": "planet", "version": "2026-09-06T00:00:00.000Z"}], "level": null, "height": null, "min_height": null, "is_underground": false, "num_floors": 5, "num_floors_underground": null, "min_floor": null, "subtype": "commercial", "class": "commercial", "facade_color": null, "facade_material": null, "roof_material": null, "roof_shape": null, "roof_direction": null, "roof_orientation": null, "roof_color": null, "roof_height": null, "has_parts": false, "version": 1, "bbox": {"xmin": 113.23907470703125, "xmax": 113.2393569946289, "ymin": 23.108884811401367, "ymax": 23.109163284301758}}}, {"type": "Feature", "id": "c41a6398-e8b2-4167-9ff0-97865c9de276", "geometry": {"type": "Polygon", "coordinates": [[[113.2396974, 23.1092244], [113.2394928, 23.1092338], [113.2394771, 23.1089448], [113.2396817, 23.1089354], [113.2396974, 23.1092244]]]}, "properties": {"id": "c41a6398-e8b2-4167-9ff0-97865c9de276", "names": null, "sources": [{"property": "", "dataset": "OpenStreetMap", "license": "ODbL-1.0", "record_id": "w352610263@1", "update_time": "2015-06-09T14:58:40.000Z", "confidence": null, "between": null, "provider": "osm", "resource": "planet", "version": "2026-09-06T00:00:00.000Z"}], "level": null, "height": null, "min_height": null, "is_underground": false, "num_floors": null, "num_floors_underground": null, "min_floor": null, "subtype": null, "class": null, "facade_color": null, "facade_material": null, "roof_material": null, "roof_shape": null, "roof_direction": null, "roof_orientation": null, "roof_color": null, "roof_height": null, "has_parts": false, "version": 1, "bbox": {"xmin": 113.23946380615234, "xmax": 113.23970031738281, "ymin": 23.108932495117188, "ymax": 23.109233856201172}}}, {"type": "Feature", "id": "43d9cf75-cff0-4a02-980f-4b9b080fbc97", "geometry": {"type": "Polygon", "coordinates": [[[113.2391292, 23.1094004], [113.2391252, 23.1092664], [113.2393529, 23.1092606], [113.2393569, 23.1093946], [113.2391292, 23.1094004]]]}, "properties": {"id": "43d9cf75-cff0-4a02-980f-4b9b080fbc97", "names": null, "sources": [{"property": "", "dataset": "doi:10.5281/zenodo.8174931", "license": null, "record_id": null, "update_time": "2024-11-01T00:00:00.000Z", "confidence": null, "between": null, "provider": "zenodo", "resource": "east_asian_buildings", "version": "2024-11-01"}], "level": null, "height": null, "min_height": null, "is_underground": false, "num_floors": null, "num_floors_underground": null, "min_floor": null, "subtype": null, "class": null, "facade_color": null, "facade_material": null, "roof_material": null, "roof_shape": null, "roof_direction": null, "roof_orientation": null, "roof_color": null, "roof_height": null, "has_parts": false, "version": 1, "bbox": {"xmin": 113.2391128540039, "xmax": 113.2393569946289, "ymin": 23.10926055908203, "ymax": 23.109403610229492}}}, {"type": "Feature", "id": "1e02e440-6362-4008-b351-375891ddf82d", "geometry": {"type": "Polygon", "coordinates": [[[113.2391616, 23.1096363], [113.239159, 23.1094245], [113.2393892, 23.1094222], [113.2393952, 23.1096036], [113.2393603, 23.1096322], [113.2391616, 23.1096363]]]}, "properties": {"id": "1e02e440-6362-4008-b351-375891ddf82d", "names": {"primary": "渣打银行旧址", "common": null, "rules": null}, "sources": [{"property": "", "dataset": "OpenStreetMap", "license": "ODbL-1.0", "record_id": "w352610265@3", "update_time": "2026-05-25T11:59:41.000Z", "confidence": null, "between": null, "provider": "osm", "resource": "planet", "version": "2026-09-06T00:00:00.000Z"}], "level": null, "height": null, "min_height": null, "is_underground": false, "num_floors": 3, "num_floors_underground": null, "min_floor": null, "subtype": null, "class": null, "facade_color": null, "facade_material": null, "roof_material": null, "roof_shape": null, "roof_direction": null, "roof_orientation": null, "roof_color": null, "roof_height": null, "has_parts": false, "version": 2, "bbox": {"xmin": 113.2391586303711, "xmax": 113.23941040039062, "ymin": 23.109418869018555, "ymax": 23.109636306762695}}}, {"type": "Feature", "id": "31563385-60f8-407a-90f8-34ee241b12e2", "geometry": {"type": "Polygon", "coordinates": [[[113.2390328, 23.1093068], [113.2390554, 23.1096455], [113.2388892, 23.1096549], [113.2388812, 23.1095359], [113.2388789, 23.1095017], [113.2388665, 23.1093162], [113.2390328, 23.1093068]]]}, "properties": {"id": "31563385-60f8-407a-90f8-34ee241b12e2", "names": null, "sources": [{"property": "", "dataset": "OpenStreetMap", "license": "ODbL-1.0", "record_id": "w352610286@2", "update_time": "2026-06-18T09:43:47.000Z", "confidence": null, "between": null, "provider": "osm", "resource": "planet", "version": "2026-09-06T00:00:00.000Z"}], "level": null, "height": null, "min_height": null, "is_underground": false, "num_floors": 4, "num_floors_underground": null, "min_floor": null, "subtype": null, "class": null, "facade_color": "#F6F0D0", "facade_material": null, "roof_material": null, "roof_shape": null, "roof_direction": null, "roof_orientation": null, "roof_color": null, "roof_height": null, "has_parts": false, "version": 2, "bbox": {"xmin": 113.23885345458984, "xmax": 113.23906707763672, "ymin": 23.10930633544922, "ymax": 23.109655380249023}}}, {"type": "Feature", "id": "bc4e6c82-a3dc-4da8-a550-3ff146e096fb", "geometry": {"type": "Polygon", "coordinates": [[[113.2388241, 23.1095392], [113.238822, 23.1095041], [113.2388789, 23.1095017], [113.2388812, 23.1095359], [113.2388241, 23.1095392]]]}, "properties": {"id": "bc4e6c82-a3dc-4da8-a550-3ff146e096fb", "names": null, "sources": [{"property": "", "dataset": "OpenStreetMap", "license": "ODbL-1.0", "record_id": "w1530552889@1", "update_time": "2026-06-18T09:43:47.000Z", "confidence": null, "between": null, "provider": "osm", "resource": "planet", "version": "2026-09-06T00:00:00.000Z"}], "level": null, "height": null, "min_height": null, "is_underground": false, "num_floors": 4, "num_floors_underground": null, "min_floor": 1, "subtype": null, "class": null, "facade_color": "#F6F0D0", "facade_material": null, "roof_material": null, "roof_shape": null, "roof_direction": null, "roof_orientation": null, "roof_color": null, "roof_height": null, "has_parts": false, "version": 1, "bbox": {"xmin": 113.23880767822266, "xmax": 113.23888397216797, "ymin": 23.109500885009766, "ymax": 23.109542846679688}}}, {"type": "Feature", "id": "17d9bd2e-6c4a-4256-89e3-152cef0a190b", "geometry": {"type": "Polygon", "coordinates": [[[113.2382615, 23.109532], [113.238457, 23.1095223], [113.2384497, 23.1093987], [113.2388148, 23.1093805], [113.238822, 23.1095041], [113.2388241, 23.1095392], [113.2388305, 23.1096483], [113.23827, 23.1096762], [113.2382615, 23.109532]]]}, "properties": {"id": "17d9bd2e-6c4a-4256-89e3-152cef0a190b", "names": null, "sources": [{"property": "", "dataset": "OpenStreetMap", "license": "ODbL-1.0", "record_id": "w352610329@2", "update_time": "2026-06-18T09:43:47.000Z", "confidence": null, "between": null, "provider": "osm", "resource": "planet", "version": "2026-09-06T00:00:00.000Z"}], "level": null, "height": null, "min_height": null, "is_underground": false, "num_floors": 4, "num_floors_underground": null, "min_floor": null, "subtype": null, "class": null, "facade_color": "#F6F0D0", "facade_material": null, "roof_material": null, "roof_shape": null, "roof_direction": null, "roof_orientation": null, "roof_color": null, "roof_height": null, "has_parts": false, "version": 2, "bbox": {"xmin": 113.2382583618164, "xmax": 113.23883056640625, "ymin": 23.109376907348633, "ymax": 23.109676361083984}}}, {"type": "Feature", "id": "82accf66-6716-4e63-904c-4770280a3e00", "geometry": {"type": "Polygon", "coordinates": [[[113.2382247, 23.1096336], [113.2380591, 23.1096435], [113.2380407, 23.1093816], [113.2382062, 23.1093717], [113.2382247, 23.1096336]]]}, "properties": {"id": "82accf66-6716-4e63-904c-4770280a3e00", "names": null, "sources": [{"property": "", "dataset": "OpenStreetMap", "license": "ODbL-1.0", "record_id": "w1494392653@2", "update_time": "2026-06-18T09:43:47.000Z", "confidence": null, "between": null, "provider": "osm", "resource": "planet", "version": "2026-09-06T00:00:00.000Z"}], "level": null, "height": null, "min_height": null, "is_underground": false, "num_floors": 3, "num_floors_underground": null, "min_floor": null, "subtype": null, "class": null, "facade_color": "#CABC91", "facade_material": null, "roof_material": null, "roof_shape": "hipped", "roof_direction": null, "roof_orientation": null, "roof_color": null, "roof_height": null, "has_parts": false, "version": 3, "bbox": {"xmin": 113.238037109375, "xmax": 113.23822784423828, "ymin": 23.109371185302734, "ymax": 23.109643936157227}}}, {"type": "Feature", "id": "c296e1b3-d678-4bc5-ae74-480aadb78497", "geometry": {"type": "Polygon", "coordinates": [[[113.2383881, 23.1092615], [113.2380269, 23.1092686], [113.2380238, 23.1091352], [113.2381063, 23.1091335], [113.2383851, 23.1091281], [113.2383881, 23.1092615]]]}, "properties": {"id": "c296e1b3-d678-4bc5-ae74-480aadb78497", "names": null, "sources": [{"property": "", "dataset": "OpenStreetMap", "license": "ODbL-1.0", "record_id": "w942148037@1", "update_time": "2021-05-12T10:04:54.000Z", "confidence": null, "between": null, "provider": "osm", "resource": "planet", "version": "2026-09-06T00:00:00.000Z"}], "level": null, "height": null, "min_height": null, "is_underground": false, "num_floors": 7, "num_floors_underground": null, "min_floor": null, "subtype": "residential", "class": "apartments", "facade_color": null, "facade_material": null, "roof_material": null, "roof_shape": null, "roof_direction": null, "roof_orientation": null, "roof_color": null, "roof_height": null, "has_parts": false, "version": 1, "bbox": {"xmin": 113.23802185058594, "xmax": 113.2384033203125, "ymin": 23.1091251373291, "ymax": 23.109272003173828}}}, {"type": "Feature", "id": "6de6f9f6-0737-4768-9463-b4424143bad3", "geometry": {"type": "Polygon", "coordinates": [[[113.2381144, 23.1090748], [113.2380283, 23.1090769], [113.2380241, 23.1089313], [113.2384249, 23.1089216], [113.2384291, 23.1090671], [113.2381144, 23.1090748]]]}, "properties": {"id": "6de6f9f6-0737-4768-9463-b4424143bad3", "names": null, "sources": [{"property": "", "dataset": "OpenStreetMap", "license": "ODbL-1.0", "record_id": "w942147730@2", "update_time": "2021-05-12T10:04:54.000Z", "confidence": null, "between": null, "provider": "osm", "resource": "planet", "version": "2026-09-06T00:00:00.000Z"}], "level": null, "height": null, "min_height": null, "is_underground": false, "num_floors": 5, "num_floors_underground": null, "min_floor": null, "subtype": "commercial", "class": "commercial", "facade_color": null, "facade_material": null, "roof_material": null, "roof_shape": null, "roof_direction": null, "roof_orientation": null, "roof_color": null, "roof_height": null, "has_parts": false, "version": 1, "bbox": {"xmin": 113.23802185058594, "xmax": 113.23844146728516, "ymin": 23.10892105102539, "ymax": 23.10907745361328}}}, {"type": "Feature", "id": "b73d2d92-00ef-4b0c-ab7f-ce8b435985f8", "geometry": {"type": "Polygon", "coordinates": [[[113.2381063, 23.1091335], [113.2380238, 23.1091352], [113.2380283, 23.1090769], [113.2381144, 23.1090748], [113.2381063, 23.1091335]]]}, "properties": {"id": "b73d2d92-00ef-4b0c-ab7f-ce8b435985f8", "names": null, "sources": [{"property": "", "dataset": "OpenStreetMap", "license": "ODbL-1.0", "record_id": "w942148038@1", "update_time": "2021-05-12T10:04:54.000Z", "confidence": null, "between": null, "provider": "osm", "resource": "planet", "version": "2026-09-06T00:00:00.000Z"}], "level": null, "height": null, "min_height": null, "is_underground": false, "num_floors": null, "num_floors_underground": null, "min_floor": null, "subtype": "commercial", "class": "retail", "facade_color": null, "facade_material": null, "roof_material": null, "roof_shape": null, "roof_direction": null, "roof_orientation": null, "roof_color": null, "roof_height": null, "has_parts": false, "version": 1, "bbox": {"xmin": 113.23802185058594, "xmax": 113.23812866210938, "ymin": 23.109071731567383, "ymax": 23.10913848876953}}}, {"type": "Feature", "id": "b1db8226-3090-44ac-8407-a7228afe0a0c", "geometry": {"type": "Polygon", "coordinates": [[[113.2378778, 23.1089966], [113.2378937, 23.1092657], [113.2376584, 23.1092775], [113.2376425, 23.1090084], [113.2378778, 23.1089966]]]}, "properties": {"id": "b1db8226-3090-44ac-8407-a7228afe0a0c", "names": {"primary": "德国领事馆", "common": null, "rules": [{"variant": "alternate", "language": null, "perspectives": null, "value": "德国领事馆", "between": null, "side": null}]}, "sources": [{"property": "", "dataset": "OpenStreetMap", "license": "ODbL-1.0", "record_id": "w352610273@2", "update_time": "2026-05-09T02:31:36.000Z", "confidence": null, "between": null, "provider": "osm", "resource": "planet", "version": "2026-09-06T00:00:00.000Z"}], "level": null, "height": null, "min_height": null, "is_underground": false, "num_floors": null, "num_floors_underground": null, "min_floor": null, "subtype": null, "class": null, "facade_color": null, "facade_material": null, "roof_material": null, "roof_shape": null, "roof_direction": null, "roof_orientation": null, "roof_color": null, "roof_height": null, "has_parts": false, "version": 2, "bbox": {"xmin": 113.23764038085938, "xmax": 113.23790740966797, "ymin": 23.108993530273438, "ymax": 23.109277725219727}}}, {"type": "Feature", "id": "ac75458c-9ca2-47a8-867f-aaaa8cdbc65f", "geometry": {"type": "Polygon", "coordinates": [[[113.2375609, 23.1092038], [113.237306, 23.1092107], [113.2373002, 23.1090309], [113.2375551, 23.1090239], [113.2375609, 23.1092038]]]}, "properties": {"id": "ac75458c-9ca2-47a8-867f-aaaa8cdbc65f", "names": null, "sources": [{"property": "", "dataset": "OpenStreetMap", "license": "ODbL-1.0", "record_id": "w956516991@1", "update_time": "2021-06-21T08:45:53.000Z", "confidence": null, "between": null, "provider": "osm", "resource": "planet", "version": "2026-09-06T00:00:00.000Z"}], "level": null, "height": null, "min_height": null, "is_underground": false, "num_floors": null, "num_floors_underground": null, "min_floor": null, "subtype": null, "class": null, "facade_color": null, "facade_material": null, "roof_material": null, "roof_shape": null, "roof_direction": null, "roof_orientation": null, "roof_color": null, "roof_height": null, "has_parts": false, "version": 1, "bbox": {"xmin": 113.23729705810547, "xmax": 113.23756408691406, "ymin": 23.109020233154297, "ymax": 23.109210968017578}}}, {"type": "Feature", "id": "9197e9d4-c45a-49e6-9195-30ea0260e3f6", "geometry": {"type": "Polygon", "coordinates": [[[113.2373366, 23.109666], [113.2372078, 23.1096684], [113.2372105, 23.1096388], [113.2371166, 23.1096413], [113.2371032, 23.1094957], [113.2372802, 23.1094933], [113.2373312, 23.1095401], [113.2373366, 23.109666]]]}, "properties": {"id": "9197e9d4-c45a-49e6-9195-30ea0260e3f6", "names": null, "sources": [{"property": "", "dataset": "OpenStreetMap", "license": "ODbL-1.0", "record_id": "w956516987@1", "update_time": "2021-06-21T08:45:53.000Z", "confidence": null, "between": null, "provider": "osm", "resource": "planet", "version": "2026-09-06T00:00:00.000Z"}], "level": null, "height": null, "min_height": null, "is_underground": false, "num_floors": null, "num_floors_underground": null, "min_floor": null, "subtype": null, "class": null, "facade_color": null, "facade_material": null, "roof_material": null, "roof_shape": null, "roof_direction": null, "roof_orientation": null, "roof_color": null, "roof_height": null, "has_parts": false, "version": 1, "bbox": {"xmin": 113.23709106445312, "xmax": 113.23735046386719, "ymin": 23.109493255615234, "ymax": 23.109668731689453}}}, {"type": "Feature", "id": "3d48a5df-e6e7-41ab-8576-48f66644128b", "geometry": {"type": "Polygon", "coordinates": [[[113.237582, 23.1095121], [113.2373164, 23.1095243], [113.2373069, 23.1093506], [113.2375725, 23.1093383], [113.237582, 23.1095121]]]}, "properties": {"id": "3d48a5df-e6e7-41ab-8576-48f66644128b", "names": null, "sources": [{"property": "", "dataset": "OpenStreetMap", "license": "ODbL-1.0", "record_id": "w956516990@1", "update_time": "2021-06-21T08:45:53.000Z", "confidence": null, "between": null, "provider": "osm", "resource": "planet", "version": "2026-09-06T00:00:00.000Z"}], "level": null, "height": null, "min_height": null, "is_underground": false, "num_floors": null, "num_floors_underground": null, "min_floor": null, "subtype": null, "class": null, "facade_color": null, "facade_material": null, "roof_material": null, "roof_shape": null, "roof_direction": null, "roof_orientation": null, "roof_color": null, "roof_height": null, "has_parts": false, "version": 1, "bbox": {"xmin": 113.2373046875, "xmax": 113.23759460449219, "ymin": 23.10933494567871, "ymax": 23.109527587890625}}}, {"type": "Feature", "id": "1b5a0658-db6a-4681-8b08-7dfc5ce9d310", "geometry": {"type": "Polygon", "coordinates": [[[113.2376927, 23.1094685], [113.2376114, 23.1094699], [113.237609, 23.109354], [113.2376903, 23.1093526], [113.2376927, 23.1094685]]]}, "properties": {"id": "1b5a0658-db6a-4681-8b08-7dfc5ce9d310", "names": null, "sources": [{"property": "", "dataset": "OpenStreetMap", "license": "ODbL-1.0", "record_id": "w956516986@1", "update_time": "2021-06-21T08:45:53.000Z", "confidence": null, "between": null, "provider": "osm", "resource": "planet", "version": "2026-09-06T00:00:00.000Z"}], "level": null, "height": null, "min_height": null, "is_underground": false, "num_floors": null, "num_floors_underground": null, "min_floor": null, "subtype": null, "class": null, "facade_color": null, "facade_material": null, "roof_material": null, "roof_shape": null, "roof_direction": null, "roof_orientation": null, "roof_color": null, "roof_height": null, "has_parts": false, "version": 1, "bbox": {"xmin": 113.23759460449219, "xmax": 113.2376937866211, "ymin": 23.109352111816406, "ymax": 23.10947036743164}}}, {"type": "Feature", "id": "a1b12292-bc44-46a4-9ff3-ede713bd594f", "geometry": {"type": "Polygon", "coordinates": [[[113.2376105, 23.1096605], [113.2376062, 23.1094868], [113.2378806, 23.109481], [113.237885, 23.1096546], [113.2376105, 23.1096605]]]}, "properties": {"id": "a1b12292-bc44-46a4-9ff3-ede713bd594f", "names": null, "sources": [{"property": "", "dataset": "OpenStreetMap", "license": "ODbL-1.0", "record_id": "w956516989@4", "update_time": "2026-06-18T09:43:47.000Z", "confidence": null, "between": null, "provider": "osm", "resource": "planet", "version": "2026-09-06T00:00:00.000Z"}], "level": null, "height": null, "min_height": null, "is_underground": false, "num_floors": 4, "num_floors_underground": null, "min_floor": null, "subtype": null, "class": null, "facade_color": "#F6F0D0", "facade_material": null, "roof_material": null, "roof_shape": null, "roof_direction": null, "roof_orientation": null, "roof_color": null, "roof_height": null, "has_parts": false, "version": 2, "bbox": {"xmin": 113.23759460449219, "xmax": 113.23789978027344, "ymin": 23.109477996826172, "ymax": 23.109661102294922}}}, {"type": "Feature", "id": "43d2b817-f0c1-4b65-aabd-e91a694cfb17", "geometry": {"type": "Polygon", "coordinates": [[[113.2375884, 23.1097247], [113.237363, 23.1097302], [113.2373583, 23.1095651], [113.2375836, 23.1095596], [113.2375884, 23.1097247]]]}, "properties": {"id": "43d2b817-f0c1-4b65-aabd-e91a694cfb17", "names": null, "sources": [{"property": "", "dataset": "OpenStreetMap", "license": "ODbL-1.0", "record_id": "w956516988@1", "update_time": "2021-06-21T08:45:53.000Z", "confidence": null, "between": null, "provider": "osm", "resource": "planet", "version": "2026-09-06T00:00:00.000Z"}], "level": null, "height": null, "min_height": null, "is_underground": false, "num_floors": null, "num_floors_underground": null, "min_floor": null, "subtype": null, "class": null, "facade_color": null, "facade_material": null, "roof_material": null, "roof_shape": null, "roof_direction": null, "roof_orientation": null, "roof_color": null, "roof_height": null, "has_parts": false, "version": 1, "bbox": {"xmin": 113.23735809326172, "xmax": 113.23760223388672, "ymin": 23.109556198120117, "ymax": 23.10973358154297}}}, {"type": "Feature", "id": "0118fde6-75eb-47ed-9583-1ab7f8903bc3", "geometry": {"type": "Polygon", "coordinates": [[[113.2379132, 23.1100043], [113.237925, 23.1103238], [113.2376971, 23.1103309], [113.2376853, 23.1100114], [113.2379132, 23.1100043]]]}, "properties": {"id": "0118fde6-75eb-47ed-9583-1ab7f8903bc3", "names": null, "sources": [{"property": "", "dataset": "OpenStreetMap", "license": "ODbL-1.0", "record_id": "w352610288@5", "update_time": "2026-06-18T09:43:47.000Z", "confidence": null, "between": null, "provider": "osm", "resource": "planet", "version": "2026-09-06T00:00:00.000Z"}], "level": null, "height": null, "min_height": null, "is_underground": false, "num_floors": 3, "num_floors_underground": null, "min_floor": null, "subtype": null, "class": null, "facade_color": "#6EBE9F", "facade_material": null, "roof_material": null, "roof_shape": null, "roof_direction": null, "roof_orientation": null, "roof_color": null, "roof_height": null, "has_parts": false, "version": 3, "bbox": {"xmin": 113.2376708984375, "xmax": 113.2379379272461, "ymin": 23.110000610351562, "ymax": 23.110334396362305}}}, {"type": "Feature", "id": "c0ef6a40-abe9-437c-a650-edd7dd36b388", "geometry": {"type": "Polygon", "coordinates": [[[113.2376255, 23.1102497], [113.2375586, 23.1102508], [113.2375545, 23.1100369], [113.2376213, 23.1100358], [113.2376255, 23.1102497]]]}, "properties": {"id": "c0ef6a40-abe9-437c-a650-edd7dd36b388", "names": null, "sources": [{"property": "", "dataset": "OpenStreetMap", "license": "ODbL-1.0", "record_id": "w982457852@2", "update_time": "2026-05-25T11:59:41.000Z", "confidence": null, "between": null, "provider": "osm", "resource": "planet", "version": "2026-09-06T00:00:00.000Z"}], "level": null, "height": null, "min_height": null, "is_underground": false, "num_floors": 2, "num_floors_underground": null, "min_floor": null, "subtype": null, "class": null, "facade_color": null, "facade_material": null, "roof_material": null, "roof_shape": null, "roof_direction": null, "roof_orientation": null, "roof_color": null, "roof_height": null, "has_parts": false, "version": 1, "bbox": {"xmin": 113.23754119873047, "xmax": 113.23764038085938, "ymin": 23.110034942626953, "ymax": 23.110254287719727}}}, {"type": "Feature", "id": "3d80012e-5a23-4be2-8bdb-65d7ad669b7d", "geometry": {"type": "Polygon", "coordinates": [[[113.2375425, 23.1102166], [113.2374552, 23.1102179], [113.2374563, 23.1102855], [113.2374284, 23.1102859], [113.2372912, 23.1102879], [113.2372924, 23.1103591], [113.2372073, 23.1103603], [113.2372023, 23.110058], [113.2373835, 23.1100555], [113.237385, 23.1101416], [113.2374262, 23.1101411], [113.2374251, 23.1100755], [113.2375401, 23.1100738], [113.2375425, 23.1102166]]]}, "properties": {"id": "3d80012e-5a23-4be2-8bdb-65d7ad669b7d", "names": {"primary": "广州俱乐部旧址", "common": null, "rules": null}, "sources": [{"property": "", "dataset": "OpenStreetMap", "license": "ODbL-1.0", "record_id": "w982457851@3", "update_time": "2026-05-26T08:34:54.000Z", "confidence": null, "between": null, "provider": "osm", "resource": "planet", "version": "2026-09-06T00:00:00.000Z"}], "level": null, "height": null, "min_height": null, "is_underground": false, "num_floors": 1, "num_floors_underground": null, "min_floor": null, "subtype": null, "class": null, "facade_color": "#F6F0D0", "facade_material": null, "roof_material": null, "roof_shape": null, "roof_direction": null, "roof_orientation": null, "roof_color": null, "roof_height": null, "has_parts": true, "version": 1, "bbox": {"xmin": 113.23719024658203, "xmax": 113.23755645751953, "ymin": 23.11005210876465, "ymax": 23.110361099243164}}}, {"type": "Feature", "id": "8c5359b1-2d92-4b2c-a0aa-20666105c923", "geometry": {"type": "Polygon", "coordinates": [[[113.2373939, 23.1107654], [113.2371447, 23.1107772], [113.2371258, 23.1104386], [113.2373749, 23.1104267], [113.2373939, 23.1107654]]]}, "properties": {"id": "8c5359b1-2d92-4b2c-a0aa-20666105c923", "names": null, "sources": [{"property": "", "dataset": "OpenStreetMap", "license": "ODbL-1.0", "record_id": "w352610323@1", "update_time": "2015-06-09T14:58:43.000Z", "confidence": null, "between": null, "provider": "osm", "resource": "planet", "version": "2026-09-06T00:00:00.000Z"}], "level": null, "height": null, "min_height": null, "is_underground": false, "num_floors": null, "num_floors_underground": null, "min_floor": null, "subtype": null, "class": null, "facade_color": null, "facade_material": null, "roof_material": null, "roof_shape": null, "roof_direction": null, "roof_orientation": null, "roof_color": null, "roof_height": null, "has_parts": false, "version": 1, "bbox": {"xmin": 113.23711395263672, "xmax": 113.23739624023438, "ymin": 23.11042594909668, "ymax": 23.110780715942383}}}, {"type": "Feature", "id": "101f889e-8143-4039-ab7a-c8ac5cda8bc3", "geometry": {"type": "Polygon", "coordinates": [[[113.2376343, 23.110745], [113.2374438, 23.110756], [113.2374209, 23.1104212], [113.2376114, 23.1104102], [113.2376343, 23.110745]]]}, "properties": {"id": "101f889e-8143-4039-ab7a-c8ac5cda8bc3", "names": null, "sources": [{"property": "", "dataset": "OpenStreetMap", "license": "ODbL-1.0", "record_id": "w942152101@1", "update_time": "2021-05-12T10:17:27.000Z", "confidence": null, "between": null, "provider": "osm", "resource": "planet", "version": "2026-09-06T00:00:00.000Z"}], "level": null, "height": null, "min_height": null, "is_underground": false, "num_floors": null, "num_floors_underground": null, "min_floor": null, "subtype": null, "class": null, "facade_color": null, "facade_material": null, "roof_material": null, "roof_shape": null, "roof_direction": null, "roof_orientation": null, "roof_color": null, "roof_height": null, "has_parts": false, "version": 1, "bbox": {"xmin": 113.23741912841797, "xmax": 113.2376480102539, "ymin": 23.11040687561035, "ymax": 23.11075782775879}}}, {"type": "Feature", "id": "3f76c910-9b2f-4f4d-9de7-0055029ce708", "geometry": {"type": "Polygon", "coordinates": [[[113.237897, 23.1104345], [113.2379147, 23.1107511], [113.2376666, 23.1107629], [113.2376489, 23.1104462], [113.237897, 23.1104345]]]}, "properties": {"id": "3f76c910-9b2f-4f4d-9de7-0055029ce708", "names": null, "sources": [{"property": "", "dataset": "OpenStreetMap", "license": "ODbL-1.0", "record_id": "w352610292@1", "update_time": "2015-06-09T14:58:41.000Z", "confidence": null, "between": null, "provider": "osm", "resource": "planet", "version": "2026-09-06T00:00:00.000Z"}], "level": null, "height": null, "min_height": null, "is_underground": false, "num_floors": null, "num_floors_underground": null, "min_floor": null, "subtype": null, "class": null, "facade_color": null, "facade_material": null, "roof_material": null, "roof_shape": null, "roof_direction": null, "roof_orientation": null, "roof_color": null, "roof_height": null, "has_parts": false, "version": 1, "bbox": {"xmin": 113.2376480102539, "xmax": 113.2379150390625, "ymin": 23.11043357849121, "ymax": 23.110763549804688}}}, {"type": "Feature", "id": "ffaaa5fc-6ce3-46cd-89ba-0a59fa9cb5df", "geometry": {"type": "Polygon", "coordinates": [[[113.2376685, 23.1103584], [113.2378961, 23.11035], [113.2378985, 23.1104074], [113.237671, 23.1104158], [113.2376685, 23.1103584]]]}, "properties": {"id": "ffaaa5fc-6ce3-46cd-89ba-0a59fa9cb5df", "names": null, "sources": [{"property": "", "dataset": "doi:10.5281/zenodo.8174931", "license": null, "record_id": null, "update_time": "2024-11-01T00:00:00.000Z", "confidence": null, "between": null, "provider": "zenodo", "resource": "east_asian_buildings", "version": "2024-11-01"}], "level": null, "height": null, "min_height": null, "is_underground": false, "num_floors": null, "num_floors_underground": null, "min_floor": null, "subtype": null, "class": null, "facade_color": null, "facade_material": null, "roof_material": null, "roof_shape": null, "roof_direction": null, "roof_orientation": null, "roof_color": null, "roof_height": null, "has_parts": false, "version": 1, "bbox": {"xmin": 113.23765563964844, "xmax": 113.23789978027344, "ymin": 23.110349655151367, "ymax": 23.110416412353516}}}, {"type": "Feature", "id": "aefddbb8-1aec-4505-877f-38beba754843", "geometry": {"type": "Polygon", "coordinates": [[[113.2375544, 23.1102476], [113.2375565, 23.1103255], [113.2374992, 23.1103264], [113.2374972, 23.1102485], [113.2375544, 23.1102476]]]}, "properties": {"id": "aefddbb8-1aec-4505-877f-38beba754843", "names": null, "sources": [{"property": "", "dataset": "doi:10.5281/zenodo.8174931", "license": null, "record_id": null, "update_time": "2024-11-01T00:00:00.000Z", "confidence": null, "between": null, "provider": "zenodo", "resource": "east_asian_buildings", "version": "2024-11-01"}], "level": null, "height": null, "min_height": null, "is_underground": false, "num_floors": null, "num_floors_underground": null, "min_floor": null, "subtype": null, "class": null, "facade_color": null, "facade_material": null, "roof_material": null, "roof_shape": null, "roof_direction": null, "roof_orientation": null, "roof_color": null, "roof_height": null, "has_parts": false, "version": 1, "bbox": {"xmin": 113.23749542236328, "xmax": 113.2375717163086, "ymin": 23.110246658325195, "ymax": 23.110326766967773}}}, {"type": "Feature", "id": "bc93eec3-b0ef-4531-b8e4-9ae592b93920", "geometry": {"type": "Polygon", "coordinates": [[[113.238312, 23.1107305], [113.2380655, 23.1107378], [113.2380397, 23.1099999], [113.2382862, 23.1099926], [113.238312, 23.1107305]]]}, "properties": {"id": "bc93eec3-b0ef-4531-b8e4-9ae592b93920", "names": null, "sources": [{"property": "", "dataset": "OpenStreetMap", "license": "ODbL-1.0", "record_id": "w352610282@1", "update_time": "2015-06-09T14:58:41.000Z", "confidence": null, "between": null, "provider": "osm", "resource": "planet", "version": "2026-09-06T00:00:00.000Z"}], "level": null, "height": null, "min_height": null, "is_underground": false, "num_floors": null, "num_floors_underground": null, "min_floor": null, "subtype": null, "class": null, "facade_color": null, "facade_material": null, "roof_material": null, "roof_shape": null, "roof_direction": null, "roof_orientation": null, "roof_color": null, "roof_height": null, "has_parts": false, "version": 1, "bbox": {"xmin": 113.238037109375, "xmax": 113.23832702636719, "ymin": 23.109989166259766, "ymax": 23.110740661621094}}}, {"type": "Feature", "id": "8f0636d7-3b38-4724-bb8c-3e090f71e82d", "geometry": {"type": "Polygon", "coordinates": [[[113.2386093, 23.1102113], [113.2383549, 23.1102188], [113.23835, 23.11008], [113.2386045, 23.1100724], [113.2386093, 23.1102113]]]}, "properties": {"id": "8f0636d7-3b38-4724-bb8c-3e090f71e82d", "names": {"primary": "星巴克", "common": [["en", "Starbucks"], ["zh", "星巴克"]], "rules": null}, "sources": [{"property": "", "dataset": "OpenStreetMap", "license": "ODbL-1.0", "record_id": "w352610315@4", "update_time": "2026-06-18T09:43:47.000Z", "confidence": null, "between": null, "provider": "osm", "resource": "planet", "version": "2026-09-06T00:00:00.000Z"}], "level": null, "height": null, "min_height": null, "is_underground": false, "num_floors": 2, "num_floors_underground": null, "min_floor": null, "subtype": "commercial", "class": "retail", "facade_color": "#00EEEE", "facade_material": null, "roof_material": null, "roof_shape": "hipped", "roof_direction": null, "roof_orientation": null, "roof_color": "#8B4513", "roof_height": null, "has_parts": false, "version": 3, "bbox": {"xmin": 113.23834991455078, "xmax": 113.23860931396484, "ymin": 23.110069274902344, "ymax": 23.11022186279297}}}, {"type": "Feature", "id": "60ae196f-7578-4fa6-be47-8eec2c05674d", "geometry": {"type": "Polygon", "coordinates": [[[113.2387267, 23.1102978], [113.2387189, 23.1100755], [113.2390366, 23.1100661], [113.2390444, 23.1102884], [113.2387267, 23.1102978]]]}, "properties": {"id": "60ae196f-7578-4fa6-be47-8eec2c05674d", "names": {"primary": "旗昌洋行旧址", "common": null, "rules": null}, "sources": [{"property": "", "dataset": "OpenStreetMap", "license": "ODbL-1.0", "record_id": "w352610309@2", "update_time": "2026-05-25T11:59:41.000Z", "confidence": null, "between": null, "provider": "osm", "resource": "planet", "version": "2026-09-06T00:00:00.000Z"}], "level": null, "height": null, "min_height": null, "is_underground": false, "num_floors": 3, "num_floors_underground": null, "min_floor": null, "subtype": null, "class": null, "facade_color": null, "facade_material": null, "roof_material": null, "roof_shape": null, "roof_direction": null, "roof_orientation": null, "roof_color": null, "roof_height": null, "has_parts": false, "version": 2, "bbox": {"xmin": 113.23871612548828, "xmax": 113.23905944824219, "ymin": 23.110065460205078, "ymax": 23.11029815673828}}}, {"type": "Feature", "id": "be5aee04-4b6f-42f9-80d3-eddd3ec35dcf", "geometry": {"type": "Polygon", "coordinates": [[[113.2390435, 23.1102128], [113.2390648, 23.1101388], [113.2391049, 23.1101487], [113.2390835, 23.1102227], [113.2390435, 23.1102128]]]}, "properties": {"id": "be5aee04-4b6f-42f9-80d3-eddd3ec35dcf", "names": null, "sources": [{"property": "", "dataset": "doi:10.5281/zenodo.8174931", "license": null, "record_id": null, "update_time": "2024-11-01T00:00:00.000Z", "confidence": null, "between": null, "provider": "zenodo", "resource": "east_asian_buildings", "version": "2024-11-01"}], "level": null, "height": null, "min_height": null, "is_underground": false, "num_floors": null, "num_floors_underground": null, "min_floor": null, "subtype": null, "class": null, "facade_color": null, "facade_material": null, "roof_material": null, "roof_shape": null, "roof_direction": null, "roof_orientation": null, "roof_color": null, "roof_height": null, "has_parts": false, "version": 1, "bbox": {"xmin": 113.23902893066406, "xmax": 113.23910522460938, "ymin": 23.110137939453125, "ymax": 23.110225677490234}}}, {"type": "Feature", "id": "a1aa3e93-94c0-4599-a2b8-ceceeaba4a0c", "geometry": {"type": "Polygon", "coordinates": [[[113.2394239, 23.1103658], [113.2391795, 23.1103683], [113.2391746, 23.1099689], [113.2394189, 23.1099663], [113.2394239, 23.1103658]]]}, "properties": {"id": "a1aa3e93-94c0-4599-a2b8-ceceeaba4a0c", "names": {"primary": "万宝楼", "common": null, "rules": [{"variant": "alternate", "language": null, "perspectives": null, "value": "万国宝通银行", "between": null, "side": null}]}, "sources": [{"property": "", "dataset": "OpenStreetMap", "license": "ODbL-1.0", "record_id": "w352610312@3", "update_time": "2026-05-25T11:59:41.000Z", "confidence": null, "between": null, "provider": "osm", "resource": "planet", "version": "2026-09-06T00:00:00.000Z"}], "level": null, "height": null, "min_height": null, "is_underground": false, "num_floors": 4, "num_floors_underground": null, "min_floor": null, "subtype": null, "class": null, "facade_color": null, "facade_material": null, "roof_material": null, "roof_shape": null, "roof_direction": null, "roof_orientation": null, "roof_color": null, "roof_height": null, "has_parts": false, "version": 1, "bbox": {"xmin": 113.23917388916016, "xmax": 113.23942565917969, "ymin": 23.109966278076172, "ymax": 23.110368728637695}}}, {"type": "Feature", "id": "843ed5d3-d178-404d-b073-5ce2b37a5e5a", "geometry": {"type": "Polygon", "coordinates": [[[113.2397304, 23.1107075], [113.2395606, 23.1107125], [113.2395546, 23.1105387], [113.2397243, 23.1105337], [113.2397304, 23.1107075]]]}, "properties": {"id": "843ed5d3-d178-404d-b073-5ce2b37a5e5a", "names": null, "sources": [{"property": "", "dataset": "OpenStreetMap", "license": "ODbL-1.0", "record_id": "w352610271@1", "update_time": "2015-06-09T14:58:40.000Z", "confidence": null, "between": null, "provider": "osm", "resource": "planet", "version": "2026-09-06T00:00:00.000Z"}], "level": null, "height": null, "min_height": null, "is_underground": false, "num_floors": null, "num_floors_underground": null, "min_floor": null, "subtype": null, "class": null, "facade_color": null, "facade_material": null, "roof_material": null, "roof_shape": null, "roof_direction": null, "roof_orientation": null, "roof_color": null, "roof_height": null, "has_parts": false, "version": 1, "bbox": {"xmin": 113.23954010009766, "xmax": 113.23973083496094, "ymin": 23.110532760620117, "ymax": 23.110715866088867}}}, {"type": "Feature", "id": "506e385d-efda-4f6d-af11-58d4ec23c70d", "geometry": {"type": "Polygon", "coordinates": [[[113.2390932, 23.1106922], [113.2389011, 23.1106979], [113.2388933, 23.1104773], [113.2390855, 23.1104716], [113.2390932, 23.1106922]]]}, "properties": {"id": "506e385d-efda-4f6d-af11-58d4ec23c70d", "names": null, "sources": [{"property": "", "dataset": "OpenStreetMap", "license": "ODbL-1.0", "record_id": "w352610319@1", "update_time": "2015-06-09T14:58:43.000Z", "confidence": null, "between": null, "provider": "osm", "resource": "planet", "version": "2026-09-06T00:00:00.000Z"}], "level": null, "height": null, "min_height": null, "is_underground": false, "num_floors": null, "num_floors_underground": null, "min_floor": null, "subtype": null, "class": null, "facade_color": null, "facade_material": null, "roof_material": null, "roof_shape": null, "roof_direction": null, "roof_orientation": null, "roof_color": null, "roof_height": null, "has_parts": false, "version": 1, "bbox": {"xmin": 113.2388916015625, "xmax": 113.23910522460938, "ymin": 23.1104679107666, "ymax": 23.110698699951172}}}, {"type": "Feature", "id": "bcaf8c2a-4e43-4baa-ad9b-f55bbd1d022f", "geometry": {"type": "Polygon", "coordinates": [[[113.2390626, 23.1104151], [113.2389591, 23.1104174], [113.2389576, 23.11036], [113.239061, 23.1103576], [113.2390626, 23.1104151]]]}, "properties": {"id": "bcaf8c2a-4e43-4baa-ad9b-f55bbd1d022f", "names": null, "sources": [{"property": "", "dataset": "doi:10.5281/zenodo.8174931", "license": null, "record_id": null, "update_time": "2024-11-01T00:00:00.000Z", "confidence": null, "between": null, "provider": "zenodo", "resource": "east_asian_buildings", "version": "2024-11-01"}], "level": null, "height": null, "min_height": null, "is_underground": false, "num_floors": null, "num_floors_underground": null, "min_floor": null, "subtype": null, "class": null, "facade_color": null, "facade_material": null, "roof_material": null, "roof_shape": null, "roof_direction": null, "roof_orientation": null, "roof_color": null, "roof_height": null, "has_parts": false, "version": 1, "bbox": {"xmin": 113.23894500732422, "xmax": 113.23907470703125, "ymin": 23.1103572845459, "ymax": 23.11041831970215}}}, {"type": "Feature", "id": "4943596c-3f38-4342-883d-4e252da06f41", "geometry": {"type": "Polygon", "coordinates": [[[113.2388402, 23.1103267], [113.2388538, 23.1104216], [113.2387307, 23.1104367], [113.2387171, 23.1103418], [113.2388402, 23.1103267]]]}, "properties": {"id": "4943596c-3f38-4342-883d-4e252da06f41", "names": null, "sources": [{"property": "", "dataset": "doi:10.5281/zenodo.8174931", "license": null, "record_id": null, "update_time": "2024-11-01T00:00:00.000Z", "confidence": null, "between": null, "provider": "zenodo", "resource": "east_asian_buildings", "version": "2024-11-01"}], "level": null, "height": null, "min_height": null, "is_underground": false, "num_floors": null, "num_floors_underground": null, "min_floor": null, "subtype": null, "class": null, "facade_color": null, "facade_material": null, "roof_material": null, "roof_shape": null, "roof_direction": null, "roof_orientation": null, "roof_color": null, "roof_height": null, "has_parts": false, "version": 1, "bbox": {"xmin": 113.23871612548828, "xmax": 113.2388687133789, "ymin": 23.11032485961914, "ymax": 23.110437393188477}}}, {"type": "Feature", "id": "a2604f5a-8d87-401b-80c7-c256cf60ae05", "geometry": {"type": "Polygon", "coordinates": [[[113.2387017, 23.1104449], [113.238619, 23.1104417], [113.2386243, 23.1103269], [113.238707, 23.1103302], [113.2387017, 23.1104449]]]}, "properties": {"id": "a2604f5a-8d87-401b-80c7-c256cf60ae05", "names": null, "sources": [{"property": "", "dataset": "doi:10.5281/zenodo.8174931", "license": null, "record_id": null, "update_time": "2024-11-01T00:00:00.000Z", "confidence": null, "between": null, "provider": "zenodo", "resource": "east_asian_buildings", "version": "2024-11-01"}], "level": null, "height": null, "min_height": null, "is_underground": false, "num_floors": null, "num_floors_underground": null, "min_floor": null, "subtype": null, "class": null, "facade_color": null, "facade_material": null, "roof_material": null, "roof_shape": null, "roof_direction": null, "roof_orientation": null, "roof_color": null, "roof_height": null, "has_parts": false, "version": 1, "bbox": {"xmin": 113.23861694335938, "xmax": 113.23870849609375, "ymin": 23.110326766967773, "ymax": 23.110445022583008}}}, {"type": "Feature", "id": "f521fe97-c06d-4b27-ad04-f7489e174367", "geometry": {"type": "Polygon", "coordinates": [[[113.2385977, 23.1107256], [113.2384128, 23.1107311], [113.2383978, 23.1103041], [113.2385828, 23.1102986], [113.2385977, 23.1107256]]]}, "properties": {"id": "f521fe97-c06d-4b27-ad04-f7489e174367", "names": null, "sources": [{"property": "", "dataset": "OpenStreetMap", "license": "ODbL-1.0", "record_id": "w352610274@1", "update_time": "2015-06-09T14:58:41.000Z", "confidence": null, "between": null, "provider": "osm", "resource": "planet", "version": "2026-09-06T00:00:00.000Z"}], "level": null, "height": null, "min_height": null, "is_underground": false, "num_floors": null, "num_floors_underground": null, "min_floor": null, "subtype": null, "class": null, "facade_color": null, "facade_material": null, "roof_material": null, "roof_shape": null, "roof_direction": null, "roof_orientation": null, "roof_color": null, "roof_height": null, "has_parts": false, "version": 1, "bbox": {"xmin": 113.23839569091797, "xmax": 113.23860931396484, "ymin": 23.11029815673828, "ymax": 23.11073112487793}}}, {"type": "Feature", "id": "deaf6b12-6ff4-4425-85eb-b38b3dba1fe1", "geometry": {"type": "Polygon", "coordinates": [[[113.2388445, 23.1107115], [113.2386298, 23.1107178], [113.2386213, 23.1104747], [113.2388359, 23.1104683], [113.2388445, 23.1107115]]]}, "properties": {"id": "deaf6b12-6ff4-4425-85eb-b38b3dba1fe1", "names": null, "sources": [{"property": "", "dataset": "OpenStreetMap", "license": "ODbL-1.0", "record_id": "w352610316@1", "update_time": "2015-06-09T14:58:43.000Z", "confidence": null, "between": null, "provider": "osm", "resource": "planet", "version": "2026-09-06T00:00:00.000Z"}], "level": null, "height": null, "min_height": null, "is_underground": false, "num_floors": null, "num_floors_underground": null, "min_floor": null, "subtype": null, "class": null, "facade_color": null, "facade_material": null, "roof_material": null, "roof_shape": null, "roof_direction": null, "roof_orientation": null, "roof_color": null, "roof_height": null, "has_parts": false, "version": 1, "bbox": {"xmin": 113.23860931396484, "xmax": 113.23884582519531, "ymin": 23.1104679107666, "ymax": 23.110719680786133}}}, {"type": "Feature", "id": "bfd15d40-46cc-4ff2-9954-35c464bd024b", "geometry": {"type": "Polygon", "coordinates": [[[113.2368104, 23.110779], [113.2365488, 23.1107914], [113.2365404, 23.1106414], [113.236802, 23.110629], [113.2368104, 23.110779]]]}, "properties": {"id": "bfd15d40-46cc-4ff2-9954-35c464bd024b", "names": null, "sources": [{"property": "", "dataset": "OpenStreetMap", "license": "ODbL-1.0", "record_id": "w352610276@1", "update_time": "2015-06-09T14:58:41.000Z", "confidence": null, "between": null, "provider": "osm", "resource": "planet", "version": "2026-09-06T00:00:00.000Z"}], "level": null, "height": null, "min_height": null, "is_underground": false, "num_floors": null, "num_floors_underground": null, "min_floor": null, "subtype": null, "class": null, "facade_color": null, "facade_material": null, "roof_material": null, "roof_shape": null, "roof_direction": null, "roof_orientation": null, "roof_color": null, "roof_height": null, "has_parts": false, "version": 1, "bbox": {"xmin": 113.23652648925781, "xmax": 113.23682403564453, "ymin": 23.110628128051758, "ymax": 23.11079216003418}}}, {"type": "Feature", "id": "7f3c2a54-ad66-43f8-9126-8432cb935656", "geometry": {"type": "Polygon", "coordinates": [[[113.2371059, 23.1107723], [113.2368532, 23.1107843], [113.2368331, 23.110427], [113.2370859, 23.110415], [113.2371059, 23.1107723]]]}, "properties": {"id": "7f3c2a54-ad66-43f8-9126-8432cb935656", "names": null, "sources": [{"property": "", "dataset": "OpenStreetMap", "license": "ODbL-1.0", "record_id": "w352610291@1", "update_time": "2015-06-09T14:58:41.000Z", "confidence": null, "between": null, "provider": "osm", "resource": "planet", "version": "2026-09-06T00:00:00.000Z"}], "level": null, "height": null, "min_height": null, "is_underground": false, "num_floors": null, "num_floors_underground": null, "min_floor": null, "subtype": null, "class": null, "facade_color": null, "facade_material": null, "roof_material": null, "roof_shape": null, "roof_direction": null, "roof_orientation": null, "roof_color": null, "roof_height": null, "has_parts": false, "version": 1, "bbox": {"xmin": 113.23683166503906, "xmax": 113.23710632324219, "ymin": 23.110414505004883, "ymax": 23.11078453063965}}}, {"type": "Feature", "id": "f5ac5cf6-495d-49cb-bcfd-fa04cf1aa7c9", "geometry": {"type": "Polygon", "coordinates": [[[113.2366759, 23.110402], [113.2366664, 23.1104684], [113.2366458, 23.1104659], [113.2366554, 23.1103995], [113.2366759, 23.110402]]]}, "properties": {"id": "f5ac5cf6-495d-49cb-bcfd-fa04cf1aa7c9", "names": null, "sources": [{"property": "", "dataset": "doi:10.5281/zenodo.8174931", "license": null, "record_id": null, "update_time": "2024-11-01T00:00:00.000Z", "confidence": null, "between": null, "provider": "zenodo", "resource": "east_asian_buildings", "version": "2024-11-01"}], "level": null, "height": null, "min_height": null, "is_underground": false, "num_floors": null, "num_floors_underground": null, "min_floor": null, "subtype": null, "class": null, "facade_color": null, "facade_material": null, "roof_material": null, "roof_shape": null, "roof_direction": null, "roof_orientation": null, "roof_color": null, "roof_height": null, "has_parts": false, "version": 1, "bbox": {"xmin": 113.23663330078125, "xmax": 113.23667907714844, "ymin": 23.11039924621582, "ymax": 23.110471725463867}}}, {"type": "Feature", "id": "270d8127-43d5-4f68-a30b-284c7dfc5cc1", "geometry": {"type": "Polygon", "coordinates": [[[113.2371104, 23.1102821], [113.2369384, 23.1102849], [113.2369339, 23.1100482], [113.2371059, 23.1100454], [113.2371104, 23.1102821]]]}, "properties": {"id": "270d8127-43d5-4f68-a30b-284c7dfc5cc1", "names": {"primary": "洛士利洋行旧址", "common": null, "rules": null}, "sources": [{"property": "", "dataset": "OpenStreetMap", "license": "ODbL-1.0", "record_id": "w352610278@2", "update_time": "2026-05-25T11:59:41.000Z", "confidence": null, "between": null, "provider": "osm", "resource": "planet", "version": "2026-09-06T00:00:00.000Z"}], "level": null, "height": null, "min_height": null, "is_underground": false, "num_floors": 3, "num_floors_underground": null, "min_floor": null, "subtype": null, "class": null, "facade_color": "#CABC91", "facade_material": null, "roof_material": null, "roof_shape": null, "roof_direction": null, "roof_orientation": null, "roof_color": null, "roof_height": null, "has_parts": false, "version": 2, "bbox": {"xmin": 113.23693084716797, "xmax": 113.23711395263672, "ymin": 23.110044479370117, "ymax": 23.110286712646484}}}, {"type": "Feature", "id": "ef5c19c2-4e70-4d82-8fd4-6779908149b5", "geometry": {"type": "Polygon", "coordinates": [[[113.2369279, 23.1103438], [113.2367616, 23.1103481], [113.2367544, 23.1101193], [113.2367524, 23.1100595], [113.2369187, 23.1100549], [113.2369207, 23.1101149], [113.2369279, 23.1103438]]]}, "properties": {"id": "ef5c19c2-4e70-4d82-8fd4-6779908149b5", "names": null, "sources": [{"property": "", "dataset": "OpenStreetMap", "license": "ODbL-1.0", "record_id": "w352610287@3", "update_time": "2026-05-25T11:59:41.000Z", "confidence": null, "between": null, "provider": "osm", "resource": "planet", "version": "2026-09-06T00:00:00.000Z"}], "level": null, "height": null, "min_height": null, "is_underground": false, "num_floors": 2, "num_floors_underground": null, "min_floor": null, "subtype": null, "class": null, "facade_color": "#F6F0D0", "facade_material": null, "roof_material": null, "roof_shape": null, "roof_direction": null, "roof_orientation": null, "roof_color": null, "roof_height": null, "has_parts": true, "version": 1, "bbox": {"xmin": 113.23674011230469, "xmax": 113.23693084716797, "ymin": 23.11005401611328, "ymax": 23.1103515625}}}, {"type": "Feature", "id": "cf480fda-f887-4b70-badb-ff917244aebe", "geometry": {"type": "Polygon", "coordinates": [[[113.2366988, 23.1102226], [113.2365961, 23.110226], [113.2365899, 23.1100655], [113.2366926, 23.1100621], [113.2366988, 23.1102226]]]}, "properties": {"id": "cf480fda-f887-4b70-badb-ff917244aebe", "names": null, "sources": [{"property": "", "dataset": "OpenStreetMap", "license": "ODbL-1.0", "record_id": "w352610300@3", "update_time": "2026-05-25T11:59:41.000Z", "confidence": null, "between": null, "provider": "osm", "resource": "planet", "version": "2026-09-06T00:00:00.000Z"}], "level": null, "height": null, "min_height": null, "is_underground": false, "num_floors": 3, "num_floors_underground": null, "min_floor": null, "subtype": null, "class": null, "facade_color": "#6EBE9F", "facade_material": null, "roof_material": null, "roof_shape": null, "roof_direction": null, "roof_orientation": null, "roof_color": null, "roof_height": null, "has_parts": false, "version": 2, "bbox": {"xmin": 113.23658752441406, "xmax": 113.23670196533203, "ymin": 23.110061645507812, "ymax": 23.1102294921875}}}, {"type": "Feature", "id": "29918454-9834-4c93-8778-bf369ef801d8", "geometry": {"type": "Polygon", "coordinates": [[[113.2364165, 23.1103331], [113.2361655, 23.1103459], [113.2361482, 23.1100582], [113.2363991, 23.1100454], [113.2364165, 23.1103331]]]}, "properties": {"id": "29918454-9834-4c93-8778-bf369ef801d8", "names": null, "sources": [{"property": "", "dataset": "OpenStreetMap", "license": "ODbL-1.0", "record_id": "w942151829@1", "update_time": "2023-07-22T16:45:39.000Z", "confidence": null, "between": null, "provider": "osm", "resource": "planet", "version": "2026-09-06T00:00:00.000Z"}], "level": null, "height": null, "min_height": null, "is_underground": false, "num_floors": null, "num_floors_underground": null, "min_floor": null, "subtype": null, "class": null, "facade_color": null, "facade_material": null, "roof_material": null, "roof_shape": null, "roof_direction": null, "roof_orientation": null, "roof_color": null, "roof_height": null, "has_parts": false, "version": 1, "bbox": {"xmin": 113.23614501953125, "xmax": 113.23641967773438, "ymin": 23.110044479370117, "ymax": 23.110347747802734}}}, {"type": "Feature", "id": "a765047c-6669-4777-bf21-2149fd88ce7e", "geometry": {"type": "Polygon", "coordinates": [[[113.2361455, 23.1103146], [113.2359062, 23.1103244], [113.2358941, 23.1100728], [113.2361334, 23.110063], [113.2361455, 23.1103146]]]}, "properties": {"id": "a765047c-6669-4777-bf21-2149fd88ce7e", "names": null, "sources": [{"property": "", "dataset": "OpenStreetMap", "license": "ODbL-1.0", "record_id": "w982037996@3", "update_time": "2026-05-25T11:59:41.000Z", "confidence": null, "between": null, "provider": "osm", "resource": "planet", "version": "2026-09-06T00:00:00.000Z"}], "level": null, "height": null, "min_height": null, "is_underground": false, "num_floors": 3, "num_floors_underground": null, "min_floor": null, "subtype": null, "class": null, "facade_color": null, "facade_material": "brick", "roof_material": null, "roof_shape": null, "roof_direction": null, "roof_orientation": null, "roof_color": null, "roof_height": null, "has_parts": false, "version": 2, "bbox": {"xmin": 113.23589324951172, "xmax": 113.23616027832031, "ymin": 23.11005973815918, "ymax": 23.11032485961914}}}, {"type": "Feature", "id": "3f535edb-f1dd-47b0-9ece-633c14d0a0f5", "geometry": {"type": "Polygon", "coordinates": [[[113.2363929, 23.1108264], [113.2361723, 23.1108272], [113.2361711, 23.1104713], [113.2363917, 23.1104706], [113.2363929, 23.1108264]]]}, "properties": {"id": "3f535edb-f1dd-47b0-9ece-633c14d0a0f5", "names": null, "sources": [{"property": "", "dataset": "OpenStreetMap", "license": "ODbL-1.0", "record_id": "w791257924@1", "update_time": "2021-06-21T08:47:31.000Z", "confidence": null, "between": null, "provider": "osm", "resource": "planet", "version": "2026-09-06T00:00:00.000Z"}], "level": null, "height": null, "min_height": null, "is_underground": false, "num_floors": null, "num_floors_underground": null, "min_floor": null, "subtype": null, "class": null, "facade_color": null, "facade_material": null, "roof_material": null, "roof_shape": null, "roof_direction": null, "roof_orientation": null, "roof_color": null, "roof_height": null, "has_parts": false, "version": 1, "bbox": {"xmin": 113.23616790771484, "xmax": 113.23640441894531, "ymin": 23.110469818115234, "ymax": 23.110830307006836}}}, {"type": "Feature", "id": "803fd982-f0cb-4d50-8b5c-363aae607c75", "geometry": {"type": "Polygon", "coordinates": [[[113.2361252, 23.1108382], [113.2359046, 23.110839], [113.2359034, 23.1104831], [113.236124, 23.1104824], [113.2361252, 23.1108382]]]}, "properties": {"id": "803fd982-f0cb-4d50-8b5c-363aae607c75", "names": null, "sources": [{"property": "", "dataset": "OpenStreetMap", "license": "ODbL-1.0", "record_id": "w791257922@1", "update_time": "2021-06-21T08:47:31.000Z", "confidence": null, "between": null, "provider": "osm", "resource": "planet", "version": "2026-09-06T00:00:00.000Z"}], "level": null, "height": null, "min_height": null, "is_underground": false, "num_floors": null, "num_floors_underground": null, "min_floor": null, "subtype": null, "class": null, "facade_color": null, "facade_material": null, "roof_material": null, "roof_shape": null, "roof_direction": null, "roof_orientation": null, "roof_color": null, "roof_height": null, "has_parts": false, "version": 1, "bbox": {"xmin": 113.23590087890625, "xmax": 113.23613739013672, "ymin": 23.1104793548584, "ymax": 23.11083984375}}}, {"type": "Feature", "id": "ec8547cc-aa73-4f1f-ab70-c7a5ffb2dd41", "geometry": {"type": "Polygon", "coordinates": [[[113.2358588, 23.110625], [113.2356667, 23.110636], [113.23566, 23.1105365], [113.235852, 23.1105255], [113.2358588, 23.110625]]]}, "properties": {"id": "ec8547cc-aa73-4f1f-ab70-c7a5ffb2dd41", "names": null, "sources": [{"property": "", "dataset": "OpenStreetMap", "license": "ODbL-1.0", "record_id": "w956517223@1", "update_time": "2021-06-21T08:47:31.000Z", "confidence": null, "between": null, "provider": "osm", "resource": "planet", "version": "2026-09-06T00:00:00.000Z"}], "level": null, "height": null, "min_height": null, "is_underground": false, "num_floors": null, "num_floors_underground": null, "min_floor": null, "subtype": null, "class": null, "facade_color": null, "facade_material": null, "roof_material": null, "roof_shape": null, "roof_direction": null, "roof_orientation": null, "roof_color": null, "roof_height": null, "has_parts": false, "version": 1, "bbox": {"xmin": 113.23565673828125, "xmax": 113.23587036132812, "ymin": 23.110525131225586, "ymax": 23.110639572143555}}}, {"type": "Feature", "id": "cb0dad33-b9ba-4b64-b626-ffdb981beb98", "geometry": {"type": "Polygon", "coordinates": [[[113.2356125, 23.1106039], [113.2354664, 23.1106039], [113.2354664, 23.1105017], [113.2356125, 23.1105017], [113.2356125, 23.1106039]]]}, "properties": {"id": "cb0dad33-b9ba-4b64-b626-ffdb981beb98", "names": null, "sources": [{"property": "", "dataset": "OpenStreetMap", "license": "ODbL-1.0", "record_id": "w956517227@1", "update_time": "2021-06-21T08:47:31.000Z", "confidence": null, "between": null, "provider": "osm", "resource": "planet", "version": "2026-09-06T00:00:00.000Z"}], "level": null, "height": null, "min_height": null, "is_underground": false, "num_floors": null, "num_floors_underground": null, "min_floor": null, "subtype": null, "class": null, "facade_color": null, "facade_material": null, "roof_material": null, "roof_shape": null, "roof_direction": null, "roof_orientation": null, "roof_color": null, "roof_height": null, "has_parts": false, "version": 1, "bbox": {"xmin": 113.23546600341797, "xmax": 113.23562622070312, "ymin": 23.110498428344727, "ymax": 23.110607147216797}}}, {"type": "Feature", "id": "dcda1567-cd3b-4e43-8329-612d09b0f95a", "geometry": {"type": "Polygon", "coordinates": [[[113.2356707, 23.1104502], [113.2353964, 23.1104622], [113.2353907, 23.1103521], [113.235665, 23.1103401], [113.2356707, 23.1104502]]]}, "properties": {"id": "dcda1567-cd3b-4e43-8329-612d09b0f95a", "names": null, "sources": [{"property": "", "dataset": "OpenStreetMap", "license": "ODbL-1.0", "record_id": "w956517225@1", "update_time": "2021-06-21T08:47:31.000Z", "confidence": null, "between": null, "provider": "osm", "resource": "planet", "version": "2026-09-06T00:00:00.000Z"}], "level": null, "height": null, "min_height": null, "is_underground": false, "num_floors": null, "num_floors_underground": null, "min_floor": null, "subtype": null, "class": null, "facade_color": null, "facade_material": null, "roof_material": null, "roof_shape": null, "roof_direction": null, "roof_orientation": null, "roof_color": null, "roof_height": null, "has_parts": false, "version": 1, "bbox": {"xmin": 113.23538970947266, "xmax": 113.23567199707031, "ymin": 23.11033821105957, "ymax": 23.110464096069336}}}, {"type": "Feature", "id": "c69d6164-b2e0-4916-8f94-e5eefcd1704a", "geometry": {"type": "Polygon", "coordinates": [[[113.235844, 23.1104367], [113.2357017, 23.1104367], [113.2357017, 23.1101137], [113.235844, 23.1101137], [113.235844, 23.1104367]]]}, "properties": {"id": "c69d6164-b2e0-4916-8f94-e5eefcd1704a", "names": null, "sources": [{"property": "", "dataset": "OpenStreetMap", "license": "ODbL-1.0", "record_id": "w942151828@2", "update_time": "2021-09-11T17:18:21.000Z", "confidence": null, "between": null, "provider": "osm", "resource": "planet", "version": "2026-09-06T00:00:00.000Z"}], "level": null, "height": null, "min_height": null, "is_underground": false, "num_floors": 3, "num_floors_underground": null, "min_floor": null, "subtype": null, "class": null, "facade_color": null, "facade_material": null, "roof_material": null, "roof_shape": null, "roof_direction": null, "roof_orientation": null, "roof_color": null, "roof_height": null, "has_parts": false, "version": 1, "bbox": {"xmin": 113.23568725585938, "xmax": 113.23584747314453, "ymin": 23.1101131439209, "ymax": 23.110437393188477}}}, {"type": "Feature", "id": "4506f6d7-1d44-4b6f-804c-930a5d3d34fb", "geometry": {"type": "Polygon", "coordinates": [[[113.2356763, 23.1101517], [113.2356763, 23.1102801], [113.2353546, 23.1102801], [113.2353546, 23.1101517], [113.2356763, 23.1101517]]]}, "properties": {"id": "4506f6d7-1d44-4b6f-804c-930a5d3d34fb", "names": null, "sources": [{"property": "", "dataset": "OpenStreetMap", "license": "ODbL-1.0", "record_id": "w942152076@1", "update_time": "2021-09-11T17:18:21.000Z", "confidence": null, "between": null, "provider": "osm", "resource": "planet", "version": "2026-09-06T00:00:00.000Z"}], "level": null, "height": null, "min_height": null, "is_underground": false, "num_floors": null, "num_floors_underground": null, "min_floor": null, "subtype": null, "class": null, "facade_color": null, "facade_material": null, "roof_material": null, "roof_shape": null, "roof_direction": null, "roof_orientation": null, "roof_color": null, "roof_height": null, "has_parts": false, "version": 1, "bbox": {"xmin": 113.2353515625, "xmax": 113.23567962646484, "ymin": 23.110151290893555, "ymax": 23.110280990600586}}}, {"type": "Feature", "id": "7cc5cd67-6145-4e25-82b8-3ec8ee2d5957", "geometry": {"type": "Polygon", "coordinates": [[[113.234974, 23.1099312], [113.2350122, 23.1099616], [113.2349169, 23.110058], [113.2348788, 23.1100256], [113.234974, 23.1099312]]]}, "properties": {"id": "7cc5cd67-6145-4e25-82b8-3ec8ee2d5957", "names": null, "sources": [{"property": "", "dataset": "doi:10.5281/zenodo.8174931", "license": null, "record_id": null, "update_time": "2024-11-01T00:00:00.000Z", "confidence": null, "between": null, "provider": "zenodo", "resource": "east_asian_buildings", "version": "2024-11-01"}], "level": null, "height": null, "min_height": null, "is_underground": false, "num_floors": null, "num_floors_underground": null, "min_floor": null, "subtype": null, "class": null, "facade_color": null, "facade_material": null, "roof_material": null, "roof_shape": null, "roof_direction": null, "roof_orientation": null, "roof_color": null, "roof_height": null, "has_parts": false, "version": 1, "bbox": {"xmin": 113.23487854003906, "xmax": 113.23501586914062, "ymin": 23.109928131103516, "ymax": 23.110061645507812}}}, {"type": "Feature", "id": "81924d1f-a345-449a-a6de-38660e8f0e6a", "geometry": {"type": "Polygon", "coordinates": [[[113.2351657, 23.110048], [113.2349238, 23.1102738], [113.2348381, 23.1101962], [113.2350801, 23.1099704], [113.2351657, 23.110048]]]}, "properties": {"id": "81924d1f-a345-449a-a6de-38660e8f0e6a", "names": null, "sources": [{"property": "", "dataset": "OpenStreetMap", "license": "ODbL-1.0", "record_id": "w509641362@1", "update_time": "2017-07-23T15:51:23.000Z", "confidence": null, "between": null, "provider": "osm", "resource": "planet", "version": "2026-09-06T00:00:00.000Z"}], "level": null, "height": null, "min_height": null, "is_underground": false, "num_floors": null, "num_floors_underground": null, "min_floor": null, "subtype": null, "class": null, "facade_color": null, "facade_material": null, "roof_material": null, "roof_shape": null, "roof_direction": null, "roof_orientation": null, "roof_color": null, "roof_height": null, "has_parts": false, "version": 1, "bbox": {"xmin": 113.23482513427734, "xmax": 113.23516845703125, "ymin": 23.109970092773438, "ymax": 23.11027717590332}}}, {"type": "Feature", "id": "a15460bd-0880-42e5-89b3-5080241a4eeb", "geometry": {"type": "Polygon", "coordinates": [[[113.23535, 23.1103687], [113.2351515, 23.1103818], [113.2351456, 23.1103067], [113.2353441, 23.1102936], [113.23535, 23.1103687]]]}, "properties": {"id": "a15460bd-0880-42e5-89b3-5080241a4eeb", "names": null, "sources": [{"property": "", "dataset": "OpenStreetMap", "license": "ODbL-1.0", "record_id": "w982038000@1", "update_time": "2021-09-11T17:18:21.000Z", "confidence": null, "between": null, "provider": "osm", "resource": "planet", "version": "2026-09-06T00:00:00.000Z"}], "level": null, "height": null, "min_height": null, "is_underground": false, "num_floors": null, "num_floors_underground": null, "min_floor": null, "subtype": null, "class": null, "facade_color": null, "facade_material": null, "roof_material": null, "roof_shape": null, "roof_direction": null, "roof_orientation": null, "roof_color": null, "roof_height": null, "has_parts": false, "version": 1, "bbox": {"xmin": 113.23514556884766, "xmax": 113.2353515625, "ymin": 23.11029052734375, "ymax": 23.110382080078125}}}, {"type": "Feature", "id": "589f9b2a-8124-4dbc-bb39-8124f6b50a29", "geometry": {"type": "Polygon", "coordinates": [[[113.2353722, 23.1104609], [113.2351499, 23.1104699], [113.2351463, 23.1103959], [113.2353686, 23.1103868], [113.2353722, 23.1104609]]]}, "properties": {"id": "589f9b2a-8124-4dbc-bb39-8124f6b50a29", "names": null, "sources": [{"property": "", "dataset": "OpenStreetMap", "license": "ODbL-1.0", "record_id": "w982037999@1", "update_time": "2021-09-11T17:18:21.000Z", "confidence": null, "between": null, "provider": "osm", "resource": "planet", "version": "2026-09-06T00:00:00.000Z"}], "level": null, "height": null, "min_height": null, "is_underground": false, "num_floors": null, "num_floors_underground": null, "min_floor": null, "subtype": null, "class": null, "facade_color": null, "facade_material": null, "roof_material": null, "roof_shape": null, "roof_direction": null, "roof_orientation": null, "roof_color": null, "roof_height": null, "has_parts": false, "version": 1, "bbox": {"xmin": 113.23514556884766, "xmax": 113.2353744506836, "ymin": 23.11038589477539, "ymax": 23.110471725463867}}}, {"type": "Feature", "id": "cabb194f-a77d-41fe-b291-5874a786b908", "geometry": {"type": "Polygon", "coordinates": [[[113.2350046, 23.1104172], [113.2350994, 23.1104115], [113.2351054, 23.1104952], [113.2350653, 23.1104976], [113.2350771, 23.1106639], [113.2349877, 23.1106693], [113.2349722, 23.1104508], [113.2350069, 23.1104487], [113.2350046, 23.1104172]]]}, "properties": {"id": "cabb194f-a77d-41fe-b291-5874a786b908", "names": null, "sources": [{"property": "", "dataset": "OpenStreetMap", "license": "ODbL-1.0", "record_id": "w956517226@1", "update_time": "2021-06-21T08:47:31.000Z", "confidence": null, "between": null, "provider": "osm", "resource": "planet", "version": "2026-09-06T00:00:00.000Z"}], "level": null, "height": null, "min_height": null, "is_underground": false, "num_floors": null, "num_floors_underground": null, "min_floor": null, "subtype": null, "class": null, "facade_color": null, "facade_material": null, "roof_material": null, "roof_shape": null, "roof_direction": null, "roof_orientation": null, "roof_color": null, "roof_height": null, "has_parts": false, "version": 1, "bbox": {"xmin": 113.23497009277344, "xmax": 113.235107421875, "ymin": 23.110410690307617, "ymax": 23.11067008972168}}}, {"type": "Feature", "id": "848454d5-bac9-4192-83f0-86c4d31111b6", "geometry": {"type": "Polygon", "coordinates": [[[113.2351145, 23.1106982], [113.2351097, 23.1105837], [113.2352408, 23.110579], [113.235245, 23.1106793], [113.2352781, 23.1106781], [113.2352818, 23.1107679], [113.2352511, 23.110769], [113.2352498, 23.1107384], [113.2351848, 23.1107407], [113.2351829, 23.1106958], [113.2351145, 23.1106982]]]}, "properties": {"id": "848454d5-bac9-4192-83f0-86c4d31111b6", "names": null, "sources": [{"property": "", "dataset": "OpenStreetMap", "license": "ODbL-1.0", "record_id": "w956517222@2", "update_time": "2026-05-25T11:59:41.000Z", "confidence": null, "between": null, "provider": "osm", "resource": "planet", "version": "2026-09-06T00:00:00.000Z"}], "level": null, "height": null, "min_height": null, "is_underground": false, "num_floors": 2, "num_floors_underground": null, "min_floor": null, "subtype": null, "class": null, "facade_color": null, "facade_material": null, "roof_material": null, "roof_shape": null, "roof_direction": null, "roof_orientation": null, "roof_color": null, "roof_height": null, "has_parts": true, "version": 1, "bbox": {"xmin": 113.235107421875, "xmax": 113.23528289794922, "ymin": 23.110578536987305, "ymax": 23.110769271850586}}}, {"type": "Feature", "id": "f299a2fa-3edf-498f-84d9-bf79600cfbe9", "geometry": {"type": "Polygon", "coordinates": [[[113.2355846, 23.1108152], [113.235293, 23.110829], [113.2352827, 23.1106452], [113.2355743, 23.1106314], [113.2355846, 23.1108152]]]}, "properties": {"id": "f299a2fa-3edf-498f-84d9-bf79600cfbe9", "names": null, "sources": [{"property": "", "dataset": "OpenStreetMap", "license": "ODbL-1.0", "record_id": "w352610303@1", "update_time": "2015-06-09T14:58:42.000Z", "confidence": null, "between": null, "provider": "osm", "resource": "planet", "version": "2026-09-06T00:00:00.000Z"}], "level": null, "height": null, "min_height": null, "is_underground": false, "num_floors": null, "num_floors_underground": null, "min_floor": null, "subtype": null, "class": null, "facade_color": null, "facade_material": null, "roof_material": null, "roof_shape": null, "roof_direction": null, "roof_orientation": null, "roof_color": null, "roof_height": null, "has_parts": false, "version": 1, "bbox": {"xmin": 113.23526763916016, "xmax": 113.23558807373047, "ymin": 23.110628128051758, "ymax": 23.11083221435547}}}, {"type": "Feature", "id": "2581cd38-1214-4920-be81-d0bded755bfd", "geometry": {"type": "Polygon", "coordinates": [[[113.2356015, 23.1108498], [113.2355995, 23.1107081], [113.2358556, 23.110705], [113.2358577, 23.1108468], [113.2356015, 23.1108498]]]}, "properties": {"id": "2581cd38-1214-4920-be81-d0bded755bfd", "names": null, "sources": [{"property": "", "dataset": "OpenStreetMap", "license": "ODbL-1.0", "record_id": "w956517224@1", "update_time": "2021-06-21T08:47:31.000Z", "confidence": null, "between": null, "provider": "osm", "resource": "planet", "version": "2026-09-06T00:00:00.000Z"}], "level": null, "height": null, "min_height": null, "is_underground": false, "num_floors": null, "num_floors_underground": null, "min_floor": null, "subtype": null, "class": null, "facade_color": null, "facade_material": null, "roof_material": null, "roof_shape": null, "roof_direction": null, "roof_orientation": null, "roof_color": null, "roof_height": null, "has_parts": false, "version": 1, "bbox": {"xmin": 113.235595703125, "xmax": 113.23587036132812, "ymin": 23.11070442199707, "ymax": 23.11085319519043}}}, {"type": "Feature", "id": "6eaa0894-b9f7-4395-be50-fbb21dcb4791", "geometry": {"type": "Polygon", "coordinates": [[[113.2345992, 23.1108631], [113.2345716, 23.1108739], [113.2345063, 23.1107332], [113.2345317, 23.1107233], [113.2345627, 23.1107111], [113.234628, 23.1108518], [113.2345992, 23.1108631]]]}, "properties": {"id": "6eaa0894-b9f7-4395-be50-fbb21dcb4791", "names": null, "sources": [{"property": "", "dataset": "OpenStreetMap", "license": "ODbL-1.0", "record_id": "w1319844941@3", "update_time": "2026-05-21T13:03:22.000Z", "confidence": null, "between": null, "provider": "osm", "resource": "planet", "version": "2026-09-06T00:00:00.000Z"}], "level": null, "height": null, "min_height": null, "is_underground": false, "num_floors": 1, "num_floors_underground": null, "min_floor": null, "subtype": null, "class": null, "facade_color": null, "facade_material": "glass", "roof_material": null, "roof_shape": "skillion", "roof_direction": 22.0, "roof_orientation": null, "roof_color": "#0000FF", "roof_height": null, "has_parts": false, "version": 2, "bbox": {"xmin": 113.23450469970703, "xmax": 113.2346420288086, "ymin": 23.110708236694336, "ymax": 23.11087417602539}}}, {"type": "Feature", "id": "d87d3b32-11fc-42c6-b8a9-2aa10fc295b8", "geometry": {"type": "Polygon", "coordinates": [[[113.2339821, 23.1110503], [113.2337524, 23.1111423], [113.2334841, 23.1105758], [113.2340512, 23.1103486], [113.2342782, 23.1108278], [113.2339407, 23.110963], [113.2339821, 23.1110503]]]}, "properties": {"id": "d87d3b32-11fc-42c6-b8a9-2aa10fc295b8", "names": {"primary": "隧兴广场", "common": null, "rules": null}, "sources": [{"property": "", "dataset": "OpenStreetMap", "license": "ODbL-1.0", "record_id": "w932443717@2", "update_time": "2022-02-27T06:05:07.000Z", "confidence": null, "between": null, "provider": "osm", "resource": "planet", "version": "2026-09-06T00:00:00.000Z"}], "level": null, "height": null, "min_height": null, "is_underground": false, "num_floors": 14, "num_floors_underground": null, "min_floor": null, "subtype": "residential", "class": "residential", "facade_color": null, "facade_material": null, "roof_material": null, "roof_shape": null, "roof_direction": null, "roof_orientation": null, "roof_color": null, "roof_height": null, "has_parts": false, "version": 1, "bbox": {"xmin": 113.23348236083984, "xmax": 113.23429107666016, "ymin": 23.110347747802734, "ymax": 23.111143112182617}}}, {"type": "Feature", "id": "89ceccab-6368-45af-b290-755a464bcf41", "geometry": {"type": "Polygon", "coordinates": [[[113.2340044, 23.1102808], [113.2334029, 23.1105224], [113.2332581, 23.1102175], [113.2338596, 23.1099759], [113.2340044, 23.1102808]]]}, "properties": {"id": "89ceccab-6368-45af-b290-755a464bcf41", "names": null, "sources": [{"property": "", "dataset": "OpenStreetMap", "license": "ODbL-1.0", "record_id": "w932444079@2", "update_time": "2023-03-12T03:04:02.000Z", "confidence": null, "between": null, "provider": "osm", "resource": "planet", "version": "2026-09-06T00:00:00.000Z"}], "level": null, "height": null, "min_height": null, "is_underground": false, "num_floors": 1, "num_floors_underground": null, "min_floor": null, "subtype": "commercial", "class": "retail", "facade_color": null, "facade_material": null, "roof_material": null, "roof_shape": null, "roof_direction": null, "roof_orientation": null, "roof_color": null, "roof_height": null, "has_parts": false, "version": 1, "bbox": {"xmin": 113.23324584960938, "xmax": 113.23401641845703, "ymin": 23.109975814819336, "ymax": 23.110523223876953}}}, {"type": "Feature", "id": "a8eade40-00d9-44ec-aa0c-67ecad15831b", "geometry": {"type": "Polygon", "coordinates": [[[113.2339208, 23.109269], [113.2341038, 23.1096452], [113.2340958, 23.1096983], [113.2340637, 23.1097138], [113.2338636, 23.1092928], [113.2339208, 23.109269]]]}, "properties": {"id": "a8eade40-00d9-44ec-aa0c-67ecad15831b", "names": null, "sources": [{"property": "", "dataset": "doi:10.5281/zenodo.8174931", "license": null, "record_id": null, "update_time": "2024-11-01T00:00:00.000Z", "confidence": null, "between": null, "provider": "zenodo", "resource": "east_asian_buildings", "version": "2024-11-01"}], "level": null, "height": null, "min_height": null, "is_underground": false, "num_floors": null, "num_floors_underground": null, "min_floor": null, "subtype": null, "class": null, "facade_color": null, "facade_material": null, "roof_material": null, "roof_shape": null, "roof_direction": null, "roof_orientation": null, "roof_color": null, "roof_height": null, "has_parts": false, "version": 1, "bbox": {"xmin": 113.23384857177734, "xmax": 113.23411560058594, "ymin": 23.109268188476562, "ymax": 23.10971450805664}}}, {"type": "Feature", "id": "d16154b8-0b74-46ef-a3d2-4ab8f216d96a", "geometry": {"type": "Polygon", "coordinates": [[[113.2340813, 23.1091646], [113.2342833, 23.1095476], [113.2342281, 23.1095754], [113.2340432, 23.1092242], [113.2340151, 23.1092356], [113.233998, 23.1092029], [113.2340813, 23.1091646]]]}, "properties": {"id": "d16154b8-0b74-46ef-a3d2-4ab8f216d96a", "names": null, "sources": [{"property": "", "dataset": "doi:10.5281/zenodo.8174931", "license": null, "record_id": null, "update_time": "2024-11-01T00:00:00.000Z", "confidence": null, "between": null, "provider": "zenodo", "resource": "east_asian_buildings", "version": "2024-11-01"}], "level": null, "height": null, "min_height": null, "is_underground": false, "num_floors": null, "num_floors_underground": null, "min_floor": null, "subtype": null, "class": null, "facade_color": null, "facade_material": null, "roof_material": null, "roof_shape": null, "roof_direction": null, "roof_orientation": null, "roof_color": null, "roof_height": null, "has_parts": false, "version": 1, "bbox": {"xmin": 113.2339859008789, "xmax": 113.23428344726562, "ymin": 23.109161376953125, "ymax": 23.10957908630371}}}, {"type": "Feature", "id": "11549e36-06ba-4ce3-b4b9-108e8bb9c010", "geometry": {"type": "MultiPolygon", "coordinates": [[[[113.2446455, 23.1116426], [113.2446072, 23.1116277], [113.2444178, 23.1115591], [113.2444991, 23.1113706], [113.2445848, 23.1111721], [113.244859, 23.1112722], [113.2446919, 23.1116593], [113.2446455, 23.1116426]]], [[[113.2444178, 23.1115591], [113.244352, 23.1117117], [113.2440558, 23.1116041], [113.2441213, 23.1114516], [113.2444178, 23.1115591]]], [[[113.2446263, 23.1118113], [113.2446919, 23.1116593], [113.2447965, 23.111697], [113.2447311, 23.1118494], [113.2446263, 23.1118113]]], [[[113.2440664, 23.1123736], [113.244352, 23.1117117], [113.2446263, 23.1118113], [113.2443404, 23.1124736], [113.2440664, 23.1123736]]]]}, "properties": {"id": "11549e36-06ba-4ce3-b4b9-108e8bb9c010", "names": {"primary": "文化公园", "common": [["en", "Cultural Park"], ["zh", "文化公园"]], "rules": null}, "sources": [{"property": "", "dataset": "OpenStreetMap", "license": "ODbL-1.0", "record_id": "r19655434@1", "update_time": "2025-09-28T04:25:20.000Z", "confidence": null, "between": null, "provider": "osm", "resource": "planet", "version": "2026-09-06T00:00:00.000Z"}], "level": null, "height": null, "min_height": null, "is_underground": false, "num_floors": null, "num_floors_underground": 4, "min_floor": null, "subtype": "transportation", "class": "train_station", "facade_color": null, "facade_material": null, "roof_material": null, "roof_shape": null, "roof_direction": null, "roof_orientation": null, "roof_color": null, "roof_height": null, "has_parts": false, "version": 3, "bbox": {"xmin": 113.2440414428711, "xmax": 113.244873046875, "ymin": 23.11117172241211, "ymax": 23.11247444152832}}}, {"type": "Feature", "id": "0df96fba-87bc-40fe-bf9e-a7b14dca8724", "geometry": {"type": "Polygon", "coordinates": [[[113.2452782, 23.1092957], [113.2453626, 23.1093342], [113.2453215, 23.1094129], [113.2452351, 23.1093744], [113.2452782, 23.1092957]]]}, "properties": {"id": "0df96fba-87bc-40fe-bf9e-a7b14dca8724", "names": null, "sources": [{"property": "", "dataset": "doi:10.5281/zenodo.8174931", "license": null, "record_id": null, "update_time": "2024-11-01T00:00:00.000Z", "confidence": null, "between": null, "provider": "zenodo", "resource": "east_asian_buildings", "version": "2024-11-01"}], "level": null, "height": null, "min_height": null, "is_underground": false, "num_floors": null, "num_floors_underground": null, "min_floor": null, "subtype": null, "class": null, "facade_color": null, "facade_material": null, "roof_material": null, "roof_shape": null, "roof_direction": null, "roof_orientation": null, "roof_color": null, "roof_height": null, "has_parts": false, "version": 1, "bbox": {"xmin": 113.24523162841797, "xmax": 113.24537658691406, "ymin": 23.109294891357422, "ymax": 23.109413146972656}}}, {"type": "Feature", "id": "1e6218ae-0f4f-44ef-8219-aa719a77e151", "geometry": {"type": "Polygon", "coordinates": [[[113.2449752, 23.1099521], [113.2447969, 23.1099302], [113.2448393, 23.1096367], [113.2450177, 23.1096585], [113.2449752, 23.1099521]]]}, "properties": {"id": "1e6218ae-0f4f-44ef-8219-aa719a77e151", "names": null, "sources": [{"property": "", "dataset": "OpenStreetMap", "license": "ODbL-1.0", "record_id": "w355434644@3", "update_time": "2022-07-15T16:53:48.000Z", "confidence": null, "between": null, "provider": "osm", "resource": "planet", "version": "2026-09-06T00:00:00.000Z"}], "level": null, "height": null, "min_height": null, "is_underground": false, "num_floors": null, "num_floors_underground": null, "min_floor": null, "subtype": "civic", "class": null, "facade_color": null, "facade_material": null, "roof_material": null, "roof_shape": null, "roof_direction": null, "roof_orientation": null, "roof_color": null, "roof_height": null, "has_parts": false, "version": 1, "bbox": {"xmin": 113.24479675292969, "xmax": 113.2450180053711, "ymin": 23.109636306762695, "ymax": 23.109952926635742}}}, {"type": "Feature", "id": "dcc867f8-20c2-48e9-8ef6-8fe32ab1a23e", "geometry": {"type": "Polygon", "coordinates": [[[113.2448875, 23.1100864], [113.2448876, 23.1101314], [113.2447561, 23.1101338], [113.2447561, 23.1100888], [113.2448875, 23.1100864]]]}, "properties": {"id": "dcc867f8-20c2-48e9-8ef6-8fe32ab1a23e", "names": null, "sources": [{"property": "", "dataset": "doi:10.5281/zenodo.8174931", "license": null, "record_id": null, "update_time": "2024-11-01T00:00:00.000Z", "confidence": null, "between": null, "provider": "zenodo", "resource": "east_asian_buildings", "version": "2024-11-01"}], "level": null, "height": null, "min_height": null, "is_underground": false, "num_floors": null, "num_floors_underground": null, "min_floor": null, "subtype": null, "class": null, "facade_color": null, "facade_material": null, "roof_material": null, "roof_shape": null, "roof_direction": null, "roof_orientation": null, "roof_color": null, "roof_height": null, "has_parts": false, "version": 1, "bbox": {"xmin": 113.24474334716797, "xmax": 113.24488830566406, "ymin": 23.110084533691406, "ymax": 23.11013412475586}}}, {"type": "Feature", "id": "7e3b9889-74a8-4367-b1e4-8a3d5225e417", "geometry": {"type": "Polygon", "coordinates": [[[113.2450372, 23.1103102], [113.2447047, 23.1102901], [113.2447127, 23.1101781], [113.2450452, 23.1101982], [113.2450372, 23.1103102]]]}, "properties": {"id": "7e3b9889-74a8-4367-b1e4-8a3d5225e417", "names": null, "sources": [{"property": "", "dataset": "OpenStreetMap", "license": "ODbL-1.0", "record_id": "w1078864695@1", "update_time": "2022-07-15T16:53:48.000Z", "confidence": null, "between": null, "provider": "osm", "resource": "planet", "version": "2026-09-06T00:00:00.000Z"}], "level": null, "height": null, "min_height": null, "is_underground": false, "num_floors": null, "num_floors_underground": null, "min_floor": null, "subtype": null, "class": null, "facade_color": null, "facade_material": null, "roof_material": null, "roof_shape": null, "roof_direction": null, "roof_orientation": null, "roof_color": null, "roof_height": null, "has_parts": false, "version": 1, "bbox": {"xmin": 113.24468994140625, "xmax": 113.24504852294922, "ymin": 23.110177993774414, "ymax": 23.110313415527344}}}, {"type": "Feature", "id": "43cb8cf8-198b-4933-b4fe-083706d97f47", "geometry": {"type": "Polygon", "coordinates": [[[113.2449333, 23.1109204], [113.2447574, 23.1109173], [113.2447662, 23.1106798], [113.2446929, 23.1106753], [113.2446952, 23.1103025], [113.2450384, 23.1103171], [113.2450322, 23.1106036], [113.2449884, 23.1108645], [113.2449333, 23.1109204]]]}, "properties": {"id": "43cb8cf8-198b-4933-b4fe-083706d97f47", "names": {"primary": "广州岭南国际电子数码广场", "common": [["zh", "广州岭南国际电子数码广场"]], "rules": null}, "sources": [{"property": "", "dataset": "OpenStreetMap", "license": "ODbL-1.0", "record_id": "w934154749@3", "update_time": "2022-10-02T16:23:26.000Z", "confidence": null, "between": null, "provider": "osm", "resource": "planet", "version": "2026-09-06T00:00:00.000Z"}], "level": null, "height": null, "min_height": null, "is_underground": false, "num_floors": 7, "num_floors_underground": null, "min_floor": null, "subtype": null, "class": null, "facade_color": null, "facade_material": null, "roof_material": null, "roof_shape": null, "roof_direction": null, "roof_orientation": null, "roof_color": null, "roof_height": null, "has_parts": false, "version": 1, "bbox": {"xmin": 113.24468994140625, "xmax": 113.24504089355469, "ymin": 23.110301971435547, "ymax": 23.110923767089844}}}, {"type": "Feature", "id": "6981cd5c-ad6f-44fa-afcb-adb39b95af52", "geometry": {"type": "Polygon", "coordinates": [[[113.2454727, 23.1107498], [113.2452769, 23.1107343], [113.2453236, 23.1102889], [113.2455158, 23.1103069], [113.2454727, 23.1107498]]]}, "properties": {"id": "6981cd5c-ad6f-44fa-afcb-adb39b95af52", "names": null, "sources": [{"property": "", "dataset": "OpenStreetMap", "license": "ODbL-1.0", "record_id": "w934154750@2", "update_time": "2022-07-15T16:53:48.000Z", "confidence": null, "between": null, "provider": "osm", "resource": "planet", "version": "2026-09-06T00:00:00.000Z"}], "level": null, "height": null, "min_height": null, "is_underground": false, "num_floors": 10, "num_floors_underground": null, "min_floor": null, "subtype": null, "class": null, "facade_color": null, "facade_material": null, "roof_material": null, "roof_shape": null, "roof_direction": null, "roof_orientation": null, "roof_color": null, "roof_height": null, "has_parts": false, "version": 1, "bbox": {"xmin": 113.2452621459961, "xmax": 113.24552917480469, "ymin": 23.110288619995117, "ymax": 23.110750198364258}}}, {"type": "Feature", "id": "a1a328e4-23db-4e25-9d34-572b76a812d9", "geometry": {"type": "Polygon", "coordinates": [[[113.2458882, 23.1110482], [113.2451969, 23.1110268], [113.2452174, 23.11077], [113.2459048, 23.1107902], [113.2458882, 23.1110482]]]}, "properties": {"id": "a1a328e4-23db-4e25-9d34-572b76a812d9", "names": {"primary": "广州南太日用品批发市场", "common": [["zh", "广州南太日用品批发市场"]], "rules": null}, "sources": [{"property": "", "dataset": "OpenStreetMap", "license": "ODbL-1.0", "record_id": "w934154748@2", "update_time": "2022-10-02T16:23:26.000Z", "confidence": null, "between": null, "provider": "osm", "resource": "planet", "version": "2026-09-06T00:00:00.000Z"}], "level": null, "height": null, "min_height": null, "is_underground": false, "num_floors": 7, "num_floors_underground": null, "min_floor": null, "subtype": null, "class": null, "facade_color": null, "facade_material": null, "roof_material": null, "roof_shape": null, "roof_direction": null, "roof_orientation": null, "roof_color": null, "roof_height": null, "has_parts": false, "version": 1, "bbox": {"xmin": 113.24519348144531, "xmax": 113.24591827392578, "ymin": 23.110769271850586, "ymax": 23.111051559448242}}}, {"type": "Feature", "id": "8a172017-b984-4794-90d8-0bb31da838f0", "geometry": {"type": "Polygon", "coordinates": [[[113.2437633, 23.1101999], [113.2436259, 23.1102018], [113.2436224, 23.109983], [113.2437598, 23.1099812], [113.2437633, 23.1101999]]]}, "properties": {"id": "8a172017-b984-4794-90d8-0bb31da838f0", "names": null, "sources": [{"property": "", "dataset": "OpenStreetMap", "license": "ODbL-1.0", "record_id": "w1311803376@3", "update_time": "2026-06-18T09:43:47.000Z", "confidence": null, "between": null, "provider": "osm", "resource": "planet", "version": "2026-09-06T00:00:00.000Z"}], "level": null, "height": null, "min_height": null, "is_underground": false, "num_floors": 1, "num_floors_underground": null, "min_floor": null, "subtype": null, "class": null, "facade_color": "#FFFF00", "facade_material": null, "roof_material": null, "roof_shape": "hipped", "roof_direction": null, "roof_orientation": null, "roof_color": "#8B4513", "roof_height": null, "has_parts": false, "version": 3, "bbox": {"xmin": 113.24362182617188, "xmax": 113.24376678466797, "ymin": 23.10997772216797, "ymax": 23.110204696655273}}}, {"type": "Feature", "id": "734c5093-5938-4d3c-9b1b-75853d91db7e", "geometry": {"type": "Polygon", "coordinates": [[[113.2434667, 23.1102498], [113.2435288, 23.1102498], [113.2435288, 23.1102976], [113.2434667, 23.1102977], [113.2434667, 23.1102498]]]}, "properties": {"id": "734c5093-5938-4d3c-9b1b-75853d91db7e", "names": null, "sources": [{"property": "", "dataset": "doi:10.5281/zenodo.8174931", "license": null, "record_id": null, "update_time": "2024-11-01T00:00:00.000Z", "confidence": null, "between": null, "provider": "zenodo", "resource": "east_asian_buildings", "version": "2024-11-01"}], "level": null, "height": null, "min_height": null, "is_underground": false, "num_floors": null, "num_floors_underground": null, "min_floor": null, "subtype": null, "class": null, "facade_color": null, "facade_material": null, "roof_material": null, "roof_shape": null, "roof_direction": null, "roof_orientation": null, "roof_color": null, "roof_height": null, "has_parts": false, "version": 1, "bbox": {"xmin": 113.24345397949219, "xmax": 113.2435302734375, "ymin": 23.110246658325195, "ymax": 23.11029815673828}}}, {"type": "Feature", "id": "47355820-5a3b-43d0-9406-20df4e938a42", "geometry": {"type": "Polygon", "coordinates": [[[113.2436588, 23.1104115], [113.2436703, 23.1105193], [113.2436411, 23.1105219], [113.2436296, 23.1104141], [113.2436588, 23.1104115]]]}, "properties": {"id": "47355820-5a3b-43d0-9406-20df4e938a42", "names": null, "sources": [{"property": "", "dataset": "doi:10.5281/zenodo.8174931", "license": null, "record_id": null, "update_time": "2024-11-01T00:00:00.000Z", "confidence": null, "between": null, "provider": "zenodo", "resource": "east_asian_buildings", "version": "2024-11-01"}], "level": null, "height": null, "min_height": null, "is_underground": false, "num_floors": null, "num_floors_underground": null, "min_floor": null, "subtype": null, "class": null, "facade_color": null, "facade_material": null, "roof_material": null, "roof_shape": null, "roof_direction": null, "roof_orientation": null, "roof_color": null, "roof_height": null, "has_parts": false, "version": 1, "bbox": {"xmin": 113.2436294555664, "xmax": 113.24368286132812, "ymin": 23.110410690307617, "ymax": 23.110525131225586}}}, {"type": "Feature", "id": "27939e17-a217-480c-9c2b-0f9f072703d9", "geometry": {"type": "Polygon", "coordinates": [[[113.2436129, 23.1105557], [113.2434786, 23.11056], [113.2434739, 23.1104151], [113.243607, 23.1104086], [113.2436129, 23.1105557]]]}, "properties": {"id": "27939e17-a217-480c-9c2b-0f9f072703d9", "names": null, "sources": [{"property": "", "dataset": "OpenStreetMap", "license": "ODbL-1.0", "record_id": "w515400663@1", "update_time": "2017-08-14T03:15:18.000Z", "confidence": null, "between": null, "provider": "osm", "resource": "planet", "version": "2026-09-06T00:00:00.000Z"}], "level": null, "height": null, "min_height": null, "is_underground": false, "num_floors": null, "num_floors_underground": null, "min_floor": null, "subtype": null, "class": null, "facade_color": null, "facade_material": null, "roof_material": null, "roof_shape": null, "roof_direction": null, "roof_orientation": null, "roof_color": null, "roof_height": null, "has_parts": false, "version": 1, "bbox": {"xmin": 113.24346160888672, "xmax": 113.24361419677734, "ymin": 23.11040496826172, "ymax": 23.110563278198242}}}, {"type": "Feature", "id": "3362c220-2a7b-4e44-8a5b-a9dc2012da4a", "geometry": {"type": "Polygon", "coordinates": [[[113.2433666, 23.1106309], [113.2431987, 23.110638], [113.2431941, 23.1105388], [113.243362, 23.1105317], [113.2433666, 23.1106309]]]}, "properties": {"id": "3362c220-2a7b-4e44-8a5b-a9dc2012da4a", "names": null, "sources": [{"property": "", "dataset": "OpenStreetMap", "license": "ODbL-1.0", "record_id": "w515400661@1", "update_time": "2017-08-14T03:15:17.000Z", "confidence": null, "between": null, "provider": "osm", "resource": "planet", "version": "2026-09-06T00:00:00.000Z"}], "level": null, "height": null, "min_height": null, "is_underground": false, "num_floors": null, "num_floors_underground": null, "min_floor": null, "subtype": null, "class": null, "facade_color": null, "facade_material": null, "roof_material": null, "roof_shape": null, "roof_direction": null, "roof_orientation": null, "roof_color": null, "roof_height": null, "has_parts": false, "version": 1, "bbox": {"xmin": 113.24317932128906, "xmax": 113.24337005615234, "ymin": 23.110530853271484, "ymax": 23.110641479492188}}}, {"type": "Feature", "id": "7e817b67-1868-429f-9dfd-2a50b6be344d", "geometry": {"type": "Polygon", "coordinates": [[[113.243149, 23.1105722], [113.2430975, 23.1105736], [113.2430936, 23.1104518], [113.2431452, 23.1104518], [113.243149, 23.1105722]]]}, "properties": {"id": "7e817b67-1868-429f-9dfd-2a50b6be344d", "names": null, "sources": [{"property": "", "dataset": "OpenStreetMap", "license": "ODbL-1.0", "record_id": "w515400662@1", "update_time": "2017-08-14T03:15:18.000Z", "confidence": null, "between": null, "provider": "osm", "resource": "planet", "version": "2026-09-06T00:00:00.000Z"}], "level": null, "height": null, "min_height": null, "is_underground": false, "num_floors": null, "num_floors_underground": null, "min_floor": null, "subtype": null, "class": null, "facade_color": null, "facade_material": null, "roof_material": null, "roof_shape": null, "roof_direction": null, "roof_orientation": null, "roof_color": null, "roof_height": null, "has_parts": false, "version": 1, "bbox": {"xmin": 113.24308013916016, "xmax": 113.2431640625, "ymin": 23.110448837280273, "ymax": 23.110576629638672}}}, {"type": "Feature", "id": "ea6a2108-c111-4ab5-8221-df6813166d48", "geometry": {"type": "Polygon", "coordinates": [[[113.2430346, 23.1106378], [113.2429007, 23.1106417], [113.2428871, 23.1102528], [113.2430209, 23.1102489], [113.2430346, 23.1106378]]]}, "properties": {"id": "ea6a2108-c111-4ab5-8221-df6813166d48", "names": null, "sources": [{"property": "", "dataset": "OpenStreetMap", "license": "ODbL-1.0", "record_id": "w352610281@1", "update_time": "2015-06-09T14:58:41.000Z", "confidence": null, "between": null, "provider": "osm", "resource": "planet", "version": "2026-09-06T00:00:00.000Z"}], "level": null, "height": null, "min_height": null, "is_underground": false, "num_floors": null, "num_floors_underground": null, "min_floor": null, "subtype": null, "class": null, "facade_color": null, "facade_material": null, "roof_material": null, "roof_shape": null, "roof_direction": null, "roof_orientation": null, "roof_color": null, "roof_height": null, "has_parts": false, "version": 1, "bbox": {"xmin": 113.24287414550781, "xmax": 113.24304962158203, "ymin": 23.110248565673828, "ymax": 23.110645294189453}}}, {"type": "Feature", "id": "e07cfd00-167f-413d-8185-47de72275edc", "geometry": {"type": "Polygon", "coordinates": [[[113.2433677, 23.1104782], [113.2433438, 23.1104783], [113.2433422, 23.110411], [113.2433684, 23.1104103], [113.2433684, 23.1103508], [113.2434686, 23.1103487], [113.2434708, 23.1105348], [113.2433697, 23.1105362], [113.2433677, 23.1104782]]]}, "properties": {"id": "e07cfd00-167f-413d-8185-47de72275edc", "names": null, "sources": [{"property": "", "dataset": "OpenStreetMap", "license": "ODbL-1.0", "record_id": "w515400664@1", "update_time": "2017-08-14T03:15:18.000Z", "confidence": null, "between": null, "provider": "osm", "resource": "planet", "version": "2026-09-06T00:00:00.000Z"}], "level": null, "height": null, "min_height": null, "is_underground": false, "num_floors": null, "num_floors_underground": null, "min_floor": null, "subtype": null, "class": null, "facade_color": null, "facade_material": null, "roof_material": null, "roof_shape": null, "roof_direction": null, "roof_orientation": null, "roof_color": null, "roof_height": null, "has_parts": false, "version": 1, "bbox": {"xmin": 113.24333953857422, "xmax": 113.24348449707031, "ymin": 23.110347747802734, "ymax": 23.110536575317383}}}, {"type": "Feature", "id": "17c1a12d-334d-4355-bfbc-0f1e3ed74820", "geometry": {"type": "Polygon", "coordinates": [[[113.2435422, 23.1102299], [113.2432857, 23.1102363], [113.2432865, 23.1102002], [113.2435438, 23.1101938], [113.2435422, 23.1102299]]]}, "properties": {"id": "17c1a12d-334d-4355-bfbc-0f1e3ed74820", "names": null, "sources": [{"property": "", "dataset": "OpenStreetMap", "license": "ODbL-1.0", "record_id": "w515400665@1", "update_time": "2017-08-14T03:15:18.000Z", "confidence": null, "between": null, "provider": "osm", "resource": "planet", "version": "2026-09-06T00:00:00.000Z"}], "level": null, "height": null, "min_height": null, "is_underground": false, "num_floors": null, "num_floors_underground": null, "min_floor": null, "subtype": null, "class": null, "facade_color": null, "facade_material": null, "roof_material": null, "roof_shape": null, "roof_direction": null, "roof_orientation": null, "roof_color": null, "roof_height": null, "has_parts": false, "version": 1, "bbox": {"xmin": 113.24327087402344, "xmax": 113.24354553222656, "ymin": 23.110193252563477, "ymax": 23.11023712158203}}}, {"type": "Feature", "id": "506b0d79-90b9-4eb5-9101-5c97f9eb6b42", "geometry": {"type": "Polygon", "coordinates": [[[113.2435451, 23.1101508], [113.2430926, 23.1101642], [113.2430825, 23.1098765], [113.243535, 23.1098631], [113.2435451, 23.1101508]]]}, "properties": {"id": "506b0d79-90b9-4eb5-9101-5c97f9eb6b42", "names": {"primary": "海关宿舍", "common": [["zh", "海关宿舍"]], "rules": null}, "sources": [{"property": "", "dataset": "OpenStreetMap", "license": "ODbL-1.0", "record_id": "w352610283@6", "update_time": "2026-05-25T11:59:41.000Z", "confidence": null, "between": null, "provider": "osm", "resource": "planet", "version": "2026-09-06T00:00:00.000Z"}], "level": null, "height": null, "min_height": null, "is_underground": false, "num_floors": 3, "num_floors_underground": null, "min_floor": null, "subtype": "residential", "class": "dormitory", "facade_color": null, "facade_material": "brick", "roof_material": null, "roof_shape": null, "roof_direction": null, "roof_orientation": null, "roof_color": null, "roof_height": null, "has_parts": false, "version": 2, "bbox": {"xmin": 113.24308013916016, "xmax": 113.24354553222656, "ymin": 23.109859466552734, "ymax": 23.110164642333984}}}, {"type": "Feature", "id": "cd6a73d6-a321-466a-8898-8fff6794d370", "geometry": {"type": "Polygon", "coordinates": [[[113.2430352, 23.1099792], [113.2428032, 23.1099874], [113.2428001, 23.1099134], [113.2430321, 23.1099052], [113.2430352, 23.1099792]]]}, "properties": {"id": "cd6a73d6-a321-466a-8898-8fff6794d370", "names": null, "sources": [{"property": "", "dataset": "OpenStreetMap", "license": "ODbL-1.0", "record_id": "w982039991@3", "update_time": "2026-05-25T11:59:41.000Z", "confidence": null, "between": null, "provider": "osm", "resource": "planet", "version": "2026-09-06T00:00:00.000Z"}], "level": null, "height": null, "min_height": null, "is_underground": false, "num_floors": 3, "num_floors_underground": null, "min_floor": null, "subtype": null, "class": null, "facade_color": "#FFFFFF", "facade_material": null, "roof_material": null, "roof_shape": null, "roof_direction": null, "roof_orientation": null, "roof_color": null, "roof_height": null, "has_parts": false, "version": 2, "bbox": {"xmin": 113.2427978515625, "xmax": 113.24304962158203, "ymin": 23.10990333557129, "ymax": 23.1099910736084}}}, {"type": "Feature", "id": "1f068885-c770-4528-9045-daf1ed7ef03f", "geometry": {"type": "Polygon", "coordinates": [[[113.2427924, 23.1101119], [113.2425376, 23.1101195], [113.2425308, 23.1099271], [113.2427856, 23.1099195], [113.2427924, 23.1101119]]]}, "properties": {"id": "1f068885-c770-4528-9045-daf1ed7ef03f", "names": null, "sources": [{"property": "", "dataset": "OpenStreetMap", "license": "ODbL-1.0", "record_id": "w352610321@3", "update_time": "2026-05-25T11:59:41.000Z", "confidence": null, "between": null, "provider": "osm", "resource": "planet", "version": "2026-09-06T00:00:00.000Z"}], "level": null, "height": null, "min_height": null, "is_underground": false, "num_floors": 3, "num_floors_underground": null, "min_floor": null, "subtype": null, "class": null, "facade_color": "#FFFF00", "facade_material": null, "roof_material": null, "roof_shape": null, "roof_direction": null, "roof_orientation": null, "roof_color": null, "roof_height": null, "has_parts": false, "version": 2, "bbox": {"xmin": 113.24251556396484, "xmax": 113.24280548095703, "ymin": 23.10991859436035, "ymax": 23.110122680664062}}}, {"type": "Feature", "id": "4da482f4-48f3-4da4-b95c-2e7d6e27b9ae", "geometry": {"type": "Polygon", "coordinates": [[[113.2424195, 23.1101607], [113.2423337, 23.1101645], [113.2423221, 23.1099431], [113.2423473, 23.1099418], [113.2423461, 23.1099078], [113.2423831, 23.1099067], [113.2423843, 23.1099407], [113.2424079, 23.1099395], [113.2424195, 23.1101607]]]}, "properties": {"id": "4da482f4-48f3-4da4-b95c-2e7d6e27b9ae", "names": {"primary": "天主教路德堂", "common": [["en", "Church of Our Lady of Lourdes"], ["fr", "Église Notre-Dame-de-Lourdes"], ["zh", "天主教路德堂"]], "rules": null}, "sources": [{"property": "", "dataset": "OpenStreetMap", "license": "ODbL-1.0", "record_id": "w392765468@8", "update_time": "2026-05-25T11:59:41.000Z", "confidence": null, "between": null, "provider": "osm", "resource": "planet", "version": "2026-09-06T00:00:00.000Z"}], "level": null, "height": null, "min_height": null, "is_underground": false, "num_floors": 1, "num_floors_underground": null, "min_floor": null, "subtype": "religious", "class": null, "facade_color": "#FFFFFF", "facade_material": null, "roof_material": null, "roof_shape": "gabled", "roof_direction": null, "roof_orientation": null, "roof_color": null, "roof_height": null, "has_parts": true, "version": 3, "bbox": {"xmin": 113.2423095703125, "xmax": 113.242431640625, "ymin": 23.10990333557129, "ymax": 23.110164642333984}}}, {"type": "Feature", "id": "fc4c0ece-3897-4d1b-a03f-d3e771cff4c9", "geometry": {"type": "Polygon", "coordinates": [[[113.2423809, 23.1102125], [113.2424989, 23.1102125], [113.2423809, 23.1102322], [113.2423809, 23.1102125]]]}, "properties": {"id": "fc4c0ece-3897-4d1b-a03f-d3e771cff4c9", "names": null, "sources": [{"property": "", "dataset": "doi:10.5281/zenodo.8174931", "license": null, "record_id": null, "update_time": "2024-11-01T00:00:00.000Z", "confidence": null, "between": null, "provider": "zenodo", "resource": "east_asian_buildings", "version": "2024-11-01"}], "level": null, "height": null, "min_height": null, "is_underground": false, "num_floors": null, "num_floors_underground": null, "min_floor": null, "subtype": null, "class": null, "facade_color": null, "facade_material": null, "roof_material": null, "roof_shape": null, "roof_direction": null, "roof_orientation": null, "roof_color": null, "roof_height": null, "has_parts": false, "version": 1, "bbox": {"xmin": 113.24237823486328, "xmax": 113.24250030517578, "ymin": 23.110212326049805, "ymax": 23.1102352142334}}}, {"type": "Feature", "id": "4ae5fc4a-95da-475c-bb42-7468df4347d1", "geometry": {"type": "Polygon", "coordinates": [[[113.2425658, 23.1106396], [113.2425529, 23.11027], [113.2428008, 23.1102627], [113.2428138, 23.1106323], [113.2425658, 23.1106396]]]}, "properties": {"id": "4ae5fc4a-95da-475c-bb42-7468df4347d1", "names": null, "sources": [{"property": "", "dataset": "OpenStreetMap", "license": "ODbL-1.0", "record_id": "w352610318@1", "update_time": "2015-06-09T14:58:43.000Z", "confidence": null, "between": null, "provider": "osm", "resource": "planet", "version": "2026-09-06T00:00:00.000Z"}], "level": null, "height": null, "min_height": null, "is_underground": false, "num_floors": null, "num_floors_underground": null, "min_floor": null, "subtype": null, "class": null, "facade_color": null, "facade_material": null, "roof_material": null, "roof_shape": null, "roof_direction": null, "roof_orientation": null, "roof_color": null, "roof_height": null, "has_parts": false, "version": 1, "bbox": {"xmin": 113.24253845214844, "xmax": 113.24282836914062, "ymin": 23.110261917114258, "ymax": 23.110641479492188}}}, {"type": "Feature", "id": "4bdfc527-904a-4075-9ce4-1629dc3d42a7", "geometry": {"type": "Polygon", "coordinates": [[[113.2425321, 23.1106371], [113.2422971, 23.1106441], [113.2422847, 23.1102888], [113.2425197, 23.1102818], [113.2425321, 23.1106371]]]}, "properties": {"id": "4bdfc527-904a-4075-9ce4-1629dc3d42a7", "names": null, "sources": [{"property": "", "dataset": "OpenStreetMap", "license": "ODbL-1.0", "record_id": "w352610324@1", "update_time": "2015-06-09T14:58:44.000Z", "confidence": null, "between": null, "provider": "osm", "resource": "planet", "version": "2026-09-06T00:00:00.000Z"}], "level": null, "height": null, "min_height": null, "is_underground": false, "num_floors": null, "num_floors_underground": null, "min_floor": null, "subtype": null, "class": null, "facade_color": null, "facade_material": null, "roof_material": null, "roof_shape": null, "roof_direction": null, "roof_orientation": null, "roof_color": null, "roof_height": null, "has_parts": false, "version": 1, "bbox": {"xmin": 113.24227142333984, "xmax": 113.24254608154297, "ymin": 23.110280990600586, "ymax": 23.110647201538086}}}, {"type": "Feature", "id": "d17d6a86-197c-41ea-a1b3-8c32b834c1ad", "geometry": {"type": "Polygon", "coordinates": [[[113.2408925, 23.1106833], [113.2407563, 23.1106887], [113.2407459, 23.1104657], [113.2407828, 23.1104643], [113.240781, 23.1104239], [113.2408803, 23.11042], [113.2408925, 23.1106833]]]}, "properties": {"id": "d17d6a86-197c-41ea-a1b3-8c32b834c1ad", "names": null, "sources": [{"property": "", "dataset": "OpenStreetMap", "license": "ODbL-1.0", "record_id": "w982458081@1", "update_time": "2021-09-13T08:49:36.000Z", "confidence": null, "between": null, "provider": "osm", "resource": "planet", "version": "2026-09-06T00:00:00.000Z"}], "level": null, "height": null, "min_height": null, "is_underground": false, "num_floors": null, "num_floors_underground": null, "min_floor": null, "subtype": null, "class": null, "facade_color": null, "facade_material": null, "roof_material": null, "roof_shape": null, "roof_direction": null, "roof_orientation": null, "roof_color": null, "roof_height": null, "has_parts": false, "version": 1, "bbox": {"xmin": 113.2407455444336, "xmax": 113.24090576171875, "ymin": 23.110416412353516, "ymax": 23.110689163208008}}}, {"type": "Feature", "id": "f9c007c8-6b69-4300-9066-28ab71222473", "geometry": {"type": "Polygon", "coordinates": [[[113.2405207, 23.1104694], [113.2405177, 23.1103238], [113.2407804, 23.1103192], [113.240781, 23.1104239], [113.2407828, 23.1104643], [113.2407459, 23.1104657], [113.2405207, 23.1104694]]]}, "properties": {"id": "f9c007c8-6b69-4300-9066-28ab71222473", "names": {"primary": "漫豪思酒店", "common": [["en", "Manhao Hotel"]], "rules": null}, "sources": [{"property": "", "dataset": "OpenStreetMap", "license": "ODbL-1.0", "record_id": "w982458082@3", "update_time": "2026-05-03T08:25:56.000Z", "confidence": null, "between": null, "provider": "osm", "resource": "planet", "version": "2026-09-06T00:00:00.000Z"}], "level": null, "height": null, "min_height": null, "is_underground": false, "num_floors": null, "num_floors_underground": null, "min_floor": null, "subtype": null, "class": null, "facade_color": null, "facade_material": null, "roof_material": null, "roof_shape": null, "roof_direction": null, "roof_orientation": null, "roof_color": null, "roof_height": null, "has_parts": false, "version": 2, "bbox": {"xmin": 113.24051666259766, "xmax": 113.24078369140625, "ymin": 23.110319137573242, "ymax": 23.110469818115234}}}, {"type": "Feature", "id": "fa6313ce-7869-4614-9edc-7b932e7bca79", "geometry": {"type": "Polygon", "coordinates": [[[113.2407457, 23.1106521], [113.2405311, 23.1106569], [113.2405269, 23.1105003], [113.2407415, 23.1104955], [113.2407457, 23.1106521]]]}, "properties": {"id": "fa6313ce-7869-4614-9edc-7b932e7bca79", "names": {"primary": "沙面游泳幼儿园", "common": null, "rules": null}, "sources": [{"property": "", "dataset": "OpenStreetMap", "license": "ODbL-1.0", "record_id": "w982458085@2", "update_time": "2024-08-28T15:07:43.000Z", "confidence": null, "between": null, "provider": "osm", "resource": "planet", "version": "2026-09-06T00:00:00.000Z"}], "level": null, "height": null, "min_height": null, "is_underground": false, "num_floors": null, "num_floors_underground": null, "min_floor": null, "subtype": "education", "class": "kindergarten", "facade_color": null, "facade_material": null, "roof_material": null, "roof_shape": null, "roof_direction": null, "roof_orientation": null, "roof_color": null, "roof_height": null, "has_parts": false, "version": 1, "bbox": {"xmin": 113.24052429199219, "xmax": 113.24076080322266, "ymin": 23.11049461364746, "ymax": 23.110660552978516}}}, {"type": "Feature", "id": "7df0fc6b-c87c-457a-b8f7-2349b10f1f44", "geometry": {"type": "Polygon", "coordinates": [[[113.2400177, 23.1106723], [113.2398462, 23.1106775], [113.2398389, 23.1104762], [113.239834, 23.1103393], [113.2401779, 23.1103289], [113.2401756, 23.110264], [113.2403556, 23.1102585], [113.240363, 23.1104615], [113.2403702, 23.1106615], [113.2402, 23.1106667], [113.2400177, 23.1106723]]]}, "properties": {"id": "7df0fc6b-c87c-457a-b8f7-2349b10f1f44", "names": {"primary": "广东胜利宾馆", "common": [["en", "Guangdong Victory Hotel"], ["zh-Hant", "廣東勝利賓館"]], "rules": null}, "sources": [{"property": "", "dataset": "OpenStreetMap", "license": "ODbL-1.0", "record_id": "w1518044190@2", "update_time": "2026-05-22T18:16:15.000Z", "confidence": null, "between": null, "provider": "osm", "resource": "planet", "version": "2026-09-06T00:00:00.000Z"}], "level": null, "height": null, "min_height": null, "is_underground": false, "num_floors": 2, "num_floors_underground": null, "min_floor": null, "subtype": "commercial", "class": "hotel", "facade_color": null, "facade_material": null, "roof_material": null, "roof_shape": null, "roof_direction": null, "roof_orientation": null, "roof_color": null, "roof_height": null, "has_parts": true, "version": 2, "bbox": {"xmin": 113.23982238769531, "xmax": 113.24037170410156, "ymin": 23.110258102416992, "ymax": 23.11067771911621}}}, {"type": "Feature", "id": "784d3c9e-862f-4a97-b45f-1ce4def015f9", "geometry": {"type": "Polygon", "coordinates": [[[113.2402671, 23.1101657], [113.2401742, 23.110172], [113.2401727, 23.1101529], [113.2402656, 23.1101466], [113.2402671, 23.1101657]]]}, "properties": {"id": "784d3c9e-862f-4a97-b45f-1ce4def015f9", "names": null, "sources": [{"property": "", "dataset": "doi:10.5281/zenodo.8174931", "license": null, "record_id": null, "update_time": "2024-11-01T00:00:00.000Z", "confidence": null, "between": null, "provider": "zenodo", "resource": "east_asian_buildings", "version": "2024-11-01"}], "level": null, "height": null, "min_height": null, "is_underground": false, "num_floors": null, "num_floors_underground": null, "min_floor": null, "subtype": null, "class": null, "facade_color": null, "facade_material": null, "roof_material": null, "roof_shape": null, "roof_direction": null, "roof_orientation": null, "roof_color": null, "roof_height": null, "has_parts": false, "version": 1, "bbox": {"xmin": 113.24015808105469, "xmax": 113.24028015136719, "ymin": 23.110143661499023, "ymax": 23.110172271728516}}}, {"type": "Feature", "id": "d6bb4f0b-e50f-49d6-9c35-096c1707aeee", "geometry": {"type": "Polygon", "coordinates": [[[113.2403535, 23.1101362], [113.2400889, 23.110144], [113.2400926, 23.1102514], [113.2399155, 23.1102567], [113.2399117, 23.1101492], [113.2399059, 23.1099833], [113.2400831, 23.109978], [113.2403477, 23.1099702], [113.2403535, 23.1101362]]]}, "properties": {"id": "d6bb4f0b-e50f-49d6-9c35-096c1707aeee", "names": null, "sources": [{"property": "", "dataset": "OpenStreetMap", "license": "ODbL-1.0", "record_id": "w352610330@4", "update_time": "2026-06-18T09:43:47.000Z", "confidence": null, "between": null, "provider": "osm", "resource": "planet", "version": "2026-09-06T00:00:00.000Z"}], "level": null, "height": null, "min_height": null, "is_underground": false, "num_floors": 5, "num_floors_underground": null, "min_floor": null, "subtype": "education", "class": "school", "facade_color": "#FABDBC", "facade_material": null, "roof_material": null, "roof_shape": null, "roof_direction": null, "roof_orientation": null, "roof_color": null, "roof_height": null, "has_parts": false, "version": 2, "bbox": {"xmin": 113.2398910522461, "xmax": 113.2403564453125, "ymin": 23.109970092773438, "ymax": 23.110260009765625}}}, {"type": "Feature", "id": "cbd04bfe-a995-4d8c-b911-adaaba6169a0", "geometry": {"type": "Polygon", "coordinates": [[[113.2395934, 23.1103027], [113.239581, 23.1099491], [113.2398449, 23.1099413], [113.2398573, 23.1102949], [113.2395934, 23.1103027]]]}, "properties": {"id": "cbd04bfe-a995-4d8c-b911-adaaba6169a0", "names": null, "sources": [{"property": "", "dataset": "OpenStreetMap", "license": "ODbL-1.0", "record_id": "w352610314@2", "update_time": "2021-09-11T17:45:05.000Z", "confidence": null, "between": null, "provider": "osm", "resource": "planet", "version": "2026-09-06T00:00:00.000Z"}], "level": null, "height": null, "min_height": null, "is_underground": false, "num_floors": 3, "num_floors_underground": null, "min_floor": null, "subtype": null, "class": null, "facade_color": null, "facade_material": null, "roof_material": null, "roof_shape": null, "roof_direction": null, "roof_orientation": null, "roof_color": null, "roof_height": null, "has_parts": false, "version": 1, "bbox": {"xmin": 113.23957824707031, "xmax": 113.23986053466797, "ymin": 23.10993766784668, "ymax": 23.110305786132812}}}, {"type": "Feature", "id": "f0f9d6eb-0f10-45a4-87fc-73eb5aba5483", "geometry": {"type": "Polygon", "coordinates": [[[113.2405142, 23.1099622], [113.2407576, 23.109955], [113.2407631, 23.1101125], [113.2405198, 23.1101197], [113.2405142, 23.1099622]]]}, "properties": {"id": "f0f9d6eb-0f10-45a4-87fc-73eb5aba5483", "names": null, "sources": [{"property": "", "dataset": "OpenStreetMap", "license": "ODbL-1.0", "record_id": "w352610299@4", "update_time": "2026-06-18T09:43:47.000Z", "confidence": null, "between": null, "provider": "osm", "resource": "planet", "version": "2026-09-06T00:00:00.000Z"}], "level": null, "height": null, "min_height": null, "is_underground": false, "num_floors": 2, "num_floors_underground": null, "min_floor": null, "subtype": null, "class": null, "facade_color": "#FFFF00", "facade_material": null, "roof_material": null, "roof_shape": "hipped", "roof_direction": null, "roof_orientation": null, "roof_color": null, "roof_height": null, "has_parts": false, "version": 3, "bbox": {"xmin": 113.2405014038086, "xmax": 113.24077606201172, "ymin": 23.109954833984375, "ymax": 23.110122680664062}}}, {"type": "Feature", "id": "79a7e5c2-3217-4f33-94df-cbf461d5ab40", "geometry": {"type": "Polygon", "coordinates": [[[113.2407735, 23.1102441], [113.240639, 23.1102487], [113.2406375, 23.1102104], [113.240772, 23.1102058], [113.2407735, 23.1102441]]]}, "properties": {"id": "79a7e5c2-3217-4f33-94df-cbf461d5ab40", "names": null, "sources": [{"property": "", "dataset": "doi:10.5281/zenodo.8174931", "license": null, "record_id": null, "update_time": "2024-11-01T00:00:00.000Z", "confidence": null, "between": null, "provider": "zenodo", "resource": "east_asian_buildings", "version": "2024-11-01"}], "level": null, "height": null, "min_height": null, "is_underground": false, "num_floors": null, "num_floors_underground": null, "min_floor": null, "subtype": null, "class": null, "facade_color": null, "facade_material": null, "roof_material": null, "roof_shape": null, "roof_direction": null, "roof_orientation": null, "roof_color": null, "roof_height": null, "has_parts": false, "version": 1, "bbox": {"xmin": 113.2406234741211, "xmax": 113.24077606201172, "ymin": 23.11020278930664, "ymax": 23.110252380371094}}}, {"type": "Feature", "id": "366068c3-e49e-4139-aa6d-87f85d59e258", "geometry": {"type": "Polygon", "coordinates": [[[113.2408754, 23.1101656], [113.2407957, 23.1101674], [113.2407901, 23.109958], [113.2408698, 23.1099562], [113.2408754, 23.1101656]]]}, "properties": {"id": "366068c3-e49e-4139-aa6d-87f85d59e258", "names": null, "sources": [{"property": "", "dataset": "OpenStreetMap", "license": "ODbL-1.0", "record_id": "w982371453@2", "update_time": "2026-05-25T11:59:41.000Z", "confidence": null, "between": null, "provider": "osm", "resource": "planet", "version": "2026-09-06T00:00:00.000Z"}], "level": null, "height": null, "min_height": null, "is_underground": false, "num_floors": 2, "num_floors_underground": null, "min_floor": null, "subtype": null, "class": null, "facade_color": "#FFA500", "facade_material": null, "roof_material": null, "roof_shape": null, "roof_direction": null, "roof_orientation": null, "roof_color": null, "roof_height": null, "has_parts": false, "version": 1, "bbox": {"xmin": 113.24077606201172, "xmax": 113.24089050292969, "ymin": 23.109952926635742, "ymax": 23.110170364379883}}}, {"type": "Feature", "id": "0b6a3c8e-5597-4250-8969-0e765336c6d7", "geometry": {"type": "Polygon", "coordinates": [[[113.2415727, 23.1101742], [113.2413559, 23.1101806], [113.2413463, 23.1099048], [113.2415631, 23.1098984], [113.2415727, 23.1101742]]]}, "properties": {"id": "0b6a3c8e-5597-4250-8969-0e765336c6d7", "names": {"primary": "台湾银行广州支行(日)旧址", "common": null, "rules": null}, "sources": [{"property": "", "dataset": "OpenStreetMap", "license": "ODbL-1.0", "record_id": "w352610322@3", "update_time": "2026-05-25T11:59:41.000Z", "confidence": null, "between": null, "provider": "osm", "resource": "planet", "version": "2026-09-06T00:00:00.000Z"}], "level": null, "height": null, "min_height": null, "is_underground": false, "num_floors": 3, "num_floors_underground": null, "min_floor": null, "subtype": null, "class": null, "facade_color": "#FFFF00", "facade_material": null, "roof_material": null, "roof_shape": null, "roof_direction": null, "roof_orientation": null, "roof_color": null, "roof_height": null, "has_parts": false, "version": 2, "bbox": {"xmin": 113.2413330078125, "xmax": 113.24158477783203, "ymin": 23.10989761352539, "ymax": 23.110183715820312}}}, {"type": "Feature", "id": "5d2b2a87-8fd9-4ebb-b4b4-998d5b1ac174", "geometry": {"type": "Polygon", "coordinates": [[[113.2415719, 23.1101981], [113.2415794, 23.1102633], [113.2414473, 23.1102761], [113.2414399, 23.1102109], [113.2415719, 23.1101981]]]}, "properties": {"id": "5d2b2a87-8fd9-4ebb-b4b4-998d5b1ac174", "names": null, "sources": [{"property": "", "dataset": "OpenStreetMap", "license": "ODbL-1.0", "record_id": "w982458084@1", "update_time": "2021-09-13T08:49:36.000Z", "confidence": null, "between": null, "provider": "osm", "resource": "planet", "version": "2026-09-06T00:00:00.000Z"}], "level": null, "height": null, "min_height": null, "is_underground": false, "num_floors": null, "num_floors_underground": null, "min_floor": null, "subtype": null, "class": null, "facade_color": null, "facade_material": null, "roof_material": null, "roof_shape": null, "roof_direction": null, "roof_orientation": null, "roof_color": null, "roof_height": null, "has_parts": false, "version": 1, "bbox": {"xmin": 113.24143981933594, "xmax": 113.24159240722656, "ymin": 23.11019515991211, "ymax": 23.110279083251953}}}, {"type": "Feature", "id": "1b356550-490c-4ca6-9990-ff66d18b6302", "geometry": {"type": "Polygon", "coordinates": [[[113.2413177, 23.1101646], [113.241085, 23.1101714], [113.2410773, 23.1099525], [113.2413101, 23.1099456], [113.2413177, 23.1101646]]]}, "properties": {"id": "1b356550-490c-4ca6-9990-ff66d18b6302", "names": null, "sources": [{"property": "", "dataset": "OpenStreetMap", "license": "ODbL-1.0", "record_id": "w352610301@1", "update_time": "2015-06-09T14:58:42.000Z", "confidence": null, "between": null, "provider": "osm", "resource": "planet", "version": "2026-09-06T00:00:00.000Z"}], "level": null, "height": null, "min_height": null, "is_underground": false, "num_floors": null, "num_floors_underground": null, "min_floor": null, "subtype": null, "class": null, "facade_color": null, "facade_material": null, "roof_material": null, "roof_shape": null, "roof_direction": null, "roof_orientation": null, "roof_color": null, "roof_height": null, "has_parts": false, "version": 1, "bbox": {"xmin": 113.24107360839844, "xmax": 113.24131774902344, "ymin": 23.10994529724121, "ymax": 23.110172271728516}}}, {"type": "Feature", "id": "0b2e9e07-ff4f-4ebf-9399-c22f10cfe8d1", "geometry": {"type": "Polygon", "coordinates": [[[113.2410642, 23.1101659], [113.2409899, 23.1101671], [113.2409869, 23.110017], [113.2409436, 23.1100177], [113.2409423, 23.1099507], [113.24106, 23.1099488], [113.2410642, 23.1101659]]]}, "properties": {"id": "0b2e9e07-ff4f-4ebf-9399-c22f10cfe8d1", "names": null, "sources": [{"property": "", "dataset": "OpenStreetMap", "license": "ODbL-1.0", "record_id": "w1521332868@1", "update_time": "2026-05-25T11:59:41.000Z", "confidence": null, "between": null, "provider": "osm", "resource": "planet", "version": "2026-09-06T00:00:00.000Z"}], "level": null, "height": null, "min_height": null, "is_underground": false, "num_floors": 1, "num_floors_underground": null, "min_floor": null, "subtype": null, "class": null, "facade_color": "#FFA500", "facade_material": null, "roof_material": null, "roof_shape": null, "roof_direction": null, "roof_orientation": null, "roof_color": null, "roof_height": null, "has_parts": false, "version": 1, "bbox": {"xmin": 113.24092864990234, "xmax": 113.2410659790039, "ymin": 23.10994529724121, "ymax": 23.110170364379883}}}, {"type": "Feature", "id": "349a1f70-f48d-4e84-a520-0f16b5b8d7d1", "geometry": {"type": "Polygon", "coordinates": [[[113.2409315, 23.1101679], [113.2409967, 23.1101697], [113.2409947, 23.1102228], [113.2409305, 23.1102209], [113.2409315, 23.1101679]]]}, "properties": {"id": "349a1f70-f48d-4e84-a520-0f16b5b8d7d1", "names": null, "sources": [{"property": "", "dataset": "doi:10.5281/zenodo.8174931", "license": null, "record_id": null, "update_time": "2024-11-01T00:00:00.000Z", "confidence": null, "between": null, "provider": "zenodo", "resource": "east_asian_buildings", "version": "2024-11-01"}], "level": null, "height": null, "min_height": null, "is_underground": false, "num_floors": null, "num_floors_underground": null, "min_floor": null, "subtype": null, "class": null, "facade_color": null, "facade_material": null, "roof_material": null, "roof_shape": null, "roof_direction": null, "roof_orientation": null, "roof_color": null, "roof_height": null, "has_parts": false, "version": 1, "bbox": {"xmin": 113.24092864990234, "xmax": 113.24099731445312, "ymin": 23.110164642333984, "ymax": 23.110225677490234}}}, {"type": "Feature", "id": "845f6437-d1ed-4c81-8e2c-5813eceedcc9", "geometry": {"type": "Polygon", "coordinates": [[[113.2410741, 23.1102964], [113.2410742, 23.1103764], [113.241033, 23.1103771], [113.2410309, 23.1102971], [113.2410741, 23.1102964]]]}, "properties": {"id": "845f6437-d1ed-4c81-8e2c-5813eceedcc9", "names": null, "sources": [{"property": "", "dataset": "doi:10.5281/zenodo.8174931", "license": null, "record_id": null, "update_time": "2024-11-01T00:00:00.000Z", "confidence": null, "between": null, "provider": "zenodo", "resource": "east_asian_buildings", "version": "2024-11-01"}], "level": null, "height": null, "min_height": null, "is_underground": false, "num_floors": null, "num_floors_underground": null, "min_floor": null, "subtype": null, "class": null, "facade_color": null, "facade_material": null, "roof_material": null, "roof_shape": null, "roof_direction": null, "roof_orientation": null, "roof_color": null, "roof_height": null, "has_parts": false, "version": 1, "bbox": {"xmin": 113.24102783203125, "xmax": 113.2410888671875, "ymin": 23.11029624938965, "ymax": 23.110380172729492}}}, {"type": "Feature", "id": "d9cb37b3-8e75-41ba-a769-866bf98f146f", "geometry": {"type": "Polygon", "coordinates": [[[113.2411176, 23.110451], [113.2411106, 23.1102943], [113.2412982, 23.1102872], [113.2413052, 23.1104438], [113.2411176, 23.110451]]]}, "properties": {"id": "d9cb37b3-8e75-41ba-a769-866bf98f146f", "names": null, "sources": [{"property": "", "dataset": "OpenStreetMap", "license": "ODbL-1.0", "record_id": "w982458080@1", "update_time": "2021-09-13T08:49:36.000Z", "confidence": null, "between": null, "provider": "osm", "resource": "planet", "version": "2026-09-06T00:00:00.000Z"}], "level": null, "height": null, "min_height": null, "is_underground": false, "num_floors": null, "num_floors_underground": null, "min_floor": null, "subtype": null, "class": null, "facade_color": null, "facade_material": null, "roof_material": null, "roof_shape": null, "roof_direction": null, "roof_orientation": null, "roof_color": null, "roof_height": null, "has_parts": false, "version": 1, "bbox": {"xmin": 113.24109649658203, "xmax": 113.24131774902344, "ymin": 23.110286712646484, "ymax": 23.110454559326172}}}, {"type": "Feature", "id": "f5c9943a-b0f8-4a31-a283-841563280039", "geometry": {"type": "Polygon", "coordinates": [[[113.2410542, 23.1106759], [113.2409086, 23.1106749], [113.2409109, 23.1103914], [113.2410565, 23.1103924], [113.2410542, 23.1106759]]]}, "properties": {"id": "f5c9943a-b0f8-4a31-a283-841563280039", "names": null, "sources": [{"property": "", "dataset": "OpenStreetMap", "license": "ODbL-1.0", "record_id": "w515401364@4", "update_time": "2021-09-13T08:49:36.000Z", "confidence": null, "between": null, "provider": "osm", "resource": "planet", "version": "2026-09-06T00:00:00.000Z"}], "level": null, "height": null, "min_height": null, "is_underground": false, "num_floors": null, "num_floors_underground": null, "min_floor": null, "subtype": null, "class": null, "facade_color": null, "facade_material": null, "roof_material": null, "roof_shape": null, "roof_direction": null, "roof_orientation": null, "roof_color": null, "roof_height": null, "has_parts": false, "version": 1, "bbox": {"xmin": 113.24090576171875, "xmax": 113.24105834960938, "ymin": 23.110387802124023, "ymax": 23.11067771911621}}}, {"type": "Feature", "id": "b9ed5425-03c4-4765-8cb0-3686e78d354f", "geometry": {"type": "Polygon", "coordinates": [[[113.2414653, 23.1106772], [113.2410671, 23.110689], [113.2410628, 23.1105667], [113.241461, 23.1105549], [113.2414653, 23.1106772]]]}, "properties": {"id": "b9ed5425-03c4-4765-8cb0-3686e78d354f", "names": {"primary": "沙面广州医药集团有限公司", "common": null, "rules": null}, "sources": [{"property": "", "dataset": "OpenStreetMap", "license": "ODbL-1.0", "record_id": "w352610284@2", "update_time": "2025-05-03T06:53:01.000Z", "confidence": null, "between": null, "provider": "osm", "resource": "planet", "version": "2026-09-06T00:00:00.000Z"}], "level": null, "height": null, "min_height": null, "is_underground": false, "num_floors": null, "num_floors_underground": null, "min_floor": null, "subtype": null, "class": null, "facade_color": null, "facade_material": null, "roof_material": null, "roof_shape": null, "roof_direction": null, "roof_orientation": null, "roof_color": null, "roof_height": null, "has_parts": false, "version": 1, "bbox": {"xmin": 113.24105072021484, "xmax": 113.2414779663086, "ymin": 23.110551834106445, "ymax": 23.110689163208008}}}, {"type": "Feature", "id": "71e83498-517c-440e-a690-d8a596eae553", "geometry": {"type": "Polygon", "coordinates": [[[113.2414088, 23.1105443], [113.2412116, 23.1105542], [113.2412063, 23.1104643], [113.2414035, 23.1104544], [113.2414088, 23.1105443]]]}, "properties": {"id": "71e83498-517c-440e-a690-d8a596eae553", "names": null, "sources": [{"property": "", "dataset": "OpenStreetMap", "license": "ODbL-1.0", "record_id": "w982458086@1", "update_time": "2021-09-13T08:49:36.000Z", "confidence": null, "between": null, "provider": "osm", "resource": "planet", "version": "2026-09-06T00:00:00.000Z"}], "level": null, "height": null, "min_height": null, "is_underground": false, "num_floors": null, "num_floors_underground": null, "min_floor": null, "subtype": null, "class": null, "facade_color": null, "facade_material": null, "roof_material": null, "roof_shape": null, "roof_direction": null, "roof_orientation": null, "roof_color": null, "roof_height": null, "has_parts": false, "version": 1, "bbox": {"xmin": 113.24120330810547, "xmax": 113.24140930175781, "ymin": 23.110450744628906, "ymax": 23.110557556152344}}}, {"type": "Feature", "id": "3972fe88-79a9-4d92-9e12-968453ca77b4", "geometry": {"type": "Polygon", "coordinates": [[[113.24161, 23.1106643], [113.2414917, 23.1106678], [113.2414859, 23.1105019], [113.2416042, 23.1104984], [113.24161, 23.1106643]]]}, "properties": {"id": "3972fe88-79a9-4d92-9e12-968453ca77b4", "names": {"primary": "阅江楼艺术馆茶肆", "common": null, "rules": null}, "sources": [{"property": "", "dataset": "OpenStreetMap", "license": "ODbL-1.0", "record_id": "w352610295@2", "update_time": "2025-05-03T06:53:01.000Z", "confidence": null, "between": null, "provider": "osm", "resource": "planet", "version": "2026-09-06T00:00:00.000Z"}], "level": null, "height": null, "min_height": null, "is_underground": false, "num_floors": null, "num_floors_underground": null, "min_floor": null, "subtype": null, "class": null, "facade_color": null, "facade_material": null, "roof_material": null, "roof_shape": null, "roof_direction": null, "roof_orientation": null, "roof_color": null, "roof_height": null, "has_parts": false, "version": 1, "bbox": {"xmin": 113.24148559570312, "xmax": 113.24162292480469, "ymin": 23.110496520996094, "ymax": 23.110668182373047}}}, {"type": "Feature", "id": "ec7770f7-5142-4f9f-8217-08c39261c755", "geometry": {"type": "Polygon", "coordinates": [[[113.2415635, 23.1104], [113.2413435, 23.1104104], [113.2413387, 23.1103242], [113.2415587, 23.1103138], [113.2415635, 23.1104]]]}, "properties": {"id": "ec7770f7-5142-4f9f-8217-08c39261c755", "names": null, "sources": [{"property": "", "dataset": "OpenStreetMap", "license": "ODbL-1.0", "record_id": "w982458087@1", "update_time": "2021-09-13T08:49:36.000Z", "confidence": null, "between": null, "provider": "osm", "resource": "planet", "version": "2026-09-06T00:00:00.000Z"}], "level": null, "height": null, "min_height": null, "is_underground": false, "num_floors": null, "num_floors_underground": null, "min_floor": null, "subtype": null, "class": null, "facade_color": null, "facade_material": null, "roof_material": null, "roof_shape": null, "roof_direction": null, "roof_orientation": null, "roof_color": null, "roof_height": null, "has_parts": false, "version": 1, "bbox": {"xmin": 113.24132537841797, "xmax": 113.2415771484375, "ymin": 23.110313415527344, "ymax": 23.110410690307617}}}, {"type": "Feature", "id": "3ee39fc0-3683-4a8c-bfb2-5d21bd20e35f", "geometry": {"type": "Polygon", "coordinates": [[[113.2413086, 23.1102951], [113.2413045, 23.1102359], [113.2414089, 23.1102298], [113.241413, 23.110289], [113.2413086, 23.1102951]]]}, "properties": {"id": "3ee39fc0-3683-4a8c-bfb2-5d21bd20e35f", "names": null, "sources": [{"property": "", "dataset": "OpenStreetMap", "license": "ODbL-1.0", "record_id": "w982458083@1", "update_time": "2021-09-13T08:49:36.000Z", "confidence": null, "between": null, "provider": "osm", "resource": "planet", "version": "2026-09-06T00:00:00.000Z"}], "level": null, "height": null, "min_height": null, "is_underground": false, "num_floors": null, "num_floors_underground": null, "min_floor": null, "subtype": null, "class": null, "facade_color": null, "facade_material": null, "roof_material": null, "roof_shape": null, "roof_direction": null, "roof_orientation": null, "roof_color": null, "roof_height": null, "has_parts": false, "version": 1, "bbox": {"xmin": 113.24130249023438, "xmax": 113.24142456054688, "ymin": 23.1102294921875, "ymax": 23.11029815673828}}}, {"type": "Feature", "id": "4d4aeea1-e20f-4510-8352-fc81c049e811", "geometry": {"type": "Polygon", "coordinates": [[[113.2418424, 23.1103382], [113.2416091, 23.1103436], [113.241607, 23.1102672], [113.2418403, 23.1102618], [113.2418424, 23.1103382]]]}, "properties": {"id": "4d4aeea1-e20f-4510-8352-fc81c049e811", "names": null, "sources": [{"property": "", "dataset": "OpenStreetMap", "license": "ODbL-1.0", "record_id": "w982458079@1", "update_time": "2025-05-03T06:53:01.000Z", "confidence": null, "between": null, "provider": "osm", "resource": "planet", "version": "2026-09-06T00:00:00.000Z"}], "level": null, "height": null, "min_height": null, "is_underground": false, "num_floors": null, "num_floors_underground": null, "min_floor": null, "subtype": null, "class": null, "facade_color": null, "facade_material": null, "roof_material": null, "roof_shape": null, "roof_direction": null, "roof_orientation": null, "roof_color": null, "roof_height": null, "has_parts": false, "version": 1, "bbox": {"xmin": 113.24159240722656, "xmax": 113.2418441772461, "ymin": 23.110258102416992, "ymax": 23.11034393310547}}}, {"type": "Feature", "id": "9c57fead-6845-4cd6-8eac-248e6cfe6f08", "geometry": {"type": "Polygon", "coordinates": [[[113.2418557, 23.1106492], [113.2416322, 23.1106558], [113.2416235, 23.1104084], [113.241847, 23.1104018], [113.2418557, 23.1106492]]]}, "properties": {"id": "9c57fead-6845-4cd6-8eac-248e6cfe6f08", "names": null, "sources": [{"property": "", "dataset": "OpenStreetMap", "license": "ODbL-1.0", "record_id": "w352610311@1", "update_time": "2015-06-09T14:58:43.000Z", "confidence": null, "between": null, "provider": "osm", "resource": "planet", "version": "2026-09-06T00:00:00.000Z"}], "level": null, "height": null, "min_height": null, "is_underground": false, "num_floors": null, "num_floors_underground": null, "min_floor": null, "subtype": null, "class": null, "facade_color": null, "facade_material": null, "roof_material": null, "roof_shape": null, "roof_direction": null, "roof_orientation": null, "roof_color": null, "roof_height": null, "has_parts": false, "version": 1, "bbox": {"xmin": 113.24162292480469, "xmax": 113.24185943603516, "ymin": 23.110401153564453, "ymax": 23.11065673828125}}}, {"type": "Feature", "id": "002fcfc3-fdd3-42b0-a933-487c314bcc91", "geometry": {"type": "Polygon", "coordinates": [[[113.2421546, 23.1106411], [113.2418881, 23.110649], [113.2418748, 23.1102687], [113.2421413, 23.1102608], [113.2421546, 23.1106411]]]}, "properties": {"id": "002fcfc3-fdd3-42b0-a933-487c314bcc91", "names": null, "sources": [{"property": "", "dataset": "OpenStreetMap", "license": "ODbL-1.0", "record_id": "w352610259@1", "update_time": "2015-06-09T14:58:40.000Z", "confidence": null, "between": null, "provider": "osm", "resource": "planet", "version": "2026-09-06T00:00:00.000Z"}], "level": null, "height": null, "min_height": null, "is_underground": false, "num_floors": null, "num_floors_underground": null, "min_floor": null, "subtype": null, "class": null, "facade_color": null, "facade_material": null, "roof_material": null, "roof_shape": null, "roof_direction": null, "roof_orientation": null, "roof_color": null, "roof_height": null, "has_parts": false, "version": 1, "bbox": {"xmin": 113.24187469482422, "xmax": 113.24215698242188, "ymin": 23.110260009765625, "ymax": 23.11064910888672}}}, {"type": "Feature", "id": "e096b2b4-aa56-410f-8059-9528fe794ce9", "geometry": {"type": "Polygon", "coordinates": [[[113.2418683, 23.1099534], [113.2421311, 23.1099456], [113.2421407, 23.1102201], [113.2418779, 23.1102279], [113.2418683, 23.1099534]]]}, "properties": {"id": "e096b2b4-aa56-410f-8059-9528fe794ce9", "names": null, "sources": [{"property": "", "dataset": "OpenStreetMap", "license": "ODbL-1.0", "record_id": "w352610294@2", "update_time": "2021-09-11T17:30:22.000Z", "confidence": null, "between": null, "provider": "osm", "resource": "planet", "version": "2026-09-06T00:00:00.000Z"}], "level": null, "height": null, "min_height": null, "is_underground": false, "num_floors": 2, "num_floors_underground": null, "min_floor": null, "subtype": null, "class": null, "facade_color": null, "facade_material": null, "roof_material": null, "roof_shape": null, "roof_direction": null, "roof_orientation": null, "roof_color": null, "roof_height": null, "has_parts": false, "version": 1, "bbox": {"xmin": 113.24186706542969, "xmax": 113.24214172363281, "ymin": 23.10994529724121, "ymax": 23.110231399536133}}}, {"type": "Feature", "id": "47186c4c-4bf5-43c8-988a-2e8471162ddb", "geometry": {"type": "Polygon", "coordinates": [[[113.2418442, 23.110094], [113.2416194, 23.1101007], [113.2416119, 23.1098886], [113.2418368, 23.1098819], [113.2418442, 23.110094]]]}, "properties": {"id": "47186c4c-4bf5-43c8-988a-2e8471162ddb", "names": {"primary": "英国医院&招商局", "common": null, "rules": null}, "sources": [{"property": "", "dataset": "OpenStreetMap", "license": "ODbL-1.0", "record_id": "w352610320@4", "update_time": "2026-06-18T09:43:47.000Z", "confidence": null, "between": null, "provider": "osm", "resource": "planet", "version": "2026-09-06T00:00:00.000Z"}], "level": null, "height": null, "min_height": null, "is_underground": false, "num_floors": 3, "num_floors_underground": null, "min_floor": null, "subtype": null, "class": null, "facade_color": "#F6F0D0", "facade_material": null, "roof_material": null, "roof_shape": null, "roof_direction": null, "roof_orientation": null, "roof_color": null, "roof_height": null, "has_parts": false, "version": 2, "bbox": {"xmin": 113.2416000366211, "xmax": 113.24185943603516, "ymin": 23.109878540039062, "ymax": 23.110103607177734}}}, {"type": "Feature", "id": "0c97d81f-4754-4263-a55b-994a8bcbfd1b", "geometry": {"type": "Polygon", "coordinates": [[[113.2416485, 23.1095968], [113.2415831, 23.1095984], [113.2415718, 23.1092168], [113.2416356, 23.1092152], [113.2417976, 23.1092106], [113.2418105, 23.1095922], [113.2416485, 23.1095968]]]}, "properties": {"id": "0c97d81f-4754-4263-a55b-994a8bcbfd1b", "names": null, "sources": [{"property": "", "dataset": "OpenStreetMap", "license": "ODbL-1.0", "record_id": "w352610260@3", "update_time": "2026-05-25T11:59:41.000Z", "confidence": null, "between": null, "provider": "osm", "resource": "planet", "version": "2026-09-06T00:00:00.000Z"}], "level": null, "height": null, "min_height": null, "is_underground": false, "num_floors": 2, "num_floors_underground": null, "min_floor": null, "subtype": null, "class": null, "facade_color": "#FFFFFF", "facade_material": null, "roof_material": null, "roof_shape": null, "roof_direction": null, "roof_orientation": null, "roof_color": null, "roof_height": null, "has_parts": true, "version": 2, "bbox": {"xmin": 113.24156951904297, "xmax": 113.24181365966797, "ymin": 23.109207153320312, "ymax": 23.109601974487305}}}, {"type": "Feature", "id": "c2ec996e-f9ca-4070-a0f3-78e166ca074c", "geometry": {"type": "Polygon", "coordinates": [[[113.2420954, 23.1092236], [113.2421082, 23.1095894], [113.241864, 23.1095966], [113.2418512, 23.1092308], [113.2420954, 23.1092236]]]}, "properties": {"id": "c2ec996e-f9ca-4070-a0f3-78e166ca074c", "names": {"primary": "东风汇理银行旧址", "common": null, "rules": null}, "sources": [{"property": "", "dataset": "OpenStreetMap", "license": "ODbL-1.0", "record_id": "w352610258@3", "update_time": "2026-05-25T11:59:41.000Z", "confidence": null, "between": null, "provider": "osm", "resource": "planet", "version": "2026-09-06T00:00:00.000Z"}], "level": null, "height": null, "min_height": null, "is_underground": false, "num_floors": 4, "num_floors_underground": null, "min_floor": null, "subtype": null, "class": null, "facade_color": null, "facade_material": "concrete", "roof_material": null, "roof_shape": null, "roof_direction": null, "roof_orientation": null, "roof_color": null, "roof_height": null, "has_parts": false, "version": 2, "bbox": {"xmin": 113.24183654785156, "xmax": 113.24211120605469, "ymin": 23.109220504760742, "ymax": 23.109600067138672}}}, {"type": "Feature", "id": "a8228049-14eb-489f-9f39-8e92cd069103", "geometry": {"type": "Polygon", "coordinates": [[[113.2420951, 23.1090654], [113.2421, 23.1092061], [113.2418409, 23.1092138], [113.241836, 23.1090731], [113.2420951, 23.1090654]]]}, "properties": {"id": "a8228049-14eb-489f-9f39-8e92cd069103", "names": null, "sources": [{"property": "", "dataset": "OpenStreetMap", "license": "ODbL-1.0", "record_id": "w352610266@1", "update_time": "2015-06-09T14:58:40.000Z", "confidence": null, "between": null, "provider": "osm", "resource": "planet", "version": "2026-09-06T00:00:00.000Z"}], "level": null, "height": null, "min_height": null, "is_underground": false, "num_floors": null, "num_floors_underground": null, "min_floor": null, "subtype": null, "class": null, "facade_color": null, "facade_material": null, "roof_material": null, "roof_shape": null, "roof_direction": null, "roof_orientation": null, "roof_color": null, "roof_height": null, "has_parts": false, "version": 1, "bbox": {"xmin": 113.2418212890625, "xmax": 113.24210357666016, "ymin": 23.10906219482422, "ymax": 23.109216690063477}}}, {"type": "Feature", "id": "a992add7-7078-461d-8be6-1aabc0b967ae", "geometry": {"type": "Polygon", "coordinates": [[[113.2418011, 23.108877], [113.2418089, 23.109098], [113.2417045, 23.1091011], [113.2416967, 23.1088801], [113.2418011, 23.108877]]]}, "properties": {"id": "a992add7-7078-461d-8be6-1aabc0b967ae", "names": null, "sources": [{"property": "", "dataset": "OpenStreetMap", "license": "ODbL-1.0", "record_id": "w352610289@1", "update_time": "2015-06-09T14:58:41.000Z", "confidence": null, "between": null, "provider": "osm", "resource": "planet", "version": "2026-09-06T00:00:00.000Z"}], "level": null, "height": null, "min_height": null, "is_underground": false, "num_floors": null, "num_floors_underground": null, "min_floor": null, "subtype": null, "class": null, "facade_color": null, "facade_material": null, "roof_material": null, "roof_shape": null, "roof_direction": null, "roof_orientation": null, "roof_color": null, "roof_height": null, "has_parts": false, "version": 1, "bbox": {"xmin": 113.24168395996094, "xmax": 113.2418212890625, "ymin": 23.10887336730957, "ymax": 23.10910415649414}}}, {"type": "Feature", "id": "aa4bf2a9-cc2e-4900-b6a1-bbca8296980e", "geometry": {"type": "Polygon", "coordinates": [[[113.2416719, 23.1090984], [113.241572, 23.1091013], [113.2415642, 23.1088797], [113.2416642, 23.1088768], [113.2416719, 23.1090984]]]}, "properties": {"id": "aa4bf2a9-cc2e-4900-b6a1-bbca8296980e", "names": null, "sources": [{"property": "", "dataset": "OpenStreetMap", "license": "ODbL-1.0", "record_id": "w352610326@3", "update_time": "2023-07-22T16:45:39.000Z", "confidence": null, "between": null, "provider": "osm", "resource": "planet", "version": "2026-09-06T00:00:00.000Z"}], "level": null, "height": null, "min_height": null, "is_underground": false, "num_floors": 2, "num_floors_underground": null, "min_floor": null, "subtype": null, "class": null, "facade_color": null, "facade_material": null, "roof_material": null, "roof_shape": null, "roof_direction": null, "roof_orientation": null, "roof_color": null, "roof_height": null, "has_parts": false, "version": 1, "bbox": {"xmin": 113.24156188964844, "xmax": 113.24168395996094, "ymin": 23.10887336730957, "ymax": 23.109102249145508}}}, {"type": "Feature", "id": "b568ba9c-f77c-4573-a32f-f9508dbc0834", "geometry": {"type": "Polygon", "coordinates": [[[113.2415086, 23.1091326], [113.2413278, 23.1091379], [113.2413207, 23.1089337], [113.2415014, 23.1089284], [113.2415086, 23.1091326]]]}, "properties": {"id": "b568ba9c-f77c-4573-a32f-f9508dbc0834", "names": {"primary": "旧泰国人俱乐部", "common": [["zh", "旧泰国人俱乐部"]], "rules": null}, "sources": [{"property": "", "dataset": "OpenStreetMap", "license": "ODbL-1.0", "record_id": "w352610308@3", "update_time": "2018-08-03T06:41:50.000Z", "confidence": null, "between": null, "provider": "osm", "resource": "planet", "version": "2026-09-06T00:00:00.000Z"}], "level": null, "height": null, "min_height": null, "is_underground": false, "num_floors": null, "num_floors_underground": null, "min_floor": null, "subtype": null, "class": null, "facade_color": null, "facade_material": null, "roof_material": null, "roof_shape": null, "roof_direction": null, "roof_orientation": null, "roof_color": null, "roof_height": null, "has_parts": false, "version": 1, "bbox": {"xmin": 113.24131774902344, "xmax": 113.24152374267578, "ymin": 23.108924865722656, "ymax": 23.10913848876953}}}, {"type": "Feature", "id": "2756108a-03a2-4b6b-a8e1-510643833199", "geometry": {"type": "Polygon", "coordinates": [[[113.2412591, 23.1090248], [113.2412649, 23.1091922], [113.2410204, 23.1091995], [113.2410091, 23.1088785], [113.2411216, 23.1088751], [113.241127, 23.1090287], [113.2412591, 23.1090248]]]}, "properties": {"id": "2756108a-03a2-4b6b-a8e1-510643833199", "names": null, "sources": [{"property": "", "dataset": "OpenStreetMap", "license": "ODbL-1.0", "record_id": "w352610328@2", "update_time": "2021-05-12T10:14:58.000Z", "confidence": null, "between": null, "provider": "osm", "resource": "planet", "version": "2026-09-06T00:00:00.000Z"}], "level": null, "height": null, "min_height": null, "is_underground": false, "num_floors": 5, "num_floors_underground": null, "min_floor": null, "subtype": "residential", "class": "residential", "facade_color": null, "facade_material": null, "roof_material": null, "roof_shape": null, "roof_direction": null, "roof_orientation": null, "roof_color": null, "roof_height": null, "has_parts": false, "version": 1, "bbox": {"xmin": 113.24099731445312, "xmax": 113.24127960205078, "ymin": 23.108871459960938, "ymax": 23.10919952392578}}}, {"type": "Feature", "id": "2889b0a8-54ca-4ea6-b452-0296c21a49fd", "geometry": {"type": "Polygon", "coordinates": [[[113.2412683, 23.1095909], [113.241062, 23.109597], [113.2410509, 23.1092821], [113.2412573, 23.109276], [113.2412683, 23.1095909]]]}, "properties": {"id": "2889b0a8-54ca-4ea6-b452-0296c21a49fd", "names": {"primary": "广东悦海宾馆", "common": [["en", "Guangdong Yuehai Hotel"]], "rules": null}, "sources": [{"property": "", "dataset": "OpenStreetMap", "license": "ODbL-1.0", "record_id": "w352610262@3", "update_time": "2023-08-23T11:38:40.000Z", "confidence": null, "between": null, "provider": "osm", "resource": "planet", "version": "2026-09-06T00:00:00.000Z"}], "level": null, "height": null, "min_height": null, "is_underground": false, "num_floors": 4, "num_floors_underground": null, "min_floor": null, "subtype": "commercial", "class": "commercial", "facade_color": null, "facade_material": null, "roof_material": null, "roof_shape": null, "roof_direction": null, "roof_orientation": null, "roof_color": null, "roof_height": null, "has_parts": false, "version": 1, "bbox": {"xmin": 113.24105072021484, "xmax": 113.24127197265625, "ymin": 23.109275817871094, "ymax": 23.109600067138672}}}, {"type": "Feature", "id": "57e7a939-e9ba-49f9-83b9-cfc247c649ee", "geometry": {"type": "Polygon", "coordinates": [[[113.2415472, 23.1096022], [113.2413296, 23.1096087], [113.2413218, 23.1093856], [113.2415394, 23.1093791], [113.2415472, 23.1096022]]]}, "properties": {"id": "57e7a939-e9ba-49f9-83b9-cfc247c649ee", "names": {"primary": "广东侨胞宾馆", "common": [["en", "Guangdong Qiaobao Hotel"]], "rules": null}, "sources": [{"property": "", "dataset": "OpenStreetMap", "license": "ODbL-1.0", "record_id": "w352610264@4", "update_time": "2023-08-23T11:40:59.000Z", "confidence": null, "between": null, "provider": "osm", "resource": "planet", "version": "2026-09-06T00:00:00.000Z"}], "level": null, "height": null, "min_height": null, "is_underground": false, "num_floors": 4, "num_floors_underground": null, "min_floor": null, "subtype": "commercial", "class": "commercial", "facade_color": null, "facade_material": null, "roof_material": null, "roof_shape": null, "roof_direction": null, "roof_orientation": null, "roof_color": null, "roof_height": null, "has_parts": false, "version": 1, "bbox": {"xmin": 113.2413101196289, "xmax": 113.24156188964844, "ymin": 23.109378814697266, "ymax": 23.109609603881836}}}, {"type": "Feature", "id": "01e48533-262e-4ea3-be75-31d045fe3da4", "geometry": {"type": "Polygon", "coordinates": [[[113.2408948, 23.1095749], [113.2407508, 23.1095828], [113.2407439, 23.1094757], [113.2409873, 23.1094623], [113.2409986, 23.1096376], [113.2408992, 23.109643], [113.2408948, 23.1095749]]]}, "properties": {"id": "01e48533-262e-4ea3-be75-31d045fe3da4", "names": null, "sources": [{"property": "", "dataset": "OpenStreetMap", "license": "ODbL-1.0", "record_id": "w982042246@2", "update_time": "2021-09-11T17:41:12.000Z", "confidence": null, "between": null, "provider": "osm", "resource": "planet", "version": "2026-09-06T00:00:00.000Z"}], "level": null, "height": null, "min_height": null, "is_underground": false, "num_floors": 4, "num_floors_underground": null, "min_floor": null, "subtype": "residential", "class": "residential", "facade_color": null, "facade_material": null, "roof_material": null, "roof_shape": null, "roof_direction": null, "roof_orientation": null, "roof_color": null, "roof_height": null, "has_parts": false, "version": 1, "bbox": {"xmin": 113.24073028564453, "xmax": 113.24101257324219, "ymin": 23.109458923339844, "ymax": 23.109643936157227}}}, {"type": "Feature", "id": "04d714c1-9adf-465c-b5ed-7a622c2571f9", "geometry": {"type": "Polygon", "coordinates": [[[113.2407135, 23.1092674], [113.2407242, 23.1095979], [113.240692, 23.1096424], [113.2405016, 23.1096522], [113.2404855, 23.1092797], [113.2407135, 23.1092674]]]}, "properties": {"id": "04d714c1-9adf-465c-b5ed-7a622c2571f9", "names": null, "sources": [{"property": "", "dataset": "OpenStreetMap", "license": "ODbL-1.0", "record_id": "w982042348@2", "update_time": "2026-06-18T09:43:47.000Z", "confidence": null, "between": null, "provider": "osm", "resource": "planet", "version": "2026-09-06T00:00:00.000Z"}], "level": null, "height": null, "min_height": null, "is_underground": false, "num_floors": 3, "num_floors_underground": null, "min_floor": null, "subtype": "commercial", "class": "retail", "facade_color": "#FFFF00", "facade_material": null, "roof_material": null, "roof_shape": null, "roof_direction": null, "roof_orientation": null, "roof_color": null, "roof_height": null, "has_parts": false, "version": 2, "bbox": {"xmin": 113.24047088623047, "xmax": 113.24073791503906, "ymin": 23.109264373779297, "ymax": 23.109655380249023}}}, {"type": "Feature", "id": "c08ef736-9dc5-47c7-9386-09bf46ee91b3", "geometry": {"type": "Polygon", "coordinates": [[[113.240303, 23.1091081], [113.2403213, 23.1096294], [113.2394991, 23.1096537], [113.2394928, 23.1094734], [113.2394854, 23.1092633], [113.2396474, 23.1092585], [113.2396548, 23.1094686], [113.2397779, 23.109465], [113.239774, 23.1093543], [113.2399714, 23.1093484], [113.2399753, 23.1094591], [113.2401607, 23.1094536], [113.2401487, 23.1091127], [113.240303, 23.1091081]]]}, "properties": {"id": "c08ef736-9dc5-47c7-9386-09bf46ee91b3", "names": null, "sources": [{"property": "", "dataset": "OpenStreetMap", "license": "ODbL-1.0", "record_id": "w352610257@3", "update_time": "2021-09-11T17:45:46.000Z", "confidence": null, "between": null, "provider": "osm", "resource": "planet", "version": "2026-09-06T00:00:00.000Z"}], "level": null, "height": null, "min_height": null, "is_underground": false, "num_floors": 5, "num_floors_underground": null, "min_floor": null, "subtype": null, "class": null, "facade_color": null, "facade_material": null, "roof_material": null, "roof_shape": null, "roof_direction": null, "roof_orientation": null, "roof_color": null, "roof_height": null, "has_parts": false, "version": 1, "bbox": {"xmin": 113.23947143554688, "xmax": 113.2403335571289, "ymin": 23.109107971191406, "ymax": 23.109657287597656}}}, {"type": "Feature", "id": "e6905d36-8ef3-4592-a677-ae5b248c2184", "geometry": {"type": "Polygon", "coordinates": [[[113.2401676, 23.1089979], [113.2402504, 23.1089972], [113.2402506, 23.1090163], [113.2401678, 23.109017], [113.2401676, 23.1089979]]]}, "properties": {"id": "e6905d36-8ef3-4592-a677-ae5b248c2184", "names": null, "sources": [{"property": "", "dataset": "doi:10.5281/zenodo.8174931", "license": null, "record_id": null, "update_time": "2024-11-01T00:00:00.000Z", "confidence": null, "between": null, "provider": "zenodo", "resource": "east_asian_buildings", "version": "2024-11-01"}], "level": null, "height": null, "min_height": null, "is_underground": false, "num_floors": null, "num_floors_underground": null, "min_floor": null, "subtype": null, "class": null, "facade_color": null, "facade_material": null, "roof_material": null, "roof_shape": null, "roof_direction": null, "roof_orientation": null, "roof_color": null, "roof_height": null, "has_parts": false, "version": 1, "bbox": {"xmin": 113.24016571044922, "xmax": 113.24026489257812, "ymin": 23.108993530273438, "ymax": 23.109020233154297}}}, {"type": "Feature", "id": "67acdec8-34b2-4ad7-8c6d-cabf64dac05d", "geometry": {"type": "Polygon", "coordinates": [[[113.2407328, 23.1092327], [113.2404662, 23.109243], [113.240461, 23.1091307], [113.2407276, 23.1091203], [113.2407328, 23.1092327]]]}, "properties": {"id": "67acdec8-34b2-4ad7-8c6d-cabf64dac05d", "names": null, "sources": [{"property": "", "dataset": "OpenStreetMap", "license": "ODbL-1.0", "record_id": "w1311803375@1", "update_time": "2024-08-28T15:07:43.000Z", "confidence": null, "between": null, "provider": "osm", "resource": "planet", "version": "2026-09-06T00:00:00.000Z"}], "level": null, "height": null, "min_height": null, "is_underground": false, "num_floors": null, "num_floors_underground": null, "min_floor": null, "subtype": null, "class": null, "facade_color": null, "facade_material": null, "roof_material": null, "roof_shape": null, "roof_direction": null, "roof_orientation": null, "roof_color": null, "roof_height": null, "has_parts": false, "version": 1, "bbox": {"xmin": 113.24044799804688, "xmax": 113.2407455444336, "ymin": 23.109119415283203, "ymax": 23.109243392944336}}}, {"type": "Feature", "id": "29380d72-62cb-4e20-b2c6-963a4f11e819", "geometry": {"type": "Polygon", "coordinates": [[[113.2409932, 23.1093815], [113.2407319, 23.1093815], [113.2407319, 23.1092668], [113.2409932, 23.1092667], [113.2409932, 23.1093815]]]}, "properties": {"id": "29380d72-62cb-4e20-b2c6-963a4f11e819", "names": null, "sources": [{"property": "", "dataset": "OpenStreetMap", "license": "ODbL-1.0", "record_id": "w982042347@2", "update_time": "2021-09-11T17:41:12.000Z", "confidence": null, "between": null, "provider": "osm", "resource": "planet", "version": "2026-09-06T00:00:00.000Z"}], "level": null, "height": null, "min_height": null, "is_underground": false, "num_floors": 4, "num_floors_underground": null, "min_floor": null, "subtype": "residential", "class": "residential", "facade_color": null, "facade_material": null, "roof_material": null, "roof_shape": null, "roof_direction": null, "roof_orientation": null, "roof_color": null, "roof_height": null, "has_parts": false, "version": 1, "bbox": {"xmin": 113.24073028564453, "xmax": 113.24100494384766, "ymin": 23.10926628112793, "ymax": 23.109384536743164}}}, {"type": "Feature", "id": "b9e0cbaa-1953-47f4-bf29-33b67a9845e0", "geometry": {"type": "Polygon", "coordinates": [[[113.2409399, 23.1090861], [113.2409453, 23.1091817], [113.2407592, 23.1091907], [113.2407538, 23.1090951], [113.2409399, 23.1090861]]]}, "properties": {"id": "b9e0cbaa-1953-47f4-bf29-33b67a9845e0", "names": null, "sources": [{"property": "", "dataset": "doi:10.5281/zenodo.8174931", "license": null, "record_id": null, "update_time": "2024-11-01T00:00:00.000Z", "confidence": null, "between": null, "provider": "zenodo", "resource": "east_asian_buildings", "version": "2024-11-01"}], "level": null, "height": null, "min_height": null, "is_underground": false, "num_floors": null, "num_floors_underground": null, "min_floor": null, "subtype": null, "class": null, "facade_color": null, "facade_material": null, "roof_material": null, "roof_shape": null, "roof_direction": null, "roof_orientation": null, "roof_color": null, "roof_height": null, "has_parts": false, "version": 1, "bbox": {"xmin": 113.24075317382812, "xmax": 113.24095916748047, "ymin": 23.10908317565918, "ymax": 23.109193801879883}}}, {"type": "Feature", "id": "99d605fd-9917-4191-bccf-82217f9c98fb", "geometry": {"type": "Polygon", "coordinates": [[[113.240917, 23.1090185], [113.2407721, 23.1090177], [113.2407722, 23.1089985], [113.2409171, 23.1089993], [113.240917, 23.1090185]]]}, "properties": {"id": "99d605fd-9917-4191-bccf-82217f9c98fb", "names": null, "sources": [{"property": "", "dataset": "doi:10.5281/zenodo.8174931", "license": null, "record_id": null, "update_time": "2024-11-01T00:00:00.000Z", "confidence": null, "between": null, "provider": "zenodo", "resource": "east_asian_buildings", "version": "2024-11-01"}], "level": null, "height": null, "min_height": null, "is_underground": false, "num_floors": null, "num_floors_underground": null, "min_floor": null, "subtype": null, "class": null, "facade_color": null, "facade_material": null, "roof_material": null, "roof_shape": null, "roof_direction": null, "roof_orientation": null, "roof_color": null, "roof_height": null, "has_parts": false, "version": 1, "bbox": {"xmin": 113.24076843261719, "xmax": 113.24092864990234, "ymin": 23.10899543762207, "ymax": 23.10902214050293}}}, {"type": "Feature", "id": "9cbbb2e1-22e6-4c9a-8387-305b7f7c3765", "geometry": {"type": "Polygon", "coordinates": [[[113.2409855, 23.1089465], [113.2407763, 23.1089519], [113.2407741, 23.1088779], [113.2409833, 23.1088725], [113.2409855, 23.1089465]]]}, "properties": {"id": "9cbbb2e1-22e6-4c9a-8387-305b7f7c3765", "names": null, "sources": [{"property": "", "dataset": "OpenStreetMap", "license": "ODbL-1.0", "record_id": "w942149624@1", "update_time": "2021-05-12T10:09:05.000Z", "confidence": null, "between": null, "provider": "osm", "resource": "planet", "version": "2026-09-06T00:00:00.000Z"}], "level": null, "height": null, "min_height": null, "is_underground": false, "num_floors": 5, "num_floors_underground": null, "min_floor": null, "subtype": "residential", "class": "residential", "facade_color": null, "facade_material": null, "roof_material": null, "roof_shape": null, "roof_direction": null, "roof_orientation": null, "roof_color": null, "roof_height": null, "has_parts": false, "version": 1, "bbox": {"xmin": 113.24076080322266, "xmax": 113.24099731445312, "ymin": 23.108869552612305, "ymax": 23.10895538330078}}}, {"type": "Feature", "id": "40e82226-b022-43bb-9107-2b9f78067ffb", "geometry": {"type": "Polygon", "coordinates": [[[113.2408938, 23.1087585], [113.2404983, 23.1087687], [113.240496, 23.1086933], [113.2408915, 23.1086831], [113.2408938, 23.1087585]]]}, "properties": {"id": "40e82226-b022-43bb-9107-2b9f78067ffb", "names": null, "sources": [{"property": "", "dataset": "OpenStreetMap", "license": "ODbL-1.0", "record_id": "w942148904@1", "update_time": "2021-05-12T10:07:47.000Z", "confidence": null, "between": null, "provider": "osm", "resource": "planet", "version": "2026-09-06T00:00:00.000Z"}], "level": null, "height": null, "min_height": null, "is_underground": false, "num_floors": 2, "num_floors_underground": null, "min_floor": null, "subtype": null, "class": null, "facade_color": null, "facade_material": null, "roof_material": null, "roof_shape": null, "roof_direction": null, "roof_orientation": null, "roof_color": null, "roof_height": null, "has_parts": false, "version": 1, "bbox": {"xmin": 113.24049377441406, "xmax": 113.24090576171875, "ymin": 23.10868263244629, "ymax": 23.10877227783203}}}, {"type": "Feature", "id": "6ff87b70-15e8-4476-b1d9-74488c14a0f7", "geometry": {"type": "Polygon", "coordinates": [[[113.2407397, 23.1089917], [113.240513, 23.1090017], [113.2405065, 23.1088785], [113.2407332, 23.1088684], [113.2407397, 23.1089917]]]}, "properties": {"id": "6ff87b70-15e8-4476-b1d9-74488c14a0f7", "names": null, "sources": [{"property": "", "dataset": "OpenStreetMap", "license": "ODbL-1.0", "record_id": "w942149625@2", "update_time": "2023-07-22T16:45:39.000Z", "confidence": null, "between": null, "provider": "osm", "resource": "planet", "version": "2026-09-06T00:00:00.000Z"}], "level": null, "height": null, "min_height": null, "is_underground": false, "num_floors": 3, "num_floors_underground": null, "min_floor": null, "subtype": null, "class": null, "facade_color": null, "facade_material": null, "roof_material": null, "roof_shape": null, "roof_direction": null, "roof_orientation": null, "roof_color": null, "roof_height": null, "has_parts": false, "version": 1, "bbox": {"xmin": 113.24049377441406, "xmax": 113.24075317382812, "ymin": 23.108867645263672, "ymax": 23.109004974365234}}}, {"type": "Feature", "id": "4e2d866b-2302-46cc-9fe3-4466652fa744", "geometry": {"type": "Polygon", "coordinates": [[[113.2402595, 23.1084677], [113.2402646, 23.1085556], [113.2401492, 23.1085616], [113.2401441, 23.1084727], [113.2402595, 23.1084677]]]}, "properties": {"id": "4e2d866b-2302-46cc-9fe3-4466652fa744", "names": null, "sources": [{"property": "", "dataset": "doi:10.5281/zenodo.8174931", "license": null, "record_id": null, "update_time": "2024-11-01T00:00:00.000Z", "confidence": null, "between": null, "provider": "zenodo", "resource": "east_asian_buildings", "version": "2024-11-01"}], "level": null, "height": null, "min_height": null, "is_underground": false, "num_floors": null, "num_floors_underground": null, "min_floor": null, "subtype": null, "class": null, "facade_color": null, "facade_material": null, "roof_material": null, "roof_shape": null, "roof_direction": null, "roof_orientation": null, "roof_color": null, "roof_height": null, "has_parts": false, "version": 1, "bbox": {"xmin": 113.24014282226562, "xmax": 113.24026489257812, "ymin": 23.10846710205078, "ymax": 23.108562469482422}}}, {"type": "Feature", "id": "5ca979bc-df1c-4d33-a3fa-7e7f64d650e6", "geometry": {"type": "Polygon", "coordinates": [[[113.2405057, 23.1083476], [113.2407745, 23.1083361], [113.2407874, 23.1085943], [113.2405185, 23.1086058], [113.2405057, 23.1083476]]]}, "properties": {"id": "5ca979bc-df1c-4d33-a3fa-7e7f64d650e6", "names": null, "sources": [{"property": "", "dataset": "doi:10.5281/zenodo.8174931", "license": null, "record_id": null, "update_time": "2024-11-01T00:00:00.000Z", "confidence": null, "between": null, "provider": "zenodo", "resource": "east_asian_buildings", "version": "2024-11-01"}], "level": null, "height": null, "min_height": null, "is_underground": false, "num_floors": null, "num_floors_underground": null, "min_floor": null, "subtype": null, "class": null, "facade_color": null, "facade_material": null, "roof_material": null, "roof_shape": null, "roof_direction": null, "roof_orientation": null, "roof_color": null, "roof_height": null, "has_parts": false, "version": 1, "bbox": {"xmin": 113.24049377441406, "xmax": 113.24079895019531, "ymin": 23.108335494995117, "ymax": 23.108606338500977}}}, {"type": "Feature", "id": "54c3670b-04f9-4961-9d14-868362d103c8", "geometry": {"type": "Polygon", "coordinates": [[[113.2408321, 23.1083367], [113.2415869, 23.1083046], [113.2415993, 23.1085532], [113.2408445, 23.1085854], [113.2408321, 23.1083367]]]}, "properties": {"id": "54c3670b-04f9-4961-9d14-868362d103c8", "names": null, "sources": [{"property": "", "dataset": "doi:10.5281/zenodo.8174931", "license": null, "record_id": null, "update_time": "2024-11-01T00:00:00.000Z", "confidence": null, "between": null, "provider": "zenodo", "resource": "east_asian_buildings", "version": "2024-11-01"}], "level": null, "height": null, "min_height": null, "is_underground": false, "num_floors": null, "num_floors_underground": null, "min_floor": null, "subtype": null, "class": null, "facade_color": null, "facade_material": null, "roof_material": null, "roof_shape": null, "roof_direction": null, "roof_orientation": null, "roof_color": null, "roof_height": null, "has_parts": false, "version": 1, "bbox": {"xmin": 113.24082946777344, "xmax": 113.2416000366211, "ymin": 23.108301162719727, "ymax": 23.10858726501465}}}, {"type": "Feature", "id": "a7e04add-ec52-439e-a3cb-4921d51e6eab", "geometry": {"type": "Polygon", "coordinates": [[[113.2412633, 23.1087793], [113.2409345, 23.108786], [113.2409326, 23.1087068], [113.2412613, 23.1087], [113.2412633, 23.1087793]]]}, "properties": {"id": "a7e04add-ec52-439e-a3cb-4921d51e6eab", "names": null, "sources": [{"property": "", "dataset": "OpenStreetMap", "license": "ODbL-1.0", "record_id": "w509641349@2", "update_time": "2021-05-12T10:15:29.000Z", "confidence": null, "between": null, "provider": "osm", "resource": "planet", "version": "2026-09-06T00:00:00.000Z"}], "level": null, "height": null, "min_height": null, "is_underground": false, "num_floors": 2, "num_floors_underground": null, "min_floor": null, "subtype": null, "class": null, "facade_color": null, "facade_material": null, "roof_material": null, "roof_shape": null, "roof_direction": null, "roof_orientation": null, "roof_color": null, "roof_height": null, "has_parts": false, "version": 1, "bbox": {"xmin": 113.24092102050781, "xmax": 113.24126434326172, "ymin": 23.108699798583984, "ymax": 23.108789443969727}}}, {"type": "Feature", "id": "d63a0833-351b-4bac-aa0e-25bea92ab068", "geometry": {"type": "Polygon", "coordinates": [[[113.2420809, 23.1087738], [113.2416632, 23.1087827], [113.2416612, 23.1087029], [113.2420789, 23.1086941], [113.2420809, 23.1087738]]]}, "properties": {"id": "d63a0833-351b-4bac-aa0e-25bea92ab068", "names": null, "sources": [{"property": "", "dataset": "OpenStreetMap", "license": "ODbL-1.0", "record_id": "w509641346@1", "update_time": "2017-07-23T15:51:22.000Z", "confidence": null, "between": null, "provider": "osm", "resource": "planet", "version": "2026-09-06T00:00:00.000Z"}], "level": null, "height": null, "min_height": null, "is_underground": false, "num_floors": null, "num_floors_underground": null, "min_floor": null, "subtype": null, "class": null, "facade_color": null, "facade_material": null, "roof_material": null, "roof_shape": null, "roof_direction": null, "roof_orientation": null, "roof_color": null, "roof_height": null, "has_parts": false, "version": 1, "bbox": {"xmin": 113.24166107177734, "xmax": 113.24209594726562, "ymin": 23.108694076538086, "ymax": 23.10878562927246}}}, {"type": "Feature", "id": "28c8f92c-07d3-468f-85ba-ce779556072e", "geometry": {"type": "Polygon", "coordinates": [[[113.2420946, 23.1090281], [113.2418686, 23.1090348], [113.2418631, 23.1088802], [113.2420892, 23.1088735], [113.2420946, 23.1090281]]]}, "properties": {"id": "28c8f92c-07d3-468f-85ba-ce779556072e", "names": null, "sources": [{"property": "", "dataset": "OpenStreetMap", "license": "ODbL-1.0", "record_id": "w352610275@1", "update_time": "2015-06-09T14:58:41.000Z", "confidence": null, "between": null, "provider": "osm", "resource": "planet", "version": "2026-09-06T00:00:00.000Z"}], "level": null, "height": null, "min_height": null, "is_underground": false, "num_floors": null, "num_floors_underground": null, "min_floor": null, "subtype": null, "class": null, "facade_color": null, "facade_material": null, "roof_material": null, "roof_shape": null, "roof_direction": null, "roof_orientation": null, "roof_color": null, "roof_height": null, "has_parts": false, "version": 1, "bbox": {"xmin": 113.24185943603516, "xmax": 113.24209594726562, "ymin": 23.10887336730957, "ymax": 23.10903549194336}}}, {"type": "Feature", "id": "c140fcbf-61fa-4e01-8710-07891c285a16", "geometry": {"type": "Polygon", "coordinates": [[[113.2420314, 23.1086498], [113.2416696, 23.1086605], [113.2416568, 23.1082953], [113.2420187, 23.1082846], [113.2420314, 23.1086498]]]}, "properties": {"id": "c140fcbf-61fa-4e01-8710-07891c285a16", "names": null, "sources": [{"property": "", "dataset": "OpenStreetMap", "license": "ODbL-1.0", "record_id": "w352610317@1", "update_time": "2015-06-09T14:58:43.000Z", "confidence": null, "between": null, "provider": "osm", "resource": "planet", "version": "2026-09-06T00:00:00.000Z"}], "level": null, "height": null, "min_height": null, "is_underground": false, "num_floors": null, "num_floors_underground": null, "min_floor": null, "subtype": null, "class": null, "facade_color": null, "facade_material": null, "roof_material": null, "roof_shape": null, "roof_direction": null, "roof_orientation": null, "roof_color": null, "roof_height": null, "has_parts": false, "version": 1, "bbox": {"xmin": 113.24165344238281, "xmax": 113.24203491210938, "ymin": 23.10828399658203, "ymax": 23.10866355895996}}}, {"type": "Feature", "id": "602c00ef-2c98-4736-9e4a-7eee84df277a", "geometry": {"type": "Polygon", "coordinates": [[[113.2423017, 23.1084866], [113.2422991, 23.1084292], [113.242206, 23.1084329], [113.2422016, 23.1083373], [113.2424187, 23.1083286], [113.2424258, 23.1084817], [113.2423017, 23.1084866]]]}, "properties": {"id": "602c00ef-2c98-4736-9e4a-7eee84df277a", "names": null, "sources": [{"property": "", "dataset": "doi:10.5281/zenodo.8174931", "license": null, "record_id": null, "update_time": "2024-11-01T00:00:00.000Z", "confidence": null, "between": null, "provider": "zenodo", "resource": "east_asian_buildings", "version": "2024-11-01"}], "level": null, "height": null, "min_height": null, "is_underground": false, "num_floors": null, "num_floors_underground": null, "min_floor": null, "subtype": null, "class": null, "facade_color": null, "facade_material": null, "roof_material": null, "roof_shape": null, "roof_direction": null, "roof_orientation": null, "roof_color": null, "roof_height": null, "has_parts": false, "version": 1, "bbox": {"xmin": 113.2421875, "xmax": 113.24243927001953, "ymin": 23.108327865600586, "ymax": 23.108489990234375}}}, {"type": "Feature", "id": "f6aec271-8a35-42e8-9c12-3c1f5feff185", "geometry": {"type": "Polygon", "coordinates": [[[113.2425677, 23.1082878], [113.2425859, 23.1084194], [113.2425156, 23.1084257], [113.2424984, 23.108296], [113.2425677, 23.1082878]]]}, "properties": {"id": "f6aec271-8a35-42e8-9c12-3c1f5feff185", "names": null, "sources": [{"property": "", "dataset": "doi:10.5281/zenodo.8174931", "license": null, "record_id": null, "update_time": "2024-11-01T00:00:00.000Z", "confidence": null, "between": null, "provider": "zenodo", "resource": "east_asian_buildings", "version": "2024-11-01"}], "level": null, "height": null, "min_height": null, "is_underground": false, "num_floors": null, "num_floors_underground": null, "min_floor": null, "subtype": null, "class": null, "facade_color": null, "facade_material": null, "roof_material": null, "roof_shape": null, "roof_direction": null, "roof_orientation": null, "roof_color": null, "roof_height": null, "has_parts": false, "version": 1, "bbox": {"xmin": 113.24248504638672, "xmax": 113.24259948730469, "ymin": 23.108285903930664, "ymax": 23.108428955078125}}}, {"type": "Feature", "id": "f6ea55b4-766c-4f66-bc42-2d0ddee7e0c7", "geometry": {"type": "Polygon", "coordinates": [[[113.2427986, 23.1083727], [113.2429622, 23.1083948], [113.2429573, 23.1084225], [113.2430204, 23.1084298], [113.2430075, 23.108523], [113.24288, 23.1085072], [113.242883, 23.1084802], [113.2427836, 23.1084669], [113.2427986, 23.1083727]]]}, "properties": {"id": "f6ea55b4-766c-4f66-bc42-2d0ddee7e0c7", "names": null, "sources": [{"property": "", "dataset": "doi:10.5281/zenodo.8174931", "license": null, "record_id": null, "update_time": "2024-11-01T00:00:00.000Z", "confidence": null, "between": null, "provider": "zenodo", "resource": "east_asian_buildings", "version": "2024-11-01"}], "level": null, "height": null, "min_height": null, "is_underground": false, "num_floors": null, "num_floors_underground": null, "min_floor": null, "subtype": null, "class": null, "facade_color": null, "facade_material": null, "roof_material": null, "roof_shape": null, "roof_direction": null, "roof_orientation": null, "roof_color": null, "roof_height": null, "has_parts": false, "version": 1, "bbox": {"xmin": 113.24278259277344, "xmax": 113.24303436279297, "ymin": 23.108369827270508, "ymax": 23.1085262298584}}}, {"type": "Feature", "id": "63c28d4b-39cc-46bd-8e68-e8288a09d87a", "geometry": {"type": "Polygon", "coordinates": [[[113.2435251, 23.1090492], [113.2433371, 23.1090548], [113.2433299, 23.1088507], [113.2435179, 23.1088452], [113.2435251, 23.1090492]]]}, "properties": {"id": "63c28d4b-39cc-46bd-8e68-e8288a09d87a", "names": null, "sources": [{"property": "", "dataset": "OpenStreetMap", "license": "ODbL-1.0", "record_id": "w352610269@1", "update_time": "2015-06-09T14:58:40.000Z", "confidence": null, "between": null, "provider": "osm", "resource": "planet", "version": "2026-09-06T00:00:00.000Z"}], "level": null, "height": null, "min_height": null, "is_underground": false, "num_floors": null, "num_floors_underground": null, "min_floor": null, "subtype": null, "class": null, "facade_color": null, "facade_material": null, "roof_material": null, "roof_shape": null, "roof_direction": null, "roof_orientation": null, "roof_color": null, "roof_height": null, "has_parts": false, "version": 1, "bbox": {"xmin": 113.24331665039062, "xmax": 113.24353790283203, "ymin": 23.108844757080078, "ymax": 23.109058380126953}}}, {"type": "Feature", "id": "4a4d0c05-fc58-44a3-962e-e7d27ee9003c", "geometry": {"type": "Polygon", "coordinates": [[[113.2432806, 23.1090429], [113.2430477, 23.1090498], [113.2430409, 23.1088554], [113.2432738, 23.1088485], [113.2432806, 23.1090429]]]}, "properties": {"id": "4a4d0c05-fc58-44a3-962e-e7d27ee9003c", "names": null, "sources": [{"property": "", "dataset": "OpenStreetMap", "license": "ODbL-1.0", "record_id": "w352610277@1", "update_time": "2015-06-09T14:58:41.000Z", "confidence": null, "between": null, "provider": "osm", "resource": "planet", "version": "2026-09-06T00:00:00.000Z"}], "level": null, "height": null, "min_height": null, "is_underground": false, "num_floors": null, "num_floors_underground": null, "min_floor": null, "subtype": null, "class": null, "facade_color": null, "facade_material": null, "roof_material": null, "roof_shape": null, "roof_direction": null, "roof_orientation": null, "roof_color": null, "roof_height": null, "has_parts": false, "version": 1, "bbox": {"xmin": 113.24302673339844, "xmax": 113.24329376220703, "ymin": 23.10884666442871, "ymax": 23.109050750732422}}}, {"type": "Feature", "id": "141970c7-7a04-41e5-ba82-a1eda0a0b2ed", "geometry": {"type": "Polygon", "coordinates": [[[113.2427206, 23.108721], [113.2427207, 23.108774], [113.2426544, 23.1087751], [113.2426544, 23.1087222], [113.2427206, 23.108721]]]}, "properties": {"id": "141970c7-7a04-41e5-ba82-a1eda0a0b2ed", "names": null, "sources": [{"property": "", "dataset": "doi:10.5281/zenodo.8174931", "license": null, "record_id": null, "update_time": "2024-11-01T00:00:00.000Z", "confidence": null, "between": null, "provider": "zenodo", "resource": "east_asian_buildings", "version": "2024-11-01"}], "level": null, "height": null, "min_height": null, "is_underground": false, "num_floors": null, "num_floors_underground": null, "min_floor": null, "subtype": null, "class": null, "facade_color": null, "facade_material": null, "roof_material": null, "roof_shape": null, "roof_direction": null, "roof_orientation": null, "roof_color": null, "roof_height": null, "has_parts": false, "version": 1, "bbox": {"xmin": 113.2426528930664, "xmax": 113.24272155761719, "ymin": 23.108720779418945, "ymax": 23.10877799987793}}}, {"type": "Feature", "id": "d42e002b-e5e9-471a-b05b-8c4e32edd03d", "geometry": {"type": "Polygon", "coordinates": [[[113.2424635, 23.1085345], [113.2424736, 23.1086323], [113.2423713, 23.1086411], [113.2423602, 23.1085424], [113.2424635, 23.1085345]]]}, "properties": {"id": "d42e002b-e5e9-471a-b05b-8c4e32edd03d", "names": null, "sources": [{"property": "", "dataset": "doi:10.5281/zenodo.8174931", "license": null, "record_id": null, "update_time": "2024-11-01T00:00:00.000Z", "confidence": null, "between": null, "provider": "zenodo", "resource": "east_asian_buildings", "version": "2024-11-01"}], "level": null, "height": null, "min_height": null, "is_underground": false, "num_floors": null, "num_floors_underground": null, "min_floor": null, "subtype": null, "class": null, "facade_color": null, "facade_material": null, "roof_material": null, "roof_shape": null, "roof_direction": null, "roof_orientation": null, "roof_color": null, "roof_height": null, "has_parts": false, "version": 1, "bbox": {"xmin": 113.24234771728516, "xmax": 113.24248504638672, "ymin": 23.10853385925293, "ymax": 23.108644485473633}}}, {"type": "Feature", "id": "43fc6be4-d8d7-4af8-93f6-a773b541e007", "geometry": {"type": "Polygon", "coordinates": [[[113.2423441, 23.1085016], [113.2423583, 23.1086594], [113.2422599, 23.1086671], [113.2422447, 23.1085114], [113.2423441, 23.1085016]]]}, "properties": {"id": "43fc6be4-d8d7-4af8-93f6-a773b541e007", "names": null, "sources": [{"property": "", "dataset": "doi:10.5281/zenodo.8174931", "license": null, "record_id": null, "update_time": "2024-11-01T00:00:00.000Z", "confidence": null, "between": null, "provider": "zenodo", "resource": "east_asian_buildings", "version": "2024-11-01"}], "level": null, "height": null, "min_height": null, "is_underground": false, "num_floors": null, "num_floors_underground": null, "min_floor": null, "subtype": null, "class": null, "facade_color": null, "facade_material": null, "roof_material": null, "roof_shape": null, "roof_direction": null, "roof_orientation": null, "roof_color": null, "roof_height": null, "has_parts": false, "version": 1, "bbox": {"xmin": 113.24224090576172, "xmax": 113.24237060546875, "ymin": 23.108501434326172, "ymax": 23.108667373657227}}}, {"type": "Feature", "id": "89dc16e1-47d9-44a9-abf9-796140d092b8", "geometry": {"type": "Polygon", "coordinates": [[[113.2422597, 23.1087535], [113.2422047, 23.1087555], [113.242201, 23.1086684], [113.242256, 23.1086665], [113.2422597, 23.1087535]]]}, "properties": {"id": "89dc16e1-47d9-44a9-abf9-796140d092b8", "names": null, "sources": [{"property": "", "dataset": "OpenStreetMap", "license": "ODbL-1.0", "record_id": "w509641343@1", "update_time": "2017-07-23T15:51:22.000Z", "confidence": null, "between": null, "provider": "osm", "resource": "planet", "version": "2026-09-06T00:00:00.000Z"}], "level": null, "height": null, "min_height": null, "is_underground": false, "num_floors": null, "num_floors_underground": null, "min_floor": null, "subtype": null, "class": null, "facade_color": null, "facade_material": null, "roof_material": null, "roof_shape": null, "roof_direction": null, "roof_orientation": null, "roof_color": null, "roof_height": null, "has_parts": false, "version": 1, "bbox": {"xmin": 113.2421875, "xmax": 113.24227142333984, "ymin": 23.10866355895996, "ymax": 23.1087589263916}}}, {"type": "Feature", "id": "9c80a32a-db72-4bc2-b898-1706da4e5cd8", "geometry": {"type": "Polygon", "coordinates": [[[113.24248, 23.109032], [113.2422158, 23.1090398], [113.2422084, 23.1088281], [113.2424726, 23.1088202], [113.24248, 23.109032]]]}, "properties": {"id": "9c80a32a-db72-4bc2-b898-1706da4e5cd8", "names": null, "sources": [{"property": "", "dataset": "OpenStreetMap", "license": "ODbL-1.0", "record_id": "w352610261@1", "update_time": "2015-06-09T14:58:40.000Z", "confidence": null, "between": null, "provider": "osm", "resource": "planet", "version": "2026-09-06T00:00:00.000Z"}], "level": null, "height": null, "min_height": null, "is_underground": false, "num_floors": null, "num_floors_underground": null, "min_floor": null, "subtype": null, "class": null, "facade_color": null, "facade_material": null, "roof_material": null, "roof_shape": null, "roof_direction": null, "roof_orientation": null, "roof_color": null, "roof_height": null, "has_parts": false, "version": 1, "bbox": {"xmin": 113.24219512939453, "xmax": 113.24249267578125, "ymin": 23.10881996154785, "ymax": 23.10904312133789}}}, {"type": "Feature", "id": "a689c0c3-ff94-486b-8110-d45b35533ce6", "geometry": {"type": "Polygon", "coordinates": [[[113.2423358, 23.1091803], [113.2423329, 23.1090985], [113.2424733, 23.1090944], [113.2424762, 23.1091762], [113.2423358, 23.1091803]]]}, "properties": {"id": "a689c0c3-ff94-486b-8110-d45b35533ce6", "names": null, "sources": [{"property": "", "dataset": "OpenStreetMap", "license": "ODbL-1.0", "record_id": "w352610267@1", "update_time": "2015-06-09T14:58:40.000Z", "confidence": null, "between": null, "provider": "osm", "resource": "planet", "version": "2026-09-06T00:00:00.000Z"}], "level": null, "height": null, "min_height": null, "is_underground": false, "num_floors": null, "num_floors_underground": null, "min_floor": null, "subtype": null, "class": null, "facade_color": null, "facade_material": null, "roof_material": null, "roof_shape": null, "roof_direction": null, "roof_orientation": null, "roof_color": null, "roof_height": null, "has_parts": false, "version": 1, "bbox": {"xmin": 113.2423324584961, "xmax": 113.24247741699219, "ymin": 23.10909080505371, "ymax": 23.109180450439453}}}, {"type": "Feature", "id": "d10556a2-848a-4553-9ebd-0624cb34e95d", "geometry": {"type": "Polygon", "coordinates": [[[113.2427434, 23.1090996], [113.242516, 23.1091063], [113.2425075, 23.1088619], [113.2427348, 23.1088552], [113.2427434, 23.1090996]]]}, "properties": {"id": "d10556a2-848a-4553-9ebd-0624cb34e95d", "names": {"primary": "广东外事博物馆", "common": [["en", "Guangdong Foreign Affairs Museum"]], "rules": null}, "sources": [{"property": "", "dataset": "OpenStreetMap", "license": "ODbL-1.0", "record_id": "w352610325@3", "update_time": "2023-08-23T12:11:11.000Z", "confidence": null, "between": null, "provider": "osm", "resource": "planet", "version": "2026-09-06T00:00:00.000Z"}], "level": null, "height": null, "min_height": null, "is_underground": false, "num_floors": null, "num_floors_underground": null, "min_floor": null, "subtype": "entertainment", "class": null, "facade_color": null, "facade_material": null, "roof_material": null, "roof_shape": null, "roof_direction": null, "roof_orientation": null, "roof_color": null, "roof_height": null, "has_parts": false, "version": 1, "bbox": {"xmin": 113.24249267578125, "xmax": 113.24274444580078, "ymin": 23.108854293823242, "ymax": 23.10910987854004}}}, {"type": "Feature", "id": "4be00a54-4e66-4929-bf42-c1d9b0963845", "geometry": {"type": "Polygon", "coordinates": [[[113.2427646, 23.1091943], [113.2425043, 23.1092021], [113.2425024, 23.1091462], [113.2427626, 23.1091385], [113.2427646, 23.1091943]]]}, "properties": {"id": "4be00a54-4e66-4929-bf42-c1d9b0963845", "names": null, "sources": [{"property": "", "dataset": "OpenStreetMap", "license": "ODbL-1.0", "record_id": "w352610307@1", "update_time": "2015-06-09T14:58:42.000Z", "confidence": null, "between": null, "provider": "osm", "resource": "planet", "version": "2026-09-06T00:00:00.000Z"}], "level": null, "height": null, "min_height": null, "is_underground": false, "num_floors": null, "num_floors_underground": null, "min_floor": null, "subtype": null, "class": null, "facade_color": null, "facade_material": null, "roof_material": null, "roof_shape": null, "roof_direction": null, "roof_orientation": null, "roof_color": null, "roof_height": null, "has_parts": false, "version": 1, "bbox": {"xmin": 113.24250030517578, "xmax": 113.24276733398438, "ymin": 23.10913848876953, "ymax": 23.10920524597168}}}, {"type": "Feature", "id": "9df4981f-c70f-4c99-a3c1-16490348467f", "geometry": {"type": "Polygon", "coordinates": [[[113.2424495, 23.1092151], [113.2424552, 23.1093011], [113.2424345, 23.1093023], [113.2424288, 23.1092163], [113.2424495, 23.1092151]]]}, "properties": {"id": "9df4981f-c70f-4c99-a3c1-16490348467f", "names": null, "sources": [{"property": "", "dataset": "doi:10.5281/zenodo.8174931", "license": null, "record_id": null, "update_time": "2024-11-01T00:00:00.000Z", "confidence": null, "between": null, "provider": "zenodo", "resource": "east_asian_buildings", "version": "2024-11-01"}], "level": null, "height": null, "min_height": null, "is_underground": false, "num_floors": null, "num_floors_underground": null, "min_floor": null, "subtype": null, "class": null, "facade_color": null, "facade_material": null, "roof_material": null, "roof_shape": null, "roof_direction": null, "roof_orientation": null, "roof_color": null, "roof_height": null, "has_parts": false, "version": 1, "bbox": {"xmin": 113.24241638183594, "xmax": 113.24246978759766, "ymin": 23.109214782714844, "ymax": 23.109302520751953}}}, {"type": "Feature", "id": "6d3080fd-4a9b-465b-a3b7-fd85a81cbd01", "geometry": {"type": "Polygon", "coordinates": [[[113.2424225, 23.1095765], [113.2422767, 23.1095808], [113.2422638, 23.1092134], [113.2424097, 23.1092091], [113.2424225, 23.1095765]]]}, "properties": {"id": "6d3080fd-4a9b-465b-a3b7-fd85a81cbd01", "names": null, "sources": [{"property": "", "dataset": "OpenStreetMap", "license": "ODbL-1.0", "record_id": "w352610293@1", "update_time": "2015-06-09T14:58:41.000Z", "confidence": null, "between": null, "provider": "osm", "resource": "planet", "version": "2026-09-06T00:00:00.000Z"}], "level": null, "height": null, "min_height": null, "is_underground": false, "num_floors": null, "num_floors_underground": null, "min_floor": null, "subtype": null, "class": null, "facade_color": null, "facade_material": null, "roof_material": null, "roof_shape": null, "roof_direction": null, "roof_orientation": null, "roof_color": null, "roof_height": null, "has_parts": false, "version": 1, "bbox": {"xmin": 113.24226379394531, "xmax": 113.24242401123047, "ymin": 23.109209060668945, "ymax": 23.109580993652344}}}, {"type": "Feature", "id": "aa1c8860-d86f-4faa-92c3-510954cde573", "geometry": {"type": "Polygon", "coordinates": [[[113.2427645, 23.1094989], [113.2425401, 23.1095055], [113.2425331, 23.1093051], [113.2427575, 23.1092985], [113.2427645, 23.1094989]]]}, "properties": {"id": "aa1c8860-d86f-4faa-92c3-510954cde573", "names": null, "sources": [{"property": "", "dataset": "OpenStreetMap", "license": "ODbL-1.0", "record_id": "w352610302@1", "update_time": "2015-06-09T14:58:42.000Z", "confidence": null, "between": null, "provider": "osm", "resource": "planet", "version": "2026-09-06T00:00:00.000Z"}], "level": null, "height": null, "min_height": null, "is_underground": false, "num_floors": null, "num_floors_underground": null, "min_floor": null, "subtype": null, "class": null, "facade_color": null, "facade_material": null, "roof_material": null, "roof_shape": null, "roof_direction": null, "roof_orientation": null, "roof_color": null, "roof_height": null, "has_parts": false, "version": 1, "bbox": {"xmin": 113.2425308227539, "xmax": 113.24276733398438, "ymin": 23.109294891357422, "ymax": 23.109508514404297}}}, {"type": "Feature", "id": "81454289-55f7-49b1-acb3-895dd5bc2726", "geometry": {"type": "Polygon", "coordinates": [[[113.243002, 23.1095398], [113.2428028, 23.1095457], [113.242798, 23.1094081], [113.2429972, 23.1094022], [113.243002, 23.1095398]]]}, "properties": {"id": "81454289-55f7-49b1-acb3-895dd5bc2726", "names": null, "sources": [{"property": "", "dataset": "OpenStreetMap", "license": "ODbL-1.0", "record_id": "w352610306@2", "update_time": "2021-09-11T17:27:35.000Z", "confidence": null, "between": null, "provider": "osm", "resource": "planet", "version": "2026-09-06T00:00:00.000Z"}], "level": null, "height": null, "min_height": null, "is_underground": false, "num_floors": 4, "num_floors_underground": null, "min_floor": null, "subtype": null, "class": null, "facade_color": null, "facade_material": null, "roof_material": null, "roof_shape": null, "roof_direction": null, "roof_orientation": null, "roof_color": null, "roof_height": null, "has_parts": false, "version": 1, "bbox": {"xmin": 113.2427978515625, "xmax": 113.24300384521484, "ymin": 23.10940170288086, "ymax": 23.109548568725586}}}, {"type": "Feature", "id": "e58f28c2-7779-4c6a-9b9b-789d1956000b", "geometry": {"type": "Polygon", "coordinates": [[[113.2434861, 23.1096504], [113.2434939, 23.1097951], [113.2432727, 23.1098052], [113.2432649, 23.1096605], [113.2434861, 23.1096504]]]}, "properties": {"id": "e58f28c2-7779-4c6a-9b9b-789d1956000b", "names": null, "sources": [{"property": "", "dataset": "OpenStreetMap", "license": "ODbL-1.0", "record_id": "w982039502@1", "update_time": "2021-09-11T17:27:03.000Z", "confidence": null, "between": null, "provider": "osm", "resource": "planet", "version": "2026-09-06T00:00:00.000Z"}], "level": null, "height": null, "min_height": null, "is_underground": false, "num_floors": 2, "num_floors_underground": null, "min_floor": null, "subtype": "commercial", "class": "retail", "facade_color": null, "facade_material": null, "roof_material": null, "roof_shape": null, "roof_direction": null, "roof_orientation": null, "roof_color": null, "roof_height": null, "has_parts": false, "version": 1, "bbox": {"xmin": 113.2432632446289, "xmax": 113.2435073852539, "ymin": 23.109649658203125, "ymax": 23.109806060791016}}}, {"type": "Feature", "id": "6e9bb986-9e24-4e56-a1ae-0a8247120135", "geometry": {"type": "Polygon", "coordinates": [[[113.243293, 23.1095362], [113.2430568, 23.1095431], [113.2430533, 23.1094443], [113.2432895, 23.1094373], [113.243293, 23.1095362]]]}, "properties": {"id": "6e9bb986-9e24-4e56-a1ae-0a8247120135", "names": null, "sources": [{"property": "", "dataset": "OpenStreetMap", "license": "ODbL-1.0", "record_id": "w352610304@2", "update_time": "2021-09-11T17:27:35.000Z", "confidence": null, "between": null, "provider": "osm", "resource": "planet", "version": "2026-09-06T00:00:00.000Z"}], "level": null, "height": null, "min_height": null, "is_underground": false, "num_floors": 4, "num_floors_underground": null, "min_floor": null, "subtype": null, "class": null, "facade_color": null, "facade_material": null, "roof_material": null, "roof_shape": null, "roof_direction": null, "roof_orientation": null, "roof_color": null, "roof_height": null, "has_parts": false, "version": 1, "bbox": {"xmin": 113.24304962158203, "xmax": 113.24329376220703, "ymin": 23.109434127807617, "ymax": 23.109546661376953}}}, {"type": "Feature", "id": "11a3de1e-7e55-4b99-8925-41822645705b", "geometry": {"type": "Polygon", "coordinates": [[[113.243458, 23.1093729], [113.2434599, 23.1094303], [113.2433771, 23.1094327], [113.2433752, 23.1093752], [113.243458, 23.1093729]]]}, "properties": {"id": "11a3de1e-7e55-4b99-8925-41822645705b", "names": null, "sources": [{"property": "", "dataset": "doi:10.5281/zenodo.8174931", "license": null, "record_id": null, "update_time": "2024-11-01T00:00:00.000Z", "confidence": null, "between": null, "provider": "zenodo", "resource": "east_asian_buildings", "version": "2024-11-01"}], "level": null, "height": null, "min_height": null, "is_underground": false, "num_floors": null, "num_floors_underground": null, "min_floor": null, "subtype": null, "class": null, "facade_color": null, "facade_material": null, "roof_material": null, "roof_shape": null, "roof_direction": null, "roof_orientation": null, "roof_color": null, "roof_height": null, "has_parts": false, "version": 1, "bbox": {"xmin": 113.24336242675781, "xmax": 113.24346160888672, "ymin": 23.1093692779541, "ymax": 23.10943603515625}}}, {"type": "Feature", "id": "14fb0504-abfc-4c77-9685-7f0838beeefa", "geometry": {"type": "Polygon", "coordinates": [[[113.2433279, 23.1093297], [113.2433244, 23.1091191], [113.2434693, 23.109117], [113.2434728, 23.1093277], [113.2433279, 23.1093297]]]}, "properties": {"id": "14fb0504-abfc-4c77-9685-7f0838beeefa", "names": null, "sources": [{"property": "", "dataset": "doi:10.5281/zenodo.8174931", "license": null, "record_id": null, "update_time": "2024-11-01T00:00:00.000Z", "confidence": null, "between": null, "provider": "zenodo", "resource": "east_asian_buildings", "version": "2024-11-01"}], "level": null, "height": null, "min_height": null, "is_underground": false, "num_floors": null, "num_floors_underground": null, "min_floor": null, "subtype": null, "class": null, "facade_color": null, "facade_material": null, "roof_material": null, "roof_shape": null, "roof_direction": null, "roof_orientation": null, "roof_color": null, "roof_height": null, "has_parts": false, "version": 1, "bbox": {"xmin": 113.24332427978516, "xmax": 113.24348449707031, "ymin": 23.109113693237305, "ymax": 23.109333038330078}}}, {"type": "Feature", "id": "8f060423-7c31-4d01-9a6c-0851ea2b9b4b", "geometry": {"type": "Polygon", "coordinates": [[[113.2433136, 23.1094017], [113.243223, 23.1094044], [113.2432168, 23.1092259], [113.2433074, 23.1092232], [113.2433136, 23.1094017]]]}, "properties": {"id": "8f060423-7c31-4d01-9a6c-0851ea2b9b4b", "names": null, "sources": [{"property": "", "dataset": "OpenStreetMap", "license": "ODbL-1.0", "record_id": "w352610310@1", "update_time": "2015-06-09T14:58:43.000Z", "confidence": null, "between": null, "provider": "osm", "resource": "planet", "version": "2026-09-06T00:00:00.000Z"}], "level": null, "height": null, "min_height": null, "is_underground": false, "num_floors": null, "num_floors_underground": null, "min_floor": null, "subtype": null, "class": null, "facade_color": null, "facade_material": null, "roof_material": null, "roof_shape": null, "roof_direction": null, "roof_orientation": null, "roof_color": null, "roof_height": null, "has_parts": false, "version": 1, "bbox": {"xmin": 113.24320220947266, "xmax": 113.24331665039062, "ymin": 23.109222412109375, "ymax": 23.109407424926758}}}, {"type": "Feature", "id": "8d57a7e6-005c-4052-a27f-2ae645d13f44", "geometry": {"type": "Polygon", "coordinates": [[[113.2430035, 23.109328], [113.2428087, 23.1093338], [113.2428031, 23.1091749], [113.2429979, 23.1091691], [113.2430035, 23.109328]]]}, "properties": {"id": "8d57a7e6-005c-4052-a27f-2ae645d13f44", "names": null, "sources": [{"property": "", "dataset": "OpenStreetMap", "license": "ODbL-1.0", "record_id": "w352610313@1", "update_time": "2015-06-09T14:58:43.000Z", "confidence": null, "between": null, "provider": "osm", "resource": "planet", "version": "2026-09-06T00:00:00.000Z"}], "level": null, "height": null, "min_height": null, "is_underground": false, "num_floors": null, "num_floors_underground": null, "min_floor": null, "subtype": null, "class": null, "facade_color": null, "facade_material": null, "roof_material": null, "roof_shape": null, "roof_direction": null, "roof_orientation": null, "roof_color": null, "roof_height": null, "has_parts": false, "version": 1, "bbox": {"xmin": 113.24279022216797, "xmax": 113.24300384521484, "ymin": 23.109169006347656, "ymax": 23.109336853027344}}}, {"type": "Feature", "id": "c6f19779-4be0-49b1-8841-5c2c3004c9c3", "geometry": {"type": "Polygon", "coordinates": [[[113.2430657, 23.1090673], [113.243066, 23.1091631], [113.2430246, 23.1091632], [113.2430243, 23.1090674], [113.2430657, 23.1090673]]]}, "properties": {"id": "c6f19779-4be0-49b1-8841-5c2c3004c9c3", "names": null, "sources": [{"property": "", "dataset": "doi:10.5281/zenodo.8174931", "license": null, "record_id": null, "update_time": "2024-11-01T00:00:00.000Z", "confidence": null, "between": null, "provider": "zenodo", "resource": "east_asian_buildings", "version": "2024-11-01"}], "level": null, "height": null, "min_height": null, "is_underground": false, "num_floors": null, "num_floors_underground": null, "min_floor": null, "subtype": null, "class": null, "facade_color": null, "facade_material": null, "roof_material": null, "roof_shape": null, "roof_direction": null, "roof_orientation": null, "roof_color": null, "roof_height": null, "has_parts": false, "version": 1, "bbox": {"xmin": 113.24301147460938, "xmax": 113.24308013916016, "ymin": 23.10906410217285, "ymax": 23.109163284301758}}}, {"type": "Feature", "id": "2b0531db-6f37-42fe-bcab-e6de068818b3", "geometry": {"type": "Polygon", "coordinates": [[[113.2430087, 23.1090846], [113.24278, 23.1090914], [113.242772, 23.1088619], [113.2430007, 23.1088552], [113.2430087, 23.1090846]]]}, "properties": {"id": "2b0531db-6f37-42fe-bcab-e6de068818b3", "names": null, "sources": [{"property": "", "dataset": "OpenStreetMap", "license": "ODbL-1.0", "record_id": "w352610279@2", "update_time": "2026-05-06T17:46:56.000Z", "confidence": null, "between": null, "provider": "osm", "resource": "planet", "version": "2026-09-06T00:00:00.000Z"}], "level": null, "height": null, "min_height": null, "is_underground": false, "num_floors": null, "num_floors_underground": null, "min_floor": null, "subtype": null, "class": null, "facade_color": null, "facade_material": null, "roof_material": null, "roof_shape": null, "roof_direction": null, "roof_orientation": null, "roof_color": null, "roof_height": null, "has_parts": false, "version": 1, "bbox": {"xmin": 113.24275970458984, "xmax": 113.24301147460938, "ymin": 23.108854293823242, "ymax": 23.109094619750977}}}, {"type": "Feature", "id": "558a96ae-4d82-451f-8775-7283cf03287e", "geometry": {"type": "Polygon", "coordinates": [[[113.2431813, 23.1090563], [113.243262, 23.1090733], [113.2432528, 23.1091107], [113.2431721, 23.1090937], [113.2431813, 23.1090563]]]}, "properties": {"id": "558a96ae-4d82-451f-8775-7283cf03287e", "names": null, "sources": [{"property": "", "dataset": "doi:10.5281/zenodo.8174931", "license": null, "record_id": null, "update_time": "2024-11-01T00:00:00.000Z", "confidence": null, "between": null, "provider": "zenodo", "resource": "east_asian_buildings", "version": "2024-11-01"}], "level": null, "height": null, "min_height": null, "is_underground": false, "num_floors": null, "num_floors_underground": null, "min_floor": null, "subtype": null, "class": null, "facade_color": null, "facade_material": null, "roof_material": null, "roof_shape": null, "roof_direction": null, "roof_orientation": null, "roof_color": null, "roof_height": null, "has_parts": false, "version": 1, "bbox": {"xmin": 113.24317169189453, "xmax": 113.2432632446289, "ymin": 23.109052658081055, "ymax": 23.109113693237305}}}, {"type": "Feature", "id": "e70e913f-5d83-42a8-8eab-a0c3439e916d", "geometry": {"type": "Polygon", "coordinates": [[[113.24358, 23.1091108], [113.2435811, 23.1091588], [113.2434958, 23.1091603], [113.2434947, 23.1091123], [113.24358, 23.1091108]]]}, "properties": {"id": "e70e913f-5d83-42a8-8eab-a0c3439e916d", "names": null, "sources": [{"property": "", "dataset": "doi:10.5281/zenodo.8174931", "license": null, "record_id": null, "update_time": "2024-11-01T00:00:00.000Z", "confidence": null, "between": null, "provider": "zenodo", "resource": "east_asian_buildings", "version": "2024-11-01"}], "level": null, "height": null, "min_height": null, "is_underground": false, "num_floors": null, "num_floors_underground": null, "min_floor": null, "subtype": null, "class": null, "facade_color": null, "facade_material": null, "roof_material": null, "roof_shape": null, "roof_direction": null, "roof_orientation": null, "roof_color": null, "roof_height": null, "has_parts": false, "version": 1, "bbox": {"xmin": 113.24349212646484, "xmax": 113.24358367919922, "ymin": 23.10910987854004, "ymax": 23.109163284301758}}}, {"type": "Feature", "id": "49225327-ca09-421c-8e21-f9204af4b1a0", "geometry": {"type": "Polygon", "coordinates": [[[113.2437727, 23.1091001], [113.2436764, 23.1091021], [113.2436329, 23.1090711], [113.2436173, 23.1090862], [113.2435599, 23.1090477], [113.2435591, 23.1089165], [113.2436083, 23.10886], [113.2436329, 23.1088766], [113.2436468, 23.1088607], [113.2438267, 23.1090028], [113.2438103, 23.109018], [113.2438338, 23.1090396], [113.2437727, 23.1091001]]]}, "properties": {"id": "49225327-ca09-421c-8e21-f9204af4b1a0", "names": null, "sources": [{"property": "", "dataset": "OpenStreetMap", "license": "ODbL-1.0", "record_id": "w509641341@2", "update_time": "2026-05-06T17:46:56.000Z", "confidence": null, "between": null, "provider": "osm", "resource": "planet", "version": "2026-09-06T00:00:00.000Z"}], "level": null, "height": null, "min_height": null, "is_underground": false, "num_floors": null, "num_floors_underground": null, "min_floor": null, "subtype": null, "class": null, "facade_color": null, "facade_material": null, "roof_material": null, "roof_shape": null, "roof_direction": null, "roof_orientation": null, "roof_color": null, "roof_height": null, "has_parts": false, "version": 1, "bbox": {"xmin": 113.24354553222656, "xmax": 113.24383544921875, "ymin": 23.108858108520508, "ymax": 23.109102249145508}}}, {"type": "Feature", "id": "ca9d454a-8ea9-4b23-bbc3-87734c011b7d", "geometry": {"type": "Polygon", "coordinates": [[[113.243668, 23.1095388], [113.2436554, 23.1091779], [113.2438236, 23.1091729], [113.2438362, 23.1095338], [113.243668, 23.1095388]]]}, "properties": {"id": "ca9d454a-8ea9-4b23-bbc3-87734c011b7d", "names": {"primary": "旧摩罗叉公寓", "common": [["zh", "旧摩罗叉公寓"]], "rules": null}, "sources": [{"property": "", "dataset": "OpenStreetMap", "license": "ODbL-1.0", "record_id": "w352610272@5", "update_time": "2026-06-18T09:43:47.000Z", "confidence": null, "between": null, "provider": "osm", "resource": "planet", "version": "2026-09-06T00:00:00.000Z"}], "level": null, "height": null, "min_height": null, "is_underground": false, "num_floors": 2, "num_floors_underground": null, "min_floor": null, "subtype": "commercial", "class": "retail", "facade_color": "#F6F0D0", "facade_material": null, "roof_material": null, "roof_shape": null, "roof_direction": null, "roof_orientation": null, "roof_color": null, "roof_height": null, "has_parts": false, "version": 2, "bbox": {"xmin": 113.24365234375, "xmax": 113.24385070800781, "ymin": 23.109172821044922, "ymax": 23.109539031982422}}}, {"type": "Feature", "id": "c37126f4-6575-42ad-b272-6a2bd8ab6570", "geometry": {"type": "Polygon", "coordinates": [[[113.2438517, 23.1097805], [113.2434939, 23.1097951], [113.2434861, 23.1096504], [113.2438463, 23.1096325], [113.2438517, 23.1097805]]]}, "properties": {"id": "c37126f4-6575-42ad-b272-6a2bd8ab6570", "names": null, "sources": [{"property": "", "dataset": "OpenStreetMap", "license": "ODbL-1.0", "record_id": "w982039450@1", "update_time": "2021-09-11T17:27:03.000Z", "confidence": null, "between": null, "provider": "osm", "resource": "planet", "version": "2026-09-06T00:00:00.000Z"}], "level": null, "height": null, "min_height": null, "is_underground": false, "num_floors": 3, "num_floors_underground": null, "min_floor": null, "subtype": "commercial", "class": "retail", "facade_color": null, "facade_material": null, "roof_material": null, "roof_shape": null, "roof_direction": null, "roof_orientation": null, "roof_color": null, "roof_height": null, "has_parts": false, "version": 1, "bbox": {"xmin": 113.24348449707031, "xmax": 113.24386596679688, "ymin": 23.10963249206543, "ymax": 23.109798431396484}}}, {"type": "Feature", "id": "d938e0f4-a596-42ed-9b1e-2788ece2b13d", "geometry": {"type": "Polygon", "coordinates": [[[113.243903, 23.1065681], [113.2440083, 23.1065938], [113.2440571, 23.106449], [113.2442237, 23.1065045], [113.2441523, 23.1066855], [113.2440787, 23.106707], [113.2439875, 23.1067259], [113.2438624, 23.1066876], [113.243903, 23.1065681]]]}, "properties": {"id": "d938e0f4-a596-42ed-9b1e-2788ece2b13d", "names": null, "sources": [{"property": "", "dataset": "OpenStreetMap", "license": "ODbL-1.0", "record_id": "w932725418@2", "update_time": "2021-05-25T06:22:39.000Z", "confidence": null, "between": null, "provider": "osm", "resource": "planet", "version": "2026-09-06T00:00:00.000Z"}], "level": null, "height": null, "min_height": null, "is_underground": false, "num_floors": 20, "num_floors_underground": null, "min_floor": null, "subtype": "residential", "class": "residential", "facade_color": null, "facade_material": null, "roof_material": null, "roof_shape": null, "roof_direction": null, "roof_orientation": null, "roof_color": null, "roof_height": null, "has_parts": false, "version": 1, "bbox": {"xmin": 113.24385070800781, "xmax": 113.24422454833984, "ymin": 23.1064453125, "ymax": 23.10672950744629}}}, {"type": "Feature", "id": "43a9ed87-965d-47d2-93b5-4cbd8712242b", "geometry": {"type": "Polygon", "coordinates": [[[113.2438163, 23.1066762], [113.2435351, 23.1065602], [113.2436008, 23.1064255], [113.243882, 23.1065414], [113.2438163, 23.1066762]]]}, "properties": {"id": "43a9ed87-965d-47d2-93b5-4cbd8712242b", "names": null, "sources": [{"property": "", "dataset": "OpenStreetMap", "license": "ODbL-1.0", "record_id": "w946720116@1", "update_time": "2021-05-25T06:22:39.000Z", "confidence": null, "between": null, "provider": "osm", "resource": "planet", "version": "2026-09-06T00:00:00.000Z"}], "level": null, "height": null, "min_height": null, "is_underground": false, "num_floors": 12, "num_floors_underground": null, "min_floor": null, "subtype": "commercial", "class": "office", "facade_color": null, "facade_material": null, "roof_material": null, "roof_shape": null, "roof_direction": null, "roof_orientation": null, "roof_color": null, "roof_height": null, "has_parts": false, "version": 1, "bbox": {"xmin": 113.24352264404297, "xmax": 113.243896484375, "ymin": 23.106422424316406, "ymax": 23.106678009033203}}}, {"type": "Feature", "id": "f3c13cb1-2fef-4e09-9be0-e4324eb82705", "geometry": {"type": "Polygon", "coordinates": [[[113.2432431, 23.106476], [113.2432976, 23.1065036], [113.2432728, 23.1065456], [113.2432183, 23.106518], [113.2432431, 23.106476]]]}, "properties": {"id": "f3c13cb1-2fef-4e09-9be0-e4324eb82705", "names": null, "sources": [{"property": "", "dataset": "doi:10.5281/zenodo.8174931", "license": null, "record_id": null, "update_time": "2024-11-01T00:00:00.000Z", "confidence": null, "between": null, "provider": "zenodo", "resource": "east_asian_buildings", "version": "2024-11-01"}], "level": null, "height": null, "min_height": null, "is_underground": false, "num_floors": null, "num_floors_underground": null, "min_floor": null, "subtype": null, "class": null, "facade_color": null, "facade_material": null, "roof_material": null, "roof_shape": null, "roof_direction": null, "roof_orientation": null, "roof_color": null, "roof_height": null, "has_parts": false, "version": 1, "bbox": {"xmin": 113.24321746826172, "xmax": 113.24330139160156, "ymin": 23.106475830078125, "ymax": 23.10654640197754}}}, {"type": "Feature", "id": "82a90ca5-8ebb-4435-9013-4761f0c17d75", "geometry": {"type": "Polygon", "coordinates": [[[113.2436027, 23.1063565], [113.243526, 23.1065212], [113.24311, 23.1063575], [113.2431866, 23.1061928], [113.2436027, 23.1063565]]]}, "properties": {"id": "82a90ca5-8ebb-4435-9013-4761f0c17d75", "names": {"primary": "海星大厦", "common": null, "rules": null}, "sources": [{"property": "", "dataset": "OpenStreetMap", "license": "ODbL-1.0", "record_id": "w932717800@1", "update_time": "2021-05-25T06:22:39.000Z", "confidence": null, "between": null, "provider": "osm", "resource": "planet", "version": "2026-09-06T00:00:00.000Z"}], "level": null, "height": null, "min_height": null, "is_underground": false, "num_floors": 15, "num_floors_underground": null, "min_floor": null, "subtype": "commercial", "class": "office", "facade_color": null, "facade_material": null, "roof_material": null, "roof_shape": null, "roof_direction": null, "roof_orientation": null, "roof_color": null, "roof_height": null, "has_parts": false, "version": 1, "bbox": {"xmin": 113.24309539794922, "xmax": 113.24361419677734, "ymin": 23.106189727783203, "ymax": 23.106521606445312}}}, {"type": "Feature", "id": "fa379e4e-84b6-40d1-a219-58032e18dab9", "geometry": {"type": "Polygon", "coordinates": [[[113.2435779, 23.1061713], [113.2436825, 23.1059492], [113.2441117, 23.1060973], [113.2439481, 23.1065117], [113.243822, 23.1064772], [113.2438946, 23.1063187], [113.2437362, 23.1062724], [113.2437603, 23.106233], [113.2435779, 23.1061713]]]}, "properties": {"id": "fa379e4e-84b6-40d1-a219-58032e18dab9", "names": null, "sources": [{"property": "", "dataset": "OpenStreetMap", "license": "ODbL-1.0", "record_id": "w946720117@1", "update_time": "2021-05-25T06:22:39.000Z", "confidence": null, "between": null, "provider": "osm", "resource": "planet", "version": "2026-09-06T00:00:00.000Z"}], "level": null, "height": null, "min_height": null, "is_underground": false, "num_floors": 5, "num_floors_underground": null, "min_floor": null, "subtype": "residential", "class": "residential", "facade_color": null, "facade_material": null, "roof_material": null, "roof_shape": null, "roof_direction": null, "roof_orientation": null, "roof_color": null, "roof_height": null, "has_parts": false, "version": 1, "bbox": {"xmin": 113.24357604980469, "xmax": 113.24412536621094, "ymin": 23.105945587158203, "ymax": 23.10651206970215}}}, {"type": "Feature", "id": "2ea5ebd6-82c5-48e3-8601-f3ce20301b9a", "geometry": {"type": "Polygon", "coordinates": [[[113.2449824, 23.1067258], [113.2449483, 23.1068278], [113.2447223, 23.106764], [113.2449482, 23.1060871], [113.2451835, 23.1061544], [113.2451487, 23.1062585], [113.2450176, 23.1062206], [113.2450089, 23.1062468], [113.2451444, 23.106285], [113.2451112, 23.1063846], [113.2449532, 23.10634], [113.2449302, 23.1064089], [113.2450698, 23.1064483], [113.2450507, 23.1065055], [113.2448891, 23.1064599], [113.2448582, 23.1065525], [113.2450284, 23.1066005], [113.2450068, 23.1066652], [113.2448432, 23.106619], [113.2448226, 23.1066807], [113.2449824, 23.1067258]]]}, "properties": {"id": "2ea5ebd6-82c5-48e3-8601-f3ce20301b9a", "names": {"primary": "海鸣坊", "common": null, "rules": null}, "sources": [{"property": "", "dataset": "OpenStreetMap", "license": "ODbL-1.0", "record_id": "w946728429@1", "update_time": "2025-12-21T17:50:16.000Z", "confidence": null, "between": null, "provider": "osm", "resource": "planet", "version": "2026-09-06T00:00:00.000Z"}], "level": null, "height": null, "min_height": null, "is_underground": false, "num_floors": 12, "num_floors_underground": null, "min_floor": null, "subtype": "commercial", "class": "commercial", "facade_color": null, "facade_material": null, "roof_material": null, "roof_shape": null, "roof_direction": null, "roof_orientation": null, "roof_color": null, "roof_height": null, "has_parts": false, "version": 2, "bbox": {"xmin": 113.24472045898438, "xmax": 113.24518585205078, "ymin": 23.10608673095703, "ymax": 23.106828689575195}}}, {"type": "Feature", "id": "d8b84967-8fa5-4958-860e-a7e6d8e59277", "geometry": {"type": "Polygon", "coordinates": [[[113.2455281, 23.1069997], [113.2450384, 23.1068715], [113.2452476, 23.1061472], [113.2457464, 23.106267], [113.2455281, 23.1069997]]]}, "properties": {"id": "d8b84967-8fa5-4958-860e-a7e6d8e59277", "names": {"primary": "南美酒店", "common": [["zh", "南美酒店"]], "rules": null}, "sources": [{"property": "", "dataset": "OpenStreetMap", "license": "ODbL-1.0", "record_id": "w527295764@5", "update_time": "2021-04-20T05:07:42.000Z", "confidence": null, "between": null, "provider": "osm", "resource": "planet", "version": "2026-09-06T00:00:00.000Z"}], "level": null, "height": null, "min_height": null, "is_underground": false, "num_floors": 6, "num_floors_underground": null, "min_floor": null, "subtype": "commercial", "class": "hotel", "facade_color": null, "facade_material": null, "roof_material": null, "roof_shape": null, "roof_direction": null, "roof_orientation": null, "roof_color": null, "roof_height": null, "has_parts": false, "version": 1, "bbox": {"xmin": 113.24502563476562, "xmax": 113.24575805664062, "ymin": 23.106143951416016, "ymax": 23.10700035095215}}}]}